YEAR,MO,DY,PRECTOTCORR,T2M,RH2M,WS2M,DATE,RAIN_3DAY,RAIN_7DAY,RAIN_14DAY,RAIN_INTENSITY,TEMP_HUMIDITY,WIND_RAIN,PRECTOTCORR_LAG1,PRECTOTCORR_LAG2,API_7DAY,FLASH_FLOOD_OCCURRED,LABEL_REASON
2015,1,1,0.0,13.59,40.59,1.48,2015-01-01,0.0,0.0,0.0,0.0,551.6181,0.0,0.0,0.0,0.0,0,Normal / No Flood
2015,1,2,3.0,13.08,54.06,1.4,2015-01-02,3.0,3.0,3.0,1.0,707.1048000000001,4.199999999999999,0.0,0.0,0.0,0,Normal / No Flood
2015,1,3,7.39,11.14,71.78,1.15,2015-01-03,10.39,10.39,10.39,0.7112608277189605,799.6292000000001,8.498499999999998,3.0,0.0,2.55,0,Normal / No Flood
2015,1,4,0.1,9.6,63.98,1.85,2015-01-04,10.49,10.49,10.49,0.0095328884652049,614.208,0.185,7.39,3.0,8.448999999999998,0,Normal / No Flood
2015,1,5,0.0,10.24,43.78,2.17,2015-01-05,7.489999999999999,10.49,10.49,0.0,448.3072,0.0,0.1,7.39,7.2666499999999985,0,Normal / No Flood
2015,1,6,0.0,12.08,41.79,1.8,2015-01-06,0.1,10.49,10.49,0.0,504.8232,0.0,0.0,0.1,6.176652499999999,0,Normal / No Flood
2015,1,7,0.0,10.64,45.12,1.81,2015-01-07,0.0,10.49,10.49,0.0,480.0768,0.0,0.0,0.0,5.250154624999999,0,Normal / No Flood
2015,1,8,0.0,11.54,35.93,1.68,2015-01-08,0.0,10.49,10.49,0.0,414.6321999999999,0.0,0.0,0.0,4.462631431249999,0,Normal / No Flood
2015,1,9,0.0,11.1,34.97,1.68,2015-01-09,0.0,7.489999999999999,10.49,0.0,388.167,0.0,0.0,0.0,3.7932367165624985,0,Normal / No Flood
2015,1,10,0.0,10.31,32.93,2.14,2015-01-10,0.0,0.1,10.49,0.0,339.5083,0.0,0.0,0.0,2.406779633960937,0,Normal / No Flood
2015,1,11,0.0,11.47,28.67,2.11,2015-01-11,0.0,0.0,10.49,0.0,328.84490000000005,0.0,0.0,0.0,0.0320577088281249,0,Normal / No Flood
2015,1,12,0.0,12.54,29.63,1.92,2015-01-12,0.0,0.0,10.49,0.0,371.5601999999999,0.0,0.0,0.0,0.0,0,Normal / No Flood
2015,1,13,0.04,12.32,35.29,1.34,2015-01-13,0.04,0.04,10.53,1.0,434.7728,0.0536,0.0,0.0,0.0,0,Normal / No Flood
2015,1,14,7.55,8.07,68.56,1.34,2015-01-14,7.59,7.59,18.08,0.994729907773386,553.2792000000001,10.117,0.04,0.0,0.034,0,Normal / No Flood
2015,1,15,0.0,9.88,66.09,1.23,2015-01-15,7.59,7.59,18.08,0.0,652.9692000000001,0.0,7.55,0.04,6.4464,0,Normal / No Flood
2015,1,16,0.0,11.49,54.27,1.5,2015-01-16,7.55,7.59,15.079999999999998,0.0,623.5623,0.0,0.0,7.55,5.479439999999999,0,Normal / No Flood
2015,1,17,0.0,10.93,46.23,1.69,2015-01-17,0.0,7.59,7.69,0.0,505.2938999999999,0.0,0.0,0.0,4.657524,0,Normal / No Flood
2015,1,18,0.0,10.93,39.49,2.0,2015-01-18,0.0,7.59,7.59,0.0,431.6257,0.0,0.0,0.0,3.958895399999999,0,Normal / No Flood
2015,1,19,0.0,11.36,37.76,1.61,2015-01-19,0.0,7.59,7.59,0.0,428.95359999999994,0.0,0.0,0.0,3.3650610899999993,0,Normal / No Flood
2015,1,20,0.0,11.07,40.88,1.41,2015-01-20,0.0,7.55,7.59,0.0,452.5416,0.0,0.0,0.0,2.860301926499999,0,Normal / No Flood
2015,1,21,2.46,10.67,51.3,2.13,2015-01-21,2.46,2.46,10.05,1.0,547.371,5.2398,0.0,0.0,2.420357016523437,0,Normal / No Flood
2015,1,22,5.92,9.47,80.65,1.91,2015-01-22,8.379999999999999,8.379999999999999,15.97,0.7064439140811457,763.7555000000001,11.3072,2.46,0.0,2.0909999999999997,0,Normal / No Flood
2015,1,23,0.28,10.29,78.06,1.09,2015-01-23,8.66,8.66,16.25,0.0323325635103926,803.2374,0.3052,5.92,2.46,6.80935,0,Normal / No Flood
2015,1,24,0.0,11.53,64.34,1.3,2015-01-24,6.2,8.66,16.25,0.0,741.8402,0.0,0.28,5.92,6.0259475,0,Normal / No Flood
2015,1,25,0.0,11.09,54.16,1.44,2015-01-25,0.28,8.66,16.25,0.0,600.6343999999999,0.0,0.0,0.28,5.1220553749999995,0,Normal / No Flood
2015,1,26,1.51,9.97,51.45,1.47,2015-01-26,1.51,10.17,17.759999999999998,1.0,512.9565,2.2197,0.0,0.0,4.35374706875,0,Normal / No Flood
2015,1,27,0.89,8.03,69.02,1.6,2015-01-27,2.4,11.06,18.61,0.3708333333333333,554.2305999999999,1.4240000000000002,1.51,0.0,4.984185008437499,0,Normal / No Flood
2015,1,28,0.0,9.14,57.32,1.33,2015-01-28,2.4,8.600000000000001,11.06,0.0,523.9048,0.0,0.89,1.51,4.993057257171874,0,Normal / No Flood
2015,1,29,0.0,8.39,50.13,1.34,2015-01-29,0.89,2.68,11.06,0.0,420.5907,0.0,0.0,0.89,3.5737719769999994,0,Normal / No Flood
2015,1,30,0.0,8.52,47.62,2.16,2015-01-30,0.0,2.4000000000000004,11.06,0.0,405.72239999999994,0.0,0.0,0.0,1.42456227221875,0,Normal / No Flood
2015,1,31,0.0,10.46,38.58,2.02,2015-01-31,0.0,2.4000000000000004,11.06,0.0,403.5468,0.0,0.0,0.0,1.134580584375,0,Normal / No Flood
2015,2,1,0.0,12.33,40.94,1.52,2015-02-01,0.0,2.4000000000000004,11.06,0.0,504.7902,0.0,0.0,0.0,0.96439349671875,0,Normal / No Flood
2015,2,2,3.44,12.69,54.96,1.7,2015-02-02,3.44,4.33,14.5,1.0,697.4424,5.848,0.0,0.0,0.8197344722109373,0,Normal / No Flood
2015,2,3,13.17,11.16,71.1,3.05,2015-02-03,16.61,16.61,27.67,0.7928958458759784,793.476,40.168499999999995,3.44,0.0,3.209313608570312,0,Normal / No Flood
2015,2,4,0.01,11.99,59.98,1.54,2015-02-04,16.62,16.62,25.22,0.0006016847172081,719.1602,0.0154,13.17,3.44,13.6799,0,Normal / No Flood
2015,2,5,0.0,12.36,44.68,1.78,2015-02-05,13.18,16.62,19.3,0.0,552.2447999999999,0.0,0.01,13.17,11.636414999999998,0,Normal / No Flood
2015,2,6,0.0,12.07,43.42,1.35,2015-02-06,0.01,16.62,19.02,0.0,524.0794000000001,0.0,0.0,0.01,9.89095275,0,Normal / No Flood
2015,2,7,0.0,12.56,42.6,1.4,2015-02-07,0.0,16.62,19.02,0.0,535.056,0.0,0.0,0.0,8.407309837499998,0,Normal / No Flood
2015,2,8,0.0,13.03,48.19,1.83,2015-02-08,0.0,16.62,19.02,0.0,627.9156999999999,0.0,0.0,0.0,7.146213361875,0,Normal / No Flood
2015,2,9,0.0,12.98,52.29,1.76,2015-02-09,0.0,13.18,17.509999999999998,0.0,678.7242,0.0,0.0,0.0,6.074281357593748,0,Normal / No Flood
2015,2,10,0.0,13.15,45.37,1.95,2015-02-10,0.0,0.01,16.62,0.0,596.6155,0.0,0.0,0.0,4.225771747820311,0,Normal / No Flood
2015,2,11,0.0,13.18,42.84,1.61,2015-02-11,0.0,0.0,16.62,0.0,564.6312,0.0,0.0,0.0,0.0032057708828124,0,Normal / No Flood
2015,2,12,0.0,12.55,40.48,2.19,2015-02-12,0.0,0.0,16.62,0.0,508.024,0.0,0.0,0.0,0.0,0,Normal / No Flood
2015,2,13,0.0,13.54,38.59,2.03,2015-02-13,0.0,0.0,16.62,0.0,522.5086,0.0,0.0,0.0,0.0,0,Normal / No Flood
2015,2,14,0.0,16.67,42.93,2.05,2015-02-14,0.0,0.0,16.62,0.0,715.6431000000001,0.0,0.0,0.0,0.0,0,Normal / No Flood
2015,2,15,0.0,16.93,45.18,1.79,2015-02-15,0.0,0.0,16.62,0.0,764.8974,0.0,0.0,0.0,0.0,0,Normal / No Flood
2015,2,16,1.83,16.65,47.88,1.8,2015-02-16,1.83,1.83,15.01,1.0,797.202,3.294,0.0,0.0,0.0,0,Normal / No Flood
2015,2,17,0.84,17.25,51.37,1.34,2015-02-17,2.67,2.67,2.68,0.3146067415730337,886.1324999999999,1.1256,1.83,0.0,1.5555,0,Normal / No Flood
2015,2,18,0.17,16.82,50.99,1.52,2015-02-18,2.84,2.84,2.8400000000000003,0.0598591549295774,857.6518000000001,0.2584,0.84,1.83,2.036175,0,Normal / No Flood
2015,2,19,0.64,16.01,53.49,1.49,2015-02-19,1.65,3.48,3.4800000000000004,0.3878787878787879,856.3749000000001,0.9536,0.17,0.84,1.8752487499999997,0,Normal / No Flood
2015,2,20,10.51,16.88,61.68,1.64,2015-02-20,11.32,13.99,13.99,0.9284452296819788,1041.1584,17.2364,0.64,0.17,2.1379614375,0,Normal / No Flood
2015,2,21,0.0,16.62,54.78,2.42,2015-02-21,11.15,13.99,13.99,0.0,910.4436,0.0,10.51,0.64,10.750767221875002,0,Normal / No Flood
2015,2,22,0.0,18.27,46.77,2.3,2015-02-22,10.51,13.99,13.99,0.0,854.4879000000001,0.0,0.0,10.51,9.138152138593748,0,Normal / No Flood
2015,2,23,0.0,19.42,46.06,1.32,2015-02-23,0.0,12.16,13.99,0.0,894.4852000000001,0.0,0.0,0.0,7.7674293178046865,0,Normal / No Flood
2015,2,24,0.14,19.55,45.49,1.14,2015-02-24,0.14,11.46,14.13,1.0,889.3295,0.1596,0.0,0.0,6.1036572593125,0,Normal / No Flood
2015,2,25,7.66,15.6,63.59,3.23,2015-02-25,7.8,18.95,21.79,0.982051282051282,992.004,24.7418,0.14,0.0,5.078216629382812,0,Normal / No Flood
2015,2,26,0.8,13.38,45.26,1.9,2015-02-26,8.6,19.11,22.59,0.0930232558139535,605.5788,1.52,7.66,0.14,10.781160745718749,0,Normal / No Flood
2015,2,27,0.31,13.08,35.61,1.74,2015-02-27,8.77,8.91,22.9,0.0353477765108323,465.7788,0.5394,0.8,7.66,9.669592697835936,0,Normal / No Flood
2015,2,28,0.27,13.78,39.78,1.24,2015-02-28,1.38,9.18,23.17,0.1956521739130435,548.1684,0.3348,0.31,0.8,5.618778374999999,0,Normal / No Flood
2015,3,1,57.46,11.8,78.84,3.86,2015-03-01,58.04,66.64,80.63,0.9900068917987596,930.312,221.7956,0.27,0.31,5.005461618749999,0,Normal / No Flood
2015,3,2,43.23,10.38,91.45,2.5,2015-03-02,100.96,109.87,122.03,0.428189381933439,949.251,108.075,57.46,0.27,53.09564237593751,1,Historical Disaster Record; 3-Day Saturated Runoff (101.0mm)
2015,3,3,6.31,10.6,82.89,1.33,2015-03-03,107.0,116.04,127.5,0.0589719626168224,878.634,8.3923,43.23,57.46,81.87679601954686,0,Normal / No Flood
2015,3,4,0.5,10.88,74.89,1.97,2015-03-04,50.04,108.88,127.83,0.009992006394884,814.8032000000001,0.985,6.31,43.23,74.92062794310937,0,Normal / No Flood
2015,3,5,0.73,12.65,67.64,1.52,2015-03-05,7.539999999999999,108.81,127.92,0.0968169761273209,855.6460000000001,1.1096,0.5,6.31,62.02025632984374,0,Normal / No Flood
2015,3,6,0.55,13.25,67.3,1.8,2015-03-06,1.78,109.05,117.96,0.3089887640449438,891.7249999999999,0.99,0.73,0.5,53.119725460335935,0,Normal / No Flood
2015,3,7,1.01,14.05,65.62,1.68,2015-03-07,2.29,109.79,118.97,0.4410480349344978,921.961,1.6968,0.55,0.73,45.53479457852343,0,Normal / No Flood
2015,3,8,3.38,14.07,73.83,3.28,2015-03-08,4.9399999999999995,55.709999999999994,122.35,0.6842105263157895,1038.7881,11.0864,1.01,0.55,39.48950294998437,0,Normal / No Flood
2015,3,9,4.01,11.83,67.51,1.66,2015-03-09,8.399999999999999,16.49,126.36,0.4773809523809524,798.6433000000001,6.656599999999999,3.38,1.01,20.78177193874218,0,Normal / No Flood
2015,3,10,0.0,14.07,53.73,1.64,2015-03-10,7.39,10.18,126.22,0.0,755.9811,0.0,4.01,3.38,9.293240750492188,0,Normal / No Flood
2015,3,11,0.0,16.34,47.16,1.44,2015-03-11,4.01,9.68,118.56,0.0,770.5944,0.0,0.0,4.01,6.179839424921874,0,Normal / No Flood
2015,3,12,0.0,16.64,49.79,1.25,2015-03-12,0.0,8.95,117.76,0.0,828.5056,0.0,0.0,0.0,5.116618248664062,0,Normal / No Flood
2015,3,13,0.0,17.83,43.55,1.55,2015-03-13,0.0,8.399999999999999,117.45,0.0,776.4964999999999,0.0,0.0,0.0,4.1502074280859365,0,Normal / No Flood
2015,3,14,4.07,17.41,57.82,1.17,2015-03-14,4.07,11.46,121.25,1.0,1006.6462,4.7619,0.0,0.0,3.3778065251015623,0,Normal / No Flood
2015,3,15,3.4,15.32,75.72,2.32,2015-03-15,7.470000000000001,11.48,67.19,0.4551539491298527,1160.0304,7.887999999999999,4.07,0.0,6.055420116046875,0,Normal / No Flood
2015,3,16,8.6,14.68,78.02,2.33,2015-03-16,16.07,16.07,32.56,0.5351586807716241,1145.3336,20.038,3.4,4.07,7.116089124007812,0,Normal / No Flood
2015,3,17,0.4,15.25,73.23,1.48,2015-03-17,12.4,16.47,26.65,0.032258064516129,1116.7575000000002,0.592,8.6,3.4,12.265988749999998,0,Normal / No Flood
2015,3,18,0.0,15.21,72.97,2.09,2015-03-18,9.0,16.47,26.15,0.0,1109.8737,0.0,0.4,8.6,10.766090437499996,0,Normal / No Flood
2015,3,19,0.0,17.22,61.06,2.01,2015-03-19,0.4,16.47,25.42,0.0,1051.4532,0.0,0.0,0.4,9.151176871874998,0,Normal / No Flood
2015,3,20,0.0,18.26,54.94,2.09,2015-03-20,0.0,16.47,24.869999999999997,0.0,1003.2044,0.0,0.0,0.0,7.778500341093749,0,Normal / No Flood
2015,3,21,0.0,19.17,54.99,2.13,2015-03-21,0.0,12.4,23.86,0.0,1054.1583,0.0,0.0,0.0,6.6117252899296854,0,Normal / No Flood
2015,3,22,0.0,20.1,55.58,2.26,2015-03-22,0.0,8.999999999999998,20.479999999999997,0.0,1117.158,0.0,0.0,0.0,4.510930059531249,0,Normal / No Flood
2015,3,23,0.0,21.35,56.12,2.16,2015-03-23,0.0,0.3999999999999982,16.47,0.0,1198.162,0.0,0.0,0.0,2.907822765468749,0,Normal / No Flood
2015,3,24,0.0,22.37,56.47,1.65,2015-03-24,0.0,0.0,16.47,0.0,1263.2339,0.0,0.0,0.0,0.1282308353124999,0,Normal / No Flood
2015,3,25,0.0,22.77,53.61,2.05,2015-03-25,0.0,0.0,16.47,0.0,1220.6997,0.0,0.0,0.0,0.0,0,Normal / No Flood
2015,3,26,0.0,22.39,47.62,1.83,2015-03-26,0.0,0.0,16.47,0.0,1066.2118,0.0,0.0,0.0,0.0,0,Normal / No Flood
2015,3,27,0.0,22.54,42.97,2.2,2015-03-27,0.0,0.0,16.47,0.0,968.5438,0.0,0.0,0.0,0.0,0,Normal / No Flood
2015,3,28,0.0,24.1,37.15,1.77,2015-03-28,0.0,0.0,12.4,0.0,895.315,0.0,0.0,0.0,0.0,0,Normal / No Flood
2015,3,29,7.75,19.14,53.5,3.4,2015-03-29,7.75,7.749999999999998,16.75,1.0,1023.99,26.35,0.0,0.0,0.0,0,Normal / No Flood
2015,3,30,4.8,18.44,67.93,2.26,2015-03-30,12.55,12.549999999999995,12.95,0.3824701195219123,1252.6292000000003,10.848,7.75,0.0,6.5874999999999995,0,Normal / No Flood
2015,3,31,0.01,19.0,60.36,1.22,2015-03-31,12.56,12.56,12.56,0.000796178343949,1146.84,0.0122,4.8,7.75,9.679375,0,Normal / No Flood
2015,4,1,2.09,19.54,64.49,1.3,2015-04-01,6.8999999999999995,14.65,14.65,0.3028985507246376,1260.1346,2.717,0.01,4.8,8.235968749999998,0,Normal / No Flood
2015,4,2,0.3,21.41,55.36,1.31,2015-04-02,2.3999999999999995,14.949999999999998,14.95,0.125,1185.2576,0.393,2.09,0.01,8.777073437499999,0,Normal / No Flood
2015,4,3,14.06,17.78,68.55,3.04,2015-04-03,16.45,29.01,29.01,0.854711246200608,1218.819,42.7424,0.3,2.09,7.715512421874999,0,Normal / No Flood
2015,4,4,2.37,17.77,71.58,1.52,2015-04-04,16.73,31.38,31.38,0.14166168559474,1271.9766,3.6024000000000003,14.06,0.3,18.50918555859375,0,Normal / No Flood
2015,4,5,0.09,18.69,63.45,1.47,2015-04-05,16.52,23.72,31.47,0.0054479418886198,1185.8805000000002,0.1323,2.37,14.06,17.747307724804685,0,Normal / No Flood
2015,4,6,0.57,19.68,56.12,1.77,2015-04-06,3.03,19.49,32.04,0.1881188118811881,1104.4416,1.0089,0.09,2.37,13.049909997031248,0,Normal / No Flood
2015,4,7,3.79,18.48,60.05,1.56,2015-04-07,4.45,23.27,35.83,0.851685393258427,1109.724,5.9124,0.57,0.09,10.26896897728906,0,Normal / No Flood
2015,4,8,0.17,18.73,57.49,1.75,2015-04-08,4.53,21.35,36.0,0.0375275938189845,1076.7877,0.2975,3.79,0.57,11.94739872544531,0,Normal / No Flood
2015,4,9,0.0,19.84,58.91,2.15,2015-04-09,3.96,21.05,36.0,0.0,1168.7744,0.0,0.17,3.79,9.730283719296876,0,Normal / No Flood
2015,4,10,0.0,21.5,52.42,2.22,2015-04-10,0.17,6.989999999999998,36.0,0.0,1127.03,0.0,0.0,0.17,8.188994003890624,0,Normal / No Flood
2015,4,11,0.02,22.84,47.35,1.86,2015-04-11,0.02,4.639999999999999,36.02,1.0,1081.474,0.0372,0.0,0.0,3.129428121257812,0,Normal / No Flood
2015,4,12,0.05,22.87,48.51,1.38,2015-04-12,0.07,4.599999999999999,28.32,0.7142857142857143,1109.4237,0.0689999999999999,0.02,0.0,2.031211358726562,0,Normal / No Flood
2015,4,13,0.0,21.63,55.24,2.15,2015-04-13,0.07,4.0299999999999985,23.52,0.0,1194.8412,0.0,0.05,0.02,1.744505507664062,0,Normal / No Flood
2015,4,14,3.1,21.3,65.89,1.66,2015-04-14,3.15,3.3399999999999985,26.610000000000003,0.9841269841269842,1403.457,5.146,0.0,0.05,1.327510082242187,0,Normal / No Flood
2015,4,15,13.2,21.58,69.28,1.22,2015-04-15,16.3,16.369999999999997,37.72,0.8098159509202453,1495.0623999999998,16.104,3.1,0.0,2.7306444800078125,0,Normal / No Flood
2015,4,16,5.14,21.19,68.96,1.67,2015-04-16,21.44,21.51,42.559999999999995,0.2397388059701492,1461.2623999999998,8.583799999999998,13.2,3.1,13.49472441875,0,Normal / No Flood
2015,4,17,0.0,22.23,59.61,2.99,2015-04-17,18.339999999999996,21.51,28.5,0.0,1325.1303,0.0,5.14,13.2,15.839515755937498,0,Normal / No Flood
2015,4,18,0.0,24.31,48.45,2.51,2015-04-18,5.14,21.49,26.13,0.0,1177.8195,0.0,0.0,5.14,13.463588392546871,0,Normal / No Flood
2015,4,19,0.0,25.7,40.79,1.7,2015-04-19,0.0,21.44,26.04,0.0,1048.303,0.0,0.0,0.0,11.438600323164058,0,Normal / No Flood
2015,4,20,0.32,26.38,41.35,2.98,2015-04-20,0.32,21.76,25.79,1.0,1090.813,0.9536,0.0,0.0,9.709185748437498,0,Normal / No Flood
2015,4,21,0.0,25.6,39.82,2.14,2015-04-21,0.32,18.659999999999997,22.0,0.0,1019.392,0.0,0.32,0.0,8.524807886171873,0,Normal / No Flood
2015,4,22,0.0,24.65,41.01,2.25,2015-04-22,0.32,5.459999999999998,21.83,0.0,1010.8965,0.0,0.0,0.32,6.401366075624999,0,Normal / No Flood
2015,4,23,0.0,26.24,32.15,2.09,2015-04-23,0.0,0.3199999999999982,21.83,0.0,843.6159999999999,0.0,0.0,0.0,1.8442862337656245,0,Normal / No Flood
2015,4,24,0.0,27.48,27.43,1.63,2015-04-24,0.0,0.3199999999999982,21.83,0.0,753.7764,0.0,0.0,0.0,0.1670419999999999,0,Normal / No Flood
2015,4,25,0.23,27.48,30.21,1.77,2015-04-25,0.23,0.5499999999999983,22.04,1.0,830.1708,0.4071,0.0,0.0,0.1419857,0,Normal / No Flood
2015,4,26,0.04,24.42,46.95,2.5,2015-04-26,0.27,0.5899999999999982,22.03,0.1481481481481481,1146.5190000000002,0.1,0.23,0.0,0.3161878449999999,0,Normal / No Flood
2015,4,27,2.58,25.53,47.62,2.1,2015-04-27,2.85,2.8499999999999983,24.61,0.9052631578947368,1215.7386,5.418,0.04,0.23,0.30275966825,0,Normal / No Flood
2015,4,28,1.94,26.8,43.71,2.19,2015-04-28,4.5600000000000005,4.789999999999998,23.449999999999996,0.425438596491228,1171.428,4.2486,2.58,0.04,2.36314875,0,Normal / No Flood
2015,4,29,0.39,26.57,34.95,1.91,2015-04-29,4.91,5.179999999999998,10.64,0.0794297352342158,928.6215,0.7449,1.94,2.58,3.6576764375,0,Normal / No Flood
2015,4,30,5.03,26.24,37.6,1.52,2015-04-30,7.36,10.209999999999996,10.53,0.6834239130434783,986.624,7.645600000000001,0.39,1.94,3.4405249718749995,0,Normal / No Flood
2015,5,1,5.43,25.29,41.38,2.07,2015-05-01,10.85,15.639999999999995,15.96,0.5004608294930876,1046.5002,11.240099999999998,5.03,0.39,7.199946226093749,0,Normal / No Flood
2015,5,2,0.0,24.77,33.76,2.39,2015-05-02,10.46,15.409999999999997,15.96,0.0,836.2352,0.0,5.43,5.03,10.735454292179687,0,Normal / No Flood
2015,5,3,0.0,25.6,29.19,2.4,2015-05-03,5.43,15.369999999999996,15.96,0.0,747.2640000000001,0.0,0.0,5.43,9.062463327593749,0,Normal / No Flood
2015,5,4,0.0,26.65,27.86,2.37,2015-05-04,0.0,12.79,15.64,0.0,742.4689999999999,0.0,0.0,0.0,7.692194207453124,0,Normal / No Flood
2015,5,5,0.0,27.53,31.09,2.21,2015-05-05,0.0,10.849999999999998,15.64,0.0,855.9077,0.0,0.0,0.0,5.835339521734374,0,Normal / No Flood
2015,5,6,0.0,29.23,31.1,2.13,2015-05-06,0.0,10.459999999999996,15.64,0.0,909.053,0.0,0.0,0.0,4.431406974898437,0,Normal / No Flood
2015,5,7,0.0,30.18,31.8,2.02,2015-05-07,0.0,5.429999999999998,15.64,0.0,959.724,0.0,0.0,0.0,3.660424623898437,0,Normal / No Flood
2015,5,8,0.0,30.27,30.72,2.0,2015-05-08,0.0,0.0,15.64,0.0,929.8944,0.0,0.0,0.0,1.740733589367187,0,Normal / No Flood
2015,5,9,0.0,30.23,29.47,1.74,2015-05-09,0.0,0.0,15.41,0.0,890.8781,0.0,0.0,0.0,0.0,0,Normal / No Flood
2015,5,10,0.48,30.57,32.49,1.99,2015-05-10,0.48,0.4799999999999982,15.85,1.0,993.2193,0.9552,0.0,0.0,0.0,0,Normal / No Flood
2015,5,11,2.59,30.15,34.95,2.0,2015-05-11,3.07,3.069999999999998,15.86,0.8436482084690554,1053.7425,5.18,0.48,0.0,0.408,0,Normal / No Flood
2015,5,12,1.53,28.14,40.34,1.93,2015-05-12,4.6,4.599999999999998,15.45,0.3326086956521739,1135.1676000000002,2.9529,2.59,0.48,2.5483,0,Normal / No Flood
2015,5,13,0.22,28.22,35.88,1.75,2015-05-13,4.34,4.8199999999999985,15.28,0.0506912442396313,1012.5336,0.385,1.53,2.59,3.4665549999999996,0,Normal / No Flood
2015,5,14,0.6,26.76,42.13,1.86,2015-05-14,2.35,5.419999999999998,10.85,0.2553191489361702,1127.3988000000002,1.116,0.22,1.53,3.13357175,0,Normal / No Flood
2015,5,15,1.51,26.52,47.51,1.61,2015-05-15,2.33,6.929999999999998,6.93,0.648068669527897,1259.9652,2.4311000000000003,0.6,0.22,3.1735359874999993,0,Normal / No Flood
2015,5,16,0.17,28.35,39.88,1.97,2015-05-16,2.28,7.099999999999998,7.1,0.0745614035087719,1130.5980000000002,0.3349,1.51,0.6,3.981005589375,0,Normal / No Flood
2015,5,17,0.0,28.81,36.1,1.79,2015-05-17,1.68,6.619999999999997,7.1,0.0,1040.041,0.0,0.17,1.51,3.528354750968749,0,Normal / No Flood
2015,5,18,0.0,30.71,35.46,1.91,2015-05-18,0.1699999999999998,4.029999999999998,7.1,0.0,1088.9766,0.0,0.0,0.17,2.8683060863046874,0,Normal / No Flood
2015,5,19,0.24,30.61,32.05,2.62,2015-05-19,0.2399999999999997,2.7399999999999984,7.34,1.0000000000000009,981.0505,0.6288,0.0,0.0,1.732309713507812,0,Normal / No Flood
2015,5,20,0.03,29.63,26.48,2.81,2015-05-20,0.2699999999999998,2.549999999999998,7.37,0.1111111111111111,784.6024,0.0843,0.24,0.0,1.2595527531718749,0,Normal / No Flood
2015,5,21,0.0,29.75,27.62,3.02,2015-05-21,0.2699999999999998,1.949999999999998,7.37,0.0,821.695,0.0,0.03,0.24,1.0361719246875,0,Normal / No Flood
2015,5,22,0.0,30.89,23.93,2.82,2015-05-22,0.0299999999999997,0.4399999999999982,7.37,0.0,739.1977,0.0,0.0,0.03,0.7172518209609373,0,Normal / No Flood
2015,5,23,0.0,31.81,24.25,2.24,2015-05-23,0.0,0.2699999999999982,7.37,0.0,771.3924999999999,0.0,0.0,0.0,0.1982033550078124,0,Normal / No Flood
2015,5,24,0.0,32.4,21.96,2.29,2015-05-24,0.0,0.2699999999999982,6.890000000000001,0.0,711.504,0.0,0.0,0.0,0.1221494624999999,0,Normal / No Flood
2015,5,25,0.0,32.22,20.1,2.42,2015-05-25,0.0,0.2699999999999982,4.300000000000001,0.0,647.6220000000001,0.0,0.0,0.0,0.1038270431249999,0,Normal / No Flood
2015,5,26,0.0,30.99,19.61,3.04,2015-05-26,0.0,0.0299999999999982,2.77,0.0,607.7139,0.0,0.0,0.0,0.0882529866562499,0,Normal / No Flood
2015,5,27,0.0,29.81,17.73,2.16,2015-05-27,0.0,0.0,2.55,0.0,528.5313,0.0,0.0,0.0,0.0096173126484374,0,Normal / No Flood
2015,5,28,0.0,29.95,18.71,2.0,2015-05-28,0.0,0.0,1.9499999999999995,0.0,560.3645,0.0,0.0,0.0,0.0,0,Normal / No Flood
2015,5,29,0.0,31.1,21.54,2.32,2015-05-29,0.0,0.0,0.44,0.0,669.894,0.0,0.0,0.0,0.0,0,Normal / No Flood
2015,5,30,0.0,30.78,26.66,2.44,2015-05-30,0.0,0.0,0.27,0.0,820.5948000000001,0.0,0.0,0.0,0.0,0,Normal / No Flood
2015,5,31,0.06,30.4,25.83,1.91,2015-05-31,0.0599999999999997,0.0599999999999982,0.33,1.0000000000000038,785.2319999999999,0.1146,0.0,0.0,0.0,0,Normal / No Flood
2015,6,1,0.14,30.12,24.58,1.82,2015-06-01,0.1999999999999998,0.1999999999999982,0.47,0.7000000000000008,740.3496,0.2548,0.06,0.0,0.051,0,Normal / No Flood
2015,6,2,0.07,27.98,32.23,1.6,2015-06-02,0.2699999999999998,0.2699999999999982,0.3,0.2592592592592594,901.7954,0.112,0.14,0.06,0.16235,0,Normal / No Flood
2015,6,3,0.2,29.24,30.8,2.23,2015-06-03,0.4099999999999998,0.4699999999999982,0.47,0.4878048780487807,900.592,0.446,0.07,0.14,0.1974975,0,Normal / No Flood
2015,6,4,8.03,27.72,44.07,1.41,2015-06-04,8.299999999999999,8.499999999999998,8.5,0.9674698795180724,1221.6204,11.322299999999998,0.2,0.07,0.337872875,0,Normal / No Flood
2015,6,5,0.58,28.97,41.09,2.16,2015-06-05,8.809999999999999,9.079999999999998,9.08,0.0658342792281498,1190.3773,1.2528,8.03,0.2,7.112691943749999,0,Normal / No Flood
2015,6,6,0.0,29.6,33.65,2.49,2015-06-06,8.61,9.079999999999998,9.08,0.0,996.04,0.0,0.58,8.03,6.538788152187499,0,Normal / No Flood
2015,6,7,0.0,31.24,26.93,2.03,2015-06-07,0.58,9.019999999999998,9.08,0.0,841.2932,0.0,0.0,0.58,5.557969929359373,0,Normal / No Flood
2015,6,8,0.37,32.67,23.42,2.36,2015-06-08,0.37,9.249999999999998,9.45,1.0,765.1314000000001,0.8732,0.0,0.0,4.707925008453123,0,Normal / No Flood
2015,6,9,0.15,32.61,24.8,2.71,2015-06-09,0.52,9.329999999999998,9.6,0.2884615384615384,808.7280000000001,0.4065,0.37,0.0,4.278087583679687,0,Normal / No Flood
2015,6,10,0.39,31.26,34.62,2.86,2015-06-10,0.91,9.519999999999998,9.99,0.4285714285714285,1082.2212,1.1154,0.15,0.37,3.7448001093749994,0,Normal / No Flood
2015,6,11,0.39,31.41,33.53,3.3,2015-06-11,0.93,1.879999999999998,10.38,0.4193548387096774,1053.1773,1.287,0.39,0.15,3.460081987960937,0,Normal / No Flood
2015,6,12,0.04,31.53,28.53,3.04,2015-06-12,0.8200000000000001,1.339999999999998,10.42,0.048780487804878,899.5509000000001,0.1216,0.39,0.39,1.084470773703125,0,Normal / No Flood
2015,6,13,2.53,31.9,31.05,2.58,2015-06-13,2.96,3.869999999999998,12.95,0.8547297297297297,990.495,6.5274,0.04,0.39,0.797755653125,0,Normal / No Flood
2015,6,14,4.0,28.31,48.09,2.46,2015-06-14,6.57,7.869999999999997,16.89,0.60882800608828,1361.4279,9.84,2.53,0.04,2.82859230515625,0,Normal / No Flood
2015,6,15,0.99,28.22,50.52,1.69,2015-06-15,7.52,8.489999999999998,17.74,0.1316489361702127,1425.6744,1.6731,4.0,2.53,5.804303459382811,0,Normal / No Flood
2015,6,16,0.01,30.34,39.02,2.25,2015-06-16,5.0,8.349999999999998,17.679999999999996,0.002,1183.8668,0.0225,0.99,4.0,5.674336446210937,0,Normal / No Flood
2015,6,17,0.13,31.32,37.37,2.54,2015-06-17,1.1300000000000003,8.089999999999998,17.61,0.1150442477876105,1170.4284,0.3302,0.01,0.99,4.7908124005234365,0,Normal / No Flood
2015,6,18,1.35,32.32,36.4,1.95,2015-06-18,1.4900000000000004,9.049999999999995,10.93,0.9060402684563756,1176.448,2.6325000000000003,0.13,0.01,4.076419235679687,0,Normal / No Flood
2015,6,19,3.46,32.05,39.64,1.76,2015-06-19,4.94,12.469999999999995,13.81,0.7004048582995951,1270.462,6.0896,1.35,0.13,4.5061850455625,0,Normal / No Flood
2015,6,20,5.81,29.98,46.25,2.01,2015-06-20,10.62,15.749999999999996,19.619999999999997,0.547080979284369,1386.575,11.6781,3.46,1.35,6.760357667726563,0,Normal / No Flood
2015,6,21,28.43,30.24,52.01,1.57,2015-06-21,37.7,40.17999999999999,48.05,0.7541114058355437,1572.7823999999998,44.6351,5.81,3.46,9.995402989218748,0,Normal / No Flood
2015,6,22,1.57,30.04,47.32,2.08,2015-06-22,35.81,40.75999999999999,49.25,0.043842502094387,1421.4928,3.2656,28.43,5.81,31.57163044067968,0,Normal / No Flood
2015,6,23,3.28,29.02,50.59,1.67,2015-06-23,33.28,44.029999999999994,52.379999999999995,0.0985576923076923,1468.1218,5.4776,1.57,28.43,27.900620254789057,0,Normal / No Flood
2015,6,24,7.4,29.54,52.55,1.9,2015-06-24,12.250000000000004,51.3,59.39,0.604081632653061,1552.3269999999998,14.06,3.28,1.57,26.50080231132031,0,Normal / No Flood
2015,6,25,12.47,26.0,64.95,1.47,2015-06-25,23.15000000000001,62.42,71.47,0.5386609071274298,1688.7,18.3309,7.4,3.28,28.780258196367186,0,Normal / No Flood
2015,6,26,0.01,28.09,43.17,2.86,2015-06-26,19.880000000000003,58.97,71.44,0.0005030181086519,1212.6453,0.0286,12.47,7.4,34.69485725810937,0,Normal / No Flood
2015,6,27,0.03,29.0,39.84,2.63,2015-06-27,12.510000000000003,53.19,68.94,0.0023980815347721,1155.36,0.0789,0.01,12.47,28.556311452757807,0,Normal / No Flood
2015,6,28,3.6,30.64,38.24,2.08,2015-06-28,3.640000000000004,28.359999999999996,68.53999999999999,0.989010989010988,1171.6736,7.488,0.03,0.01,22.715194784367185,0,Normal / No Flood
2015,6,29,28.69,29.11,55.12,1.98,2015-06-29,32.32000000000001,55.48,96.24,0.8876856435643563,1604.5431999999998,56.8062,3.6,0.03,14.62100993985156,0,Normal / No Flood
2015,6,30,7.22,28.55,55.3,1.61,2015-06-30,39.510000000000005,59.419999999999995,103.45,0.1827385472032396,1578.815,11.6242,28.69,3.6,36.386548324562504,0,Normal / No Flood
2015,7,1,0.93,28.76,51.94,1.55,2015-07-01,36.84,52.95,104.25,0.0252442996742671,1493.7944,1.4415000000000002,7.22,28.69,36.17179715375,0,Normal / No Flood
2015,7,2,2.44,28.39,54.48,1.78,2015-07-02,10.590000000000003,42.92,105.34,0.2304060434372048,1546.6871999999998,4.3432,0.93,7.22,29.520097695398437,0,Normal / No Flood
2015,7,3,0.45,29.73,52.94,2.2,2015-07-03,3.820000000000004,43.35999999999999,102.33,0.1178010471204187,1573.9062,0.99,2.44,0.93,23.76812619385156,0,Normal / No Flood
2015,7,4,6.88,29.91,58.24,2.0,2015-07-04,9.770000000000003,50.21,103.4,0.7041965199590581,1741.9584,13.76,0.45,2.44,20.582682359523435,0,Normal / No Flood
2015,7,5,17.77,29.72,63.98,1.89,2015-07-05,25.1,64.38,92.74,0.7079681274900398,1901.4855999999995,33.5853,6.88,0.45,23.335105289843742,0,Normal / No Flood
2015,7,6,26.26,27.88,70.73,1.38,2015-07-06,50.91000000000001,61.95,117.43,0.5158122176389707,1971.9524,36.2388,17.77,6.88,33.95837360622656,0,Normal / No Flood
2015,7,7,7.53,25.78,79.49,1.34,2015-07-07,51.56,62.25999999999999,121.68,0.1460434445306439,2049.2522,10.0902,26.26,17.77,43.36786440192188,0,Normal / No Flood
2015,7,8,15.81,26.01,77.42,1.71,2015-07-08,49.60000000000001,77.13999999999999,130.09,0.31875,2013.6942,27.0351,7.53,26.26,41.29580315085156,0,Normal / No Flood
2015,7,9,5.98,26.98,73.64,1.73,2015-07-09,29.320000000000007,80.67999999999999,123.6,0.2039563437926329,1986.8072,10.3454,15.81,7.53,48.286516489937505,0,Normal / No Flood
2015,7,10,23.81,26.04,77.47,1.95,2015-07-10,45.60000000000001,104.04,147.4,0.5221491228070174,2017.3188,46.4295,5.98,15.81,45.46166213535155,0,Normal / No Flood
2015,7,11,44.82,24.96,77.83,1.18,2015-07-11,74.61,141.98,192.19,0.600723763570567,1942.6368,52.8876,23.81,5.98,58.75829207878125,1,Historical Disaster Record; 7-Day Antecedent Saturation (142.0mm)
2015,7,12,63.15,25.84,77.83,1.22,2015-07-12,131.78,187.36,251.74,0.4792077705266352,2011.1272,77.04299999999999,44.82,23.81,86.1668134546953,1,Historical Disaster Record; 3-Day Saturated Runoff (131.8mm); 7-Day Antecedent Saturation (187.4mm)
2015,7,13,36.99,25.53,83.7,1.11,2015-07-13,144.95999999999998,198.09,260.04,0.2551738410596027,2136.8610000000003,41.05890000000001,63.15,44.82,122.07713480654688,1,Historical Disaster Record; 3-Day Saturated Runoff (145.0mm); 7-Day Antecedent Saturation (198.1mm)
2015,7,14,1.32,26.01,82.52,1.6,2015-07-14,101.46,191.88,254.14,0.013010053222945,2146.3452,2.112,36.99,63.15,128.05146339803906,0,Normal / No Flood
2015,7,15,2.5,27.03,77.66,1.76,2015-07-15,40.81,178.57,255.71,0.0612594952217593,2099.1498,4.4,1.32,36.99,107.91389023478904,0,Normal / No Flood
2015,7,16,20.74,27.34,77.26,1.64,2015-07-16,24.56,193.33,274.01,0.8444625407166123,2112.2884,34.0136,2.5,1.32,89.54373149870311,0,Normal / No Flood
2015,7,17,32.16,25.64,86.27,1.31,2015-07-17,55.39999999999999,201.68,305.72,0.5805054151624549,2211.9628,42.1296,20.74,2.5,92.11167843416403,1,7-Day Antecedent Saturation (201.7mm)
2015,7,18,21.19,25.32,86.79,1.66,2015-07-18,74.08999999999999,178.05,320.03000000000003,0.2860035092455122,2197.5228,35.1754,32.16,20.74,99.14292726785936,0,Normal / No Flood
2015,7,19,6.46,25.02,84.44,1.19,2015-07-19,59.809999999999995,121.36,308.71999999999997,0.1080086941982946,2112.6888,7.687399999999999,21.19,32.16,90.06996284542967,0,Normal / No Flood
2015,7,20,1.01,25.46,82.07,1.44,2015-07-20,28.66,85.37999999999998,283.46999999999997,0.0352407536636427,2089.5022,1.4544,6.46,21.19,64.84269176239843,0,Normal / No Flood
2015,7,21,7.37,25.73,83.35,1.12,2015-07-21,14.84,91.43,283.31,0.4966307277628032,2144.5955,8.2544,1.01,6.46,45.89536347684374,0,Normal / No Flood
2015,7,22,0.88,25.45,86.45,1.63,2015-07-22,9.26,89.80999999999997,268.38,0.0950323974082073,2200.1525,1.4344,7.37,1.01,44.91587146226561,0,Normal / No Flood
2015,7,23,2.22,24.86,88.9,1.26,2015-07-23,10.47,71.28999999999998,264.62,0.2120343839541547,2210.054,2.7972,0.88,7.37,38.24526443032811,0,Normal / No Flood
2015,7,24,1.04,25.02,88.15,1.53,2015-07-24,4.140000000000001,40.16999999999999,241.85,0.251207729468599,2205.513,1.5912000000000002,2.22,0.88,28.744021276468743,0,Normal / No Flood
2015,7,25,11.76,25.35,88.69,1.5,2015-07-25,15.02,30.739999999999988,208.79,0.7829560585885487,2248.2915000000003,17.64,1.04,2.22,16.553122799742184,0,Normal / No Flood
2015,7,26,9.91,25.53,87.53,1.24,2015-07-26,22.71,34.18999999999998,155.54999999999998,0.4363716424482606,2234.6409000000003,12.2884,11.76,1.04,18.292080154203123,0,Normal / No Flood
2015,7,27,2.95,25.23,87.41,1.55,2015-07-27,24.62,36.12999999999999,121.51,0.119821283509342,2205.3543,4.572500000000001,9.91,11.76,22.21147933932031,0,Normal / No Flood
2015,7,28,4.63,24.98,85.26,1.84,2015-07-28,17.490000000000002,33.389999999999986,124.82,0.2647226986849628,2129.7948,8.5192,2.95,9.91,21.11204200813281,0,Normal / No Flood
2015,7,29,0.0,25.12,83.51,1.73,2015-07-29,7.580000000000002,32.509999999999984,122.32,0.0,2097.7712,0.0,4.63,2.95,19.872480537374997,0,Normal / No Flood
2015,7,30,0.75,25.09,86.07,1.87,2015-07-30,5.380000000000002,31.039999999999985,102.33,0.1394052044609665,2159.4963,1.4025,0.0,4.63,16.651816794734373,0,Normal / No Flood
2015,7,31,11.01,24.75,87.02,1.99,2015-07-31,11.760000000000002,41.009999999999984,81.18,0.9362244897959182,2153.745,21.9099,0.75,0.0,14.186615309937498,0,Normal / No Flood
2015,8,1,11.39,24.45,87.98,2.2,2015-08-01,23.15,40.639999999999986,71.38000000000001,0.4920086393088552,2151.111,25.058000000000003,11.01,0.75,21.133732867406245,0,Normal / No Flood
2015,8,2,0.71,24.33,87.19,1.79,2015-08-02,23.110000000000003,31.439999999999984,65.63,0.0307226308957161,2121.3327,1.2709,11.39,11.01,24.440684362835935,0,Normal / No Flood
2015,8,3,1.62,25.42,81.72,1.19,2015-08-03,13.720000000000002,30.109999999999985,66.24000000000001,0.1180758017492711,2077.3224,1.9278,0.71,11.39,18.677700605273433,0,Normal / No Flood
2015,8,4,0.25,26.23,80.74,1.36,2015-08-04,2.580000000000002,25.729999999999983,59.120000000000005,0.0968992248062014,2117.8102,0.34,1.62,0.71,16.449198465617187,0,Normal / No Flood
2015,8,5,0.82,26.36,80.31,1.64,2015-08-05,2.6900000000000017,26.549999999999983,59.059999999999995,0.3048327137546466,2116.9716,1.3447999999999998,0.25,1.62,12.932687564843748,0,Normal / No Flood
2015,8,6,15.85,25.82,83.59,1.35,2015-08-06,16.92,41.649999999999984,72.69,0.9367612293144209,2158.2938,21.3975,0.82,0.25,11.689784430117186,0,Normal / No Flood
2015,8,7,24.19,25.2,88.88,1.14,2015-08-07,40.86,54.82999999999999,95.84,0.5920215369554577,2239.776,27.5766,15.85,0.82,23.204448871820308,0,Normal / No Flood
2015,8,8,15.25,25.28,86.17,1.34,2015-08-08,55.290000000000006,58.68999999999999,99.33,0.2758184120094049,2178.3776000000003,20.435,24.19,15.85,37.285160860367185,0,Normal / No Flood
2015,8,9,6.07,25.89,82.22,1.28,2015-08-09,45.510000000000005,64.04999999999998,95.49,0.1333772797187431,2128.6758,7.7696,15.25,24.19,41.55121965111717,0,Normal / No Flood
2015,8,10,3.17,26.44,76.43,1.21,2015-08-10,24.49,65.59999999999998,95.71,0.1294405879951,2020.8092000000004,3.8357,6.07,15.25,40.28456843067187,0,Normal / No Flood
2015,8,11,2.71,25.99,77.84,1.17,2015-08-11,11.950000000000005,68.05999999999999,93.79,0.2267782426778242,2023.0616,3.1706999999999996,3.17,6.07,36.494948515507815,0,Normal / No Flood
2015,8,12,6.68,24.55,87.55,1.21,2015-08-12,12.560000000000002,73.91999999999999,100.47,0.5318471337579617,2149.3525,8.082799999999999,2.71,3.17,33.25608360692187,0,Normal / No Flood
2015,8,13,5.78,25.7,83.33,1.27,2015-08-13,15.170000000000003,63.849999999999994,105.5,0.3810151615029663,2141.5809999999997,7.3406,6.68,2.71,33.72222883535156,0,Normal / No Flood
2015,8,14,1.4,26.18,81.47,1.35,2015-08-14,13.860000000000005,41.05999999999999,95.89,0.1010101010101009,2132.8846,1.89,5.78,6.68,29.257919688179683,0,Normal / No Flood
2015,8,15,10.6,25.59,88.21,1.7,2015-08-15,17.780000000000005,36.40999999999998,95.1,0.5961754780652416,2257.2938999999997,18.02,1.4,5.78,19.46768593425781,0,Normal / No Flood
2015,8,16,3.86,25.01,87.15,1.29,2015-08-16,15.86,34.19999999999999,98.25,0.2433795712484237,2179.6215,4.9794,10.6,1.4,21.40205253727343,0,Normal / No Flood
2015,8,17,13.71,24.92,83.06,1.83,2015-08-17,28.17,44.73999999999998,110.34,0.4866879659211927,2069.8552000000004,25.0893,3.86,10.6,19.818727169695308,0,Normal / No Flood
2015,8,18,12.57,25.99,76.22,1.61,2015-08-18,30.14,54.59999999999998,122.66,0.4170537491705375,1980.9578,20.2377,13.71,3.86,27.635623129867188,0,Normal / No Flood
2015,8,19,11.16,25.36,80.27,1.62,2015-08-19,37.440000000000005,59.079999999999984,133.0,0.298076923076923,2035.6472,18.0792,12.57,13.71,33.436330337531246,0,Normal / No Flood
2015,8,20,23.63,24.93,83.1,1.45,2015-08-20,47.36,76.92999999999998,140.78,0.4989442567567567,2071.683,34.2635,11.16,12.57,36.08664407964062,0,Normal / No Flood
2015,8,21,23.7,24.53,85.7,1.48,2015-08-21,58.489999999999995,99.23,140.29000000000002,0.4051974696529321,2102.221,35.076,23.63,11.16,49.18415223296874,0,Normal / No Flood
2015,8,22,23.44,23.88,87.07,1.64,2015-08-22,70.77000000000001,112.06999999999998,148.48000000000002,0.3312137911544439,2079.2315999999996,38.4416,23.7,23.63,61.570042662968746,0,Normal / No Flood
2015,8,23,8.78,24.23,81.72,1.52,2015-08-23,55.92,116.98999999999998,151.19000000000003,0.1570100143061516,1980.0756,13.3456,23.44,23.7,69.37013669810936,0,Normal / No Flood
2015,8,24,4.38,24.31,83.84,1.93,2015-08-24,36.599999999999994,107.65999999999998,152.4,0.119672131147541,2038.1504,8.4534,8.78,23.44,65.37580276674217,0,Normal / No Flood
2015,8,25,0.0,24.58,78.16,2.06,2015-08-25,13.16,95.08999999999996,149.69,0.0,1921.1728,0.0,4.38,8.78,55.5565872534453,0,Normal / No Flood
2015,8,26,0.0,25.18,76.3,1.8,2015-08-26,4.38,83.92999999999998,143.01000000000002,0.0,1921.234,0.0,0.0,4.38,43.79789326568749,0,Normal / No Flood
2015,8,27,1.92,25.62,74.79,1.54,2015-08-27,1.92,62.21999999999999,139.15,1.0,1916.1198,2.9568,0.0,0.0,34.18721501639843,0,Normal / No Flood
2015,8,28,1.04,25.44,74.72,1.46,2015-08-28,2.96,39.55999999999999,138.79,0.3513513513513513,1900.8768,1.5184,1.92,0.0,24.25218165726562,0,Normal / No Flood
2015,8,29,1.0,25.0,78.07,1.78,2015-08-29,3.96,17.119999999999983,129.19,0.2525252525252525,1951.75,1.78,1.04,1.92,15.040328965249998,0,Normal / No Flood
2015,8,30,4.6,25.5,74.47,1.95,2015-08-30,6.64,12.939999999999984,129.93,0.6927710843373494,1898.985,8.969999999999999,1.0,1.04,7.247101713546874,0,Normal / No Flood
2015,8,31,2.27,24.8,73.16,1.89,2015-08-31,7.869999999999999,10.829999999999984,118.49,0.2884371029224905,1814.368,4.2903,4.6,1.0,7.6775696466718735,0,Normal / No Flood
2015,9,1,0.36,24.86,67.32,1.9,2015-09-01,7.23,11.189999999999984,106.28,0.0497925311203319,1673.5751999999998,0.6839999999999999,2.27,4.6,7.261925699999998,0,Normal / No Flood
2015,9,2,5.09,25.06,61.83,1.62,2015-09-02,7.72,16.279999999999987,100.21,0.6593264248704663,1549.4598,8.245800000000001,0.36,2.27,6.478636844999998,0,Normal / No Flood
2015,9,3,1.96,24.88,63.69,1.34,2015-09-03,7.409999999999999,16.319999999999986,78.54,0.2645074224021592,1584.6072,2.6264000000000003,5.09,0.36,9.833341318249998,0,Normal / No Flood
2015,9,4,0.01,24.64,61.71,1.67,2015-09-04,7.06,15.289999999999983,54.85,0.0014164305949008,1520.5344,0.0167,1.96,5.09,9.501158312437498,0,Normal / No Flood
2015,9,5,0.0,24.28,63.67,1.64,2015-09-05,1.97,14.289999999999983,31.41,0.0,1545.9076,0.0,0.01,1.96,7.801094419531249,0,Normal / No Flood
2015,9,6,0.0,24.22,60.89,1.55,2015-09-06,0.01,9.689999999999984,22.630000000000003,0.0,1474.7558,0.0,0.0,0.01,6.358439731562499,0,Normal / No Flood
2015,9,7,0.0,24.07,61.36,1.76,2015-09-07,0.0,7.419999999999986,18.25,0.0,1476.9352,0.0,0.0,0.0,4.151217356648436,0,Normal / No Flood
2015,9,8,0.0,24.35,61.48,1.86,2015-09-08,0.0,7.059999999999985,18.25,0.0,1497.038,0.0,0.0,0.0,2.9099812613124993,0,Normal / No Flood
2015,9,9,0.0,24.82,61.69,1.94,2015-09-09,0.0,1.9699999999999855,18.25,0.0,1531.1458,0.0,0.0,0.0,2.3753874831015622,0,Normal / No Flood
2015,9,10,0.0,24.62,59.89,1.78,2015-09-10,0.0,0.0099999999999857,16.330000000000002,0.0,1474.4918,0.0,0.0,0.0,0.6321025881874998,0,Normal / No Flood
2015,9,11,0.0,24.61,57.49,1.67,2015-09-11,0.0,0.0,15.29,0.0,1414.8289,0.0,0.0,0.0,0.0032057708828124,0,Normal / No Flood
2015,9,12,0.0,25.33,53.95,1.51,2015-09-12,0.0,0.0,14.29,0.0,1366.5535,0.0,0.0,0.0,0.0,0,Normal / No Flood
2015,9,13,0.0,25.16,55.73,1.49,2015-09-13,0.0,0.0,9.69,0.0,1402.1668,0.0,0.0,0.0,0.0,0,Normal / No Flood
2015,9,14,0.0,25.96,56.14,1.56,2015-09-14,0.0,0.0,7.42,0.0,1457.3944,0.0,0.0,0.0,0.0,0,Normal / No Flood
2015,9,15,1.98,26.59,51.4,1.28,2015-09-15,1.98,1.9799999999999855,9.04,1.0,1366.726,2.5344,0.0,0.0,0.0,0,Normal / No Flood
2015,9,16,1.73,25.66,54.29,1.32,2015-09-16,3.71,3.7099999999999858,5.68,0.4663072776280323,1393.0814,2.2836000000000003,1.98,0.0,1.683,0,Normal / No Flood
2015,9,17,0.13,25.09,57.48,1.23,2015-09-17,3.84,3.8399999999999856,3.85,0.0338541666666666,1442.1732,0.1599,1.73,1.98,2.9010499999999997,0,Normal / No Flood
2015,9,18,0.44,25.77,55.82,1.03,2015-09-18,2.3,4.279999999999986,4.28,0.1913043478260869,1438.4814,0.4532,0.13,1.73,2.5763925,0,Normal / No Flood
2015,9,19,9.01,24.06,72.01,0.86,2015-09-19,9.58,13.289999999999983,13.29,0.940501043841336,1732.5606,7.7486,0.44,0.13,2.563933625,0,Normal / No Flood
2015,9,20,35.45,24.72,79.9,1.27,2015-09-20,44.900000000000006,48.73999999999999,48.74,0.7895322939866369,1975.128,45.0215,9.01,0.44,9.83784358125,0,Normal / No Flood
2015,9,21,1.94,25.39,73.08,1.25,2015-09-21,46.400000000000006,50.679999999999986,50.68,0.0418103448275862,1855.5012,2.425,35.45,9.01,38.494667044062496,0,Normal / No Flood
2015,9,22,17.06,23.86,84.2,2.05,2015-09-22,54.45,65.75999999999999,67.74000000000001,0.3133149678604223,2009.012,34.97299999999999,1.94,35.45,34.36946698745312,0,Normal / No Flood
2015,9,23,4.39,22.09,86.68,1.83,2015-09-23,23.39,68.41999999999999,72.13,0.1876870457460453,1914.7612,8.0337,17.06,1.94,43.17551569975781,0,Normal / No Flood
2015,9,24,0.0,21.4,80.16,1.91,2015-09-24,21.45,68.28999999999999,72.13,0.0,1715.4239999999998,0.0,4.39,17.06,39.95927973647655,0,Normal / No Flood
2015,9,25,0.0,22.3,72.34,1.6,2015-09-25,4.39,67.85,72.13,0.0,1613.182,0.0,0.0,4.39,33.92996400775,0,Normal / No Flood
2015,9,26,0.05,23.3,64.12,1.37,2015-09-26,0.05,58.889999999999986,72.18,1.0,1493.996,0.0685,0.0,0.0,28.720573575570302,0,Normal / No Flood
2015,9,27,0.01,22.74,65.29,1.55,2015-09-27,0.06,23.449999999999985,72.19,0.1666666666666666,1484.6946,0.0155,0.05,0.0,21.99984790863281,0,Normal / No Flood
2015,9,28,0.01,22.18,63.92,1.81,2015-09-28,0.07,21.519999999999985,72.2,0.1428571428571428,1417.7456,0.0181,0.01,0.05,9.048581609703122,0,Normal / No Flood
2015,9,29,0.0,22.58,59.71,1.82,2015-09-29,0.02,4.459999999999986,70.22,0.0,1348.2518,0.0,0.01,0.01,7.171162749671873,0,Normal / No Flood
2015,9,30,0.0,22.34,58.75,1.81,2015-09-30,0.01,0.0699999999999858,68.49000000000001,0.0,1312.475,0.0,0.0,0.01,1.446799980054687,0,Normal / No Flood
2015,10,1,0.0,23.17,51.76,1.65,2015-10-01,0.0,0.0699999999999858,68.36,0.0,1199.2792,0.0,0.0,0.0,0.033546578125,0,Normal / No Flood
2015,10,2,0.0,23.25,50.28,1.81,2015-10-02,0.0,0.0699999999999858,67.92,0.0,1169.01,0.0,0.0,0.0,0.0285145914062499,0,Normal / No Flood
2015,10,3,0.0,23.59,49.77,1.83,2015-10-03,0.0,0.0199999999999857,58.91,0.0,1174.0743,0.0,0.0,0.0,0.0242374026953124,0,Normal / No Flood
2015,10,4,0.0,23.53,50.26,1.27,2015-10-04,0.0,0.0099999999999857,23.46,0.0,1182.6178,0.0,0.0,0.0,0.0069772660390624,0,Normal / No Flood
2015,10,5,0.0,23.1,52.02,1.39,2015-10-05,0.0,0.0,21.52,0.0,1201.662,0.0,0.0,0.0,0.0032057708828124,0,Normal / No Flood
2015,10,6,0.0,22.86,54.56,1.66,2015-10-06,0.0,0.0,4.46,0.0,1247.2416,0.0,0.0,0.0,0.0,0,Normal / No Flood
2015,10,7,0.0,23.1,54.65,1.78,2015-10-07,0.0,0.0,0.07,0.0,1262.415,0.0,0.0,0.0,0.0,0,Normal / No Flood
2015,10,8,0.0,23.27,53.25,1.84,2015-10-08,0.0,0.0,0.07,0.0,1239.1275,0.0,0.0,0.0,0.0,0,Normal / No Flood
2015,10,9,0.0,23.96,49.96,1.62,2015-10-09,0.0,0.0,0.07,0.0,1197.0416,0.0,0.0,0.0,0.0,0,Normal / No Flood
2015,10,10,0.0,24.08,49.21,1.41,2015-10-10,0.0,0.0,0.02,0.0,1184.9768,0.0,0.0,0.0,0.0,0,Normal / No Flood
2015,10,11,0.0,23.85,51.39,1.4,2015-10-11,0.0,0.0,0.01,0.0,1225.6515000000002,0.0,0.0,0.0,0.0,0,Normal / No Flood
2015,10,12,2.27,23.69,57.79,1.22,2015-10-12,2.27,2.269999999999986,2.27,1.0,1369.0451,2.7694,0.0,0.0,0.0,0,Normal / No Flood
2015,10,13,1.17,23.15,66.86,1.08,2015-10-13,3.44,3.4399999999999857,3.44,0.3401162790697674,1547.809,1.2636,2.27,0.0,1.9295,0,Normal / No Flood
2015,10,14,5.76,21.91,73.02,1.12,2015-10-14,9.2,9.199999999999983,9.2,0.6260869565217392,1599.8682,6.4512,1.17,2.27,2.634575,0,Normal / No Flood
2015,10,15,0.11,21.57,68.61,1.19,2015-10-15,7.04,9.309999999999985,9.31,0.015625,1479.9177,0.1309,5.76,1.17,7.13538875,0,Normal / No Flood
2015,10,16,0.0,21.73,64.56,1.42,2015-10-16,5.869999999999999,9.309999999999985,9.31,0.0,1402.8888000000002,0.0,0.11,5.76,6.158580437499999,0,Normal / No Flood
2015,10,17,0.0,21.73,58.16,1.6,2015-10-17,0.1099999999999991,9.309999999999985,9.31,0.0,1263.8168,0.0,0.0,0.11,5.234793371874999,0,Normal / No Flood
2015,10,18,0.04,22.86,52.86,1.36,2015-10-18,0.0399999999999991,9.349999999999984,9.35,1.0000000000000222,1208.3796,0.0544,0.0,0.0,4.449574366093749,0,Normal / No Flood
2015,10,19,0.01,22.92,53.28,1.62,2015-10-19,0.0499999999999991,7.089999999999986,9.36,0.2000000000000035,1221.1776000000002,0.0162,0.04,0.0,3.816138211179686,0,Normal / No Flood
2015,10,20,0.0,22.52,52.22,1.46,2015-10-20,0.0499999999999991,5.919999999999986,9.36,0.0,1175.9944,0.0,0.01,0.04,2.633663987664062,0,Normal / No Flood
2015,10,21,0.0,21.22,47.93,1.4,2015-10-21,0.0099999999999991,0.1599999999999858,9.36,0.0,1017.0746,0.0,0.0,0.01,1.9198004752187496,0,Normal / No Flood
2015,10,22,0.0,20.5,46.59,1.59,2015-10-22,0.0,0.0499999999999857,9.36,0.0,955.095,0.0,0.0,0.0,0.0622849797109374,0,Normal / No Flood
2015,10,23,0.0,20.1,45.48,1.71,2015-10-23,0.0,0.0499999999999857,9.36,0.0,914.148,0.0,0.0,0.0,0.0229682749999999,0,Normal / No Flood
2015,10,24,0.09,20.59,41.63,1.17,2015-10-24,0.0899999999999991,0.1399999999999858,9.45,1.0000000000000098,857.1617,0.1052999999999999,0.0,0.0,0.0195230337499999,0,Normal / No Flood
2015,10,25,0.8,20.65,46.74,1.51,2015-10-25,0.8899999999999991,0.8999999999999858,10.25,0.898876404494383,965.181,1.2080000000000002,0.09,0.0,0.0930945786875,0,Normal / No Flood
2015,10,26,3.15,19.73,51.3,1.44,2015-10-26,4.039999999999999,4.039999999999986,11.13,0.7797029702970298,1012.149,4.536,0.8,0.09,0.7482307708828125,0,Normal / No Flood
2015,10,27,0.28,18.58,52.89,1.41,2015-10-27,4.2299999999999995,4.319999999999986,10.24,0.066193853427896,982.6962,0.3948,3.15,0.8,3.3107712499999997,0,Normal / No Flood
2015,10,28,0.07,18.57,51.43,1.35,2015-10-28,3.499999999999999,4.3899999999999855,4.55,0.02,955.0551,0.0945,0.28,3.15,3.0521555624999994,0,Normal / No Flood
2015,10,29,0.01,18.62,49.8,1.65,2015-10-29,0.3599999999999991,4.399999999999986,4.45,0.0277777777777778,927.276,0.0165,0.07,0.28,2.6538322281249997,0,Normal / No Flood
2015,10,30,0.0,17.9,43.74,1.58,2015-10-30,0.0799999999999991,4.399999999999986,4.45,0.0,782.946,0.0,0.01,0.07,2.2642573939062496,0,Normal / No Flood
2015,10,31,0.0,19.29,44.29,1.53,2015-10-31,0.0099999999999991,4.309999999999986,4.45,0.0,854.3540999999999,0.0,0.0,0.01,1.924618784820312,0,Normal / No Flood
2015,11,1,0.0,18.9,49.02,1.52,2015-11-01,0.0,3.5099999999999856,4.41,0.0,926.478,0.0,0.0,0.0,1.61140181984375,0,Normal / No Flood
2015,11,2,0.0,19.2,52.91,1.36,2015-11-02,0.0,0.3599999999999858,4.4,0.0,1015.8719999999998,0.0,0.0,0.0,1.1516991268359371,0,Normal / No Flood
2015,11,3,0.01,19.2,52.68,1.38,2015-11-03,0.0099999999999991,0.0899999999999858,4.41,1.0000000000000888,1011.456,0.0138,0.0,0.0,0.1205991039374999,0,Normal / No Flood
2015,11,4,0.28,18.95,51.14,1.41,2015-11-04,0.2899999999999991,0.2999999999999858,4.69,0.9655172413793132,969.103,0.3948,0.01,0.0,0.0347118913359374,0,Normal / No Flood
2015,11,5,2.23,19.02,51.92,1.36,2015-11-05,2.519999999999999,2.519999999999986,6.92,0.8849206349206352,987.5184,3.0328000000000004,0.28,0.01,0.2484307708828125,0,Normal / No Flood
2015,11,6,0.04,19.25,45.53,1.29,2015-11-06,2.5499999999999994,2.559999999999986,6.96,0.0156862745098039,876.4525,0.0516,2.23,0.28,2.10394125,0,Normal / No Flood
2015,11,7,0.0,17.9,45.13,1.48,2015-11-07,2.269999999999999,2.559999999999986,6.87,0.0,807.827,0.0,0.04,2.23,1.8223500625,0,Normal / No Flood
2015,11,8,0.05,17.98,47.93,1.51,2015-11-08,0.0899999999999991,2.6099999999999857,6.12,0.5555555555555611,861.7814,0.0755,0.0,0.04,1.5489975531249998,0,Normal / No Flood
2015,11,9,0.0,18.45,48.74,1.38,2015-11-09,0.0499999999999991,2.6099999999999857,2.97,0.0,899.253,0.0,0.05,0.0,1.3591479201562495,0,Normal / No Flood
2015,11,10,0.0,18.26,48.65,1.35,2015-11-10,0.0499999999999991,2.599999999999986,2.6899999999999995,0.0,888.349,0.0,0.0,0.05,1.1552757321328124,0,Normal / No Flood
2015,11,11,0.0,17.01,52.78,2.08,2015-11-11,0.0,2.3199999999999856,2.6199999999999997,0.0,897.7878000000001,0.0,0.0,0.0,0.9792594670624998,0,Normal / No Flood
2015,11,12,0.0,18.21,47.82,1.75,2015-11-12,0.0,0.0899999999999857,2.61,0.0,870.8022000000001,0.0,0.0,0.0,0.7560731999921874,0,Normal / No Flood
2015,11,13,0.01,19.39,51.94,2.25,2015-11-13,0.0099999999999991,0.0599999999999857,2.62,1.0000000000000888,1007.1166,0.0225,0.0,0.0,0.0350083491562499,0,Normal / No Flood
2015,11,14,0.0,18.21,53.26,2.0,2015-11-14,0.0099999999999991,0.0599999999999857,2.62,0.0,969.8646,0.0,0.01,0.0,0.0273574757812499,0,Normal / No Flood
2015,11,15,0.0,17.98,46.79,1.73,2015-11-15,0.0099999999999991,0.0099999999999857,2.62,0.0,841.2842,0.0,0.0,0.01,0.0232538544140624,0,Normal / No Flood
2015,11,16,0.01,16.87,48.93,1.97,2015-11-16,0.0099999999999991,0.0199999999999857,2.63,1.0000000000000888,825.4491,0.0197,0.0,0.0,0.0061412499999999,0,Normal / No Flood
2015,11,17,0.0,16.77,40.11,1.9,2015-11-17,0.0099999999999991,0.0199999999999857,2.6199999999999997,0.0,672.6447,0.0,0.01,0.0,0.0137200625,0,Normal / No Flood
2015,11,18,0.0,16.86,35.32,1.71,2015-11-18,0.0099999999999991,0.0199999999999857,2.34,0.0,595.4952,0.0,0.0,0.01,0.0116620531249999,0,Normal / No Flood
2015,11,19,0.0,17.14,35.11,1.49,2015-11-19,0.0,0.0199999999999857,0.11,0.0,601.7854,0.0,0.0,0.0,0.0099127451562499,0,Normal / No Flood
2015,11,20,0.0,17.65,38.77,1.43,2015-11-20,0.0,0.0099999999999857,0.07,0.0,684.2905,0.0,0.0,0.0,0.0084258333828124,0,Normal / No Flood
2015,11,21,0.0,18.2,39.66,1.43,2015-11-21,0.0,0.0099999999999857,0.07,0.0,721.8119999999999,0.0,0.0,0.0,0.004437053125,0,Normal / No Flood
2015,11,22,0.0,17.65,39.5,1.55,2015-11-22,0.0,0.0099999999999857,0.02,0.0,697.175,0.0,0.0,0.0,0.0037714951562499,0,Normal / No Flood
2015,11,23,0.0,16.65,39.46,1.11,2015-11-23,0.0,0.0,0.02,0.0,657.009,0.0,0.0,0.0,0.0032057708828124,0,Normal / No Flood
2015,11,24,0.0,16.49,38.59,1.62,2015-11-24,0.0,0.0,0.02,0.0,636.3491,0.0,0.0,0.0,0.0,0,Normal / No Flood
2015,11,25,0.0,16.31,38.36,1.83,2015-11-25,0.0,0.0,0.02,0.0,625.6515999999999,0.0,0.0,0.0,0.0,0,Normal / No Flood
2015,11,26,0.77,16.92,44.39,1.58,2015-11-26,0.7699999999999991,0.7699999999999858,0.79,1.000000000000001,751.0788000000001,1.2166,0.0,0.0,0.0,0,Normal / No Flood
2015,11,27,0.71,15.43,56.95,1.15,2015-11-27,1.479999999999999,1.4799999999999858,1.49,0.47972972972973,878.7385,0.8164999999999999,0.77,0.0,0.6545,0,Normal / No Flood
2015,11,28,0.18,16.2,60.17,1.4,2015-11-28,1.659999999999999,1.6599999999999857,1.67,0.1084337349397591,974.754,0.252,0.71,0.77,1.159825,0,Normal / No Flood
2015,11,29,0.0,16.42,56.62,1.61,2015-11-29,0.889999999999999,1.6599999999999857,1.67,0.0,929.7004,0.0,0.18,0.71,1.13885125,0,Normal / No Flood
2015,11,30,0.0,17.31,53.46,1.41,2015-11-30,0.1799999999999991,1.6599999999999857,1.66,0.0,925.3926,0.0,0.0,0.18,0.9680235624999998,0,Normal / No Flood
2015,12,1,0.0,16.57,49.2,1.6,2015-12-01,0.0,1.6599999999999857,1.66,0.0,815.244,0.0,0.0,0.0,0.8228200281249999,0,Normal / No Flood
2015,12,2,0.0,15.8,50.42,1.45,2015-12-02,0.0,1.6599999999999857,1.66,0.0,796.6360000000001,0.0,0.0,0.0,0.6993970239062499,0,Normal / No Flood
2015,12,3,0.0,15.02,50.37,2.02,2015-12-03,0.0,0.8899999999999857,1.66,0.0,756.5573999999999,0.0,0.0,0.0,0.5944874703203124,0,Normal / No Flood
2015,12,4,0.0,15.38,41.59,1.56,2015-12-04,0.0,0.1799999999999857,1.66,0.0,639.6542000000001,0.0,0.0,0.0,0.2954966454921874,0,Normal / No Flood
2015,12,5,0.0,15.96,40.41,1.46,2015-12-05,0.0,0.0,1.66,0.0,644.9436,0.0,0.0,0.0,0.0577038758906249,0,Normal / No Flood
2015,12,6,0.0,15.87,39.25,1.21,2015-12-06,0.0,0.0,1.66,0.0,622.8974999999999,0.0,0.0,0.0,0.0,0,Normal / No Flood
2015,12,7,0.0,15.65,40.06,1.27,2015-12-07,0.0,0.0,1.66,0.0,626.9390000000001,0.0,0.0,0.0,0.0,0,Normal / No Flood
2015,12,8,0.0,15.97,41.01,1.29,2015-12-08,0.0,0.0,1.66,0.0,654.9297,0.0,0.0,0.0,0.0,0,Normal / No Flood
2015,12,9,0.0,14.38,41.95,1.84,2015-12-09,0.0,0.0,1.66,0.0,603.2410000000001,0.0,0.0,0.0,0.0,0,Normal / No Flood
2015,12,10,0.86,14.52,47.08,2.16,2015-12-10,0.8599999999999991,0.8599999999999858,1.75,1.000000000000001,683.6016,1.8576,0.0,0.0,0.0,0,Normal / No Flood
2015,12,11,15.41,12.24,69.24,1.86,2015-12-11,16.27,16.269999999999985,16.45,0.947141979102643,847.4975999999999,28.6626,0.86,0.0,0.731,0,Normal / No Flood
2015,12,12,1.28,12.16,65.45,1.06,2015-12-12,17.55,17.549999999999986,17.55,0.0729344729344729,795.8720000000001,1.3568,15.41,0.86,13.71985,0,Normal / No Flood
2015,12,13,0.0,11.95,52.71,1.31,2015-12-13,16.69,17.549999999999986,17.55,0.0,629.8845,0.0,1.28,15.41,12.7498725,0,Normal / No Flood
2015,12,14,0.0,10.83,47.6,1.77,2015-12-14,1.28,17.549999999999986,17.55,0.0,515.508,0.0,0.0,1.28,10.837391625,0,Normal / No Flood
2015,12,15,0.0,11.37,43.68,1.77,2015-12-15,0.0,17.549999999999986,17.55,0.0,496.6416,0.0,0.0,0.0,9.21178288125,0,Normal / No Flood
2015,12,16,0.0,12.32,34.87,1.47,2015-12-16,0.0,17.549999999999986,17.55,0.0,429.5984,0.0,0.0,0.0,7.830015449062499,0,Normal / No Flood
2015,12,17,0.2,10.65,38.0,1.41,2015-12-17,0.2,16.889999999999986,17.75,1.0,404.7,0.282,0.0,0.0,6.655513131703124,0,Normal / No Flood
2015,12,18,0.0,9.45,39.7,2.04,2015-12-18,0.2,1.4799999999999858,17.75,0.0,375.165,0.0,0.2,0.0,5.592844310414061,0,Normal / No Flood
2015,12,19,0.0,11.08,34.13,1.6,2015-12-19,0.2,0.1999999999999858,17.75,0.0,378.1604,0.0,0.0,0.2,0.5548386729999999,0,Normal / No Flood
2015,12,20,0.0,10.41,37.84,1.45,2015-12-20,0.0,0.1999999999999858,17.75,0.0,393.91440000000006,0.0,0.0,0.0,0.1228249999999999,0,Normal / No Flood
2015,12,21,0.0,10.37,38.81,1.5,2015-12-21,0.0,0.1999999999999858,17.75,0.0,402.4597,0.0,0.0,0.0,0.1044012499999999,0,Normal / No Flood
2015,12,22,0.0,10.48,39.88,1.55,2015-12-22,0.0,0.1999999999999858,17.75,0.0,417.9424,0.0,0.0,0.0,0.0887410625,0,Normal / No Flood
2015,12,23,0.07,9.36,42.42,1.54,2015-12-23,0.07,0.2699999999999858,17.82,1.0,397.0512,0.1078,0.0,0.0,0.0754299031249999,0,Normal / No Flood
2015,12,24,0.07,7.89,50.38,2.13,2015-12-24,0.14,0.1399999999999858,17.03,0.5,397.4982,0.1491,0.07,0.0,0.12361541765625,0,Normal / No Flood
2015,12,25,0.0,9.74,34.34,1.78,2015-12-25,0.14,0.1399999999999858,1.62,0.0,334.4716,0.0,0.07,0.07,0.110075,0,Normal / No Flood
2015,12,26,0.0,11.51,32.75,2.19,2015-12-26,0.07,0.1399999999999858,0.34,0.0,376.9525,0.0,0.0,0.07,0.09356375,0,Normal / No Flood
2015,12,27,0.0,14.25,39.18,1.95,2015-12-27,0.0,0.1399999999999858,0.34,0.0,558.3149999999999,0.0,0.0,0.0,0.0795291874999999,0,Normal / No Flood
2015,12,28,0.0,14.56,45.59,1.83,2015-12-28,0.0,0.1399999999999858,0.34,0.0,663.7904000000001,0.0,0.0,0.0,0.0675998093749999,0,Normal / No Flood
2015,12,29,0.0,14.43,44.47,2.19,2015-12-29,0.0,0.1399999999999858,0.34,0.0,641.7021,0.0,0.0,0.0,0.05745983796875,0,Normal / No Flood
2015,12,30,0.0,13.43,40.06,1.59,2015-12-30,0.0,0.0699999999999858,0.34,0.0,538.0058,0.0,0.0,0.0,0.0488408622734374,0,Normal / No Flood
2015,12,31,0.0,13.17,31.44,1.61,2015-12-31,0.0,0.0,0.14,0.0,414.0648,0.0,0.0,0.0,0.0224403961796874,0,Normal / No Flood
2016,1,1,0.0,12.72,33.01,1.17,2016-01-01,0.0,0.0,0.14,0.0,419.8872,0.0,0.0,0.0,0.0,0,Normal / No Flood
2016,1,2,0.0,12.64,33.07,1.73,2016-01-02,0.0,0.0,0.14,0.0,418.0048000000001,0.0,0.0,0.0,0.0,0,Normal / No Flood
2016,1,3,0.0,13.69,31.55,1.73,2016-01-03,0.0,0.0,0.14,0.0,431.9195,0.0,0.0,0.0,0.0,0,Normal / No Flood
2016,1,4,0.7,13.68,37.7,1.04,2016-01-04,0.7,0.6999999999999857,0.84,1.0,515.736,0.728,0.0,0.0,0.0,0,Normal / No Flood
2016,1,5,0.18,14.57,47.06,1.45,2016-01-05,0.8799999999999999,0.8799999999999857,1.02,0.2045454545454545,685.6642,0.261,0.7,0.0,0.595,0,Normal / No Flood
2016,1,6,0.0,14.05,49.11,1.53,2016-01-06,0.8799999999999999,0.8799999999999857,0.95,0.0,689.9955,0.0,0.18,0.7,0.65875,0,Normal / No Flood
2016,1,7,2.97,13.31,55.1,1.38,2016-01-07,3.1500000000000004,3.849999999999986,3.85,0.9428571428571428,733.3810000000001,4.0986,0.0,0.18,0.5599374999999999,0,Normal / No Flood
2016,1,8,2.44,12.37,57.45,1.6,2016-01-08,5.41,6.289999999999986,6.29,0.4510166358595194,710.6564999999999,3.904,2.97,0.0,3.0004468749999997,0,Normal / No Flood
2016,1,9,0.0,11.15,53.61,2.02,2016-01-09,5.41,6.289999999999986,6.29,0.0,597.7515,0.0,2.44,2.97,4.62437984375,0,Normal / No Flood
2016,1,10,0.0,12.5,39.98,1.5,2016-01-10,2.4399999999999995,6.289999999999986,6.29,0.0,499.74999999999994,0.0,0.0,2.44,3.9307228671874994,0,Normal / No Flood
2016,1,11,0.0,13.02,40.15,1.34,2016-01-11,0.0,5.589999999999986,6.29,0.0,522.7529999999999,0.0,0.0,0.0,3.3411144371093746,0,Normal / No Flood
2016,1,12,0.01,13.85,39.24,1.37,2016-01-12,0.0099999999999995,5.419999999999986,6.3,1.0000000000000444,543.474,0.0137,0.0,0.0,2.649203904015625,0,Normal / No Flood
2016,1,13,1.57,12.41,46.04,1.55,2016-01-13,1.5799999999999996,6.989999999999986,7.87,0.9936708860759496,571.3564,2.4335,0.01,0.0,2.2112750239062495,0,Normal / No Flood
2016,1,14,0.0,11.7,49.07,1.27,2016-01-14,1.5799999999999996,4.019999999999985,7.87,0.0,574.1189999999999,0.0,1.57,0.01,3.214083770320312,0,Normal / No Flood
2016,1,15,0.0,11.16,53.75,1.49,2016-01-15,1.5699999999999996,1.579999999999986,7.87,0.0,599.85,0.0,0.0,1.57,1.9226743454062496,0,Normal / No Flood
2016,1,16,0.0,10.69,48.48,1.89,2016-01-16,0.0,1.579999999999986,7.87,0.0,518.2511999999999,0.0,0.0,0.0,0.9693963125,0,Normal / No Flood
2016,1,17,0.0,11.44,42.38,1.22,2016-01-17,0.0,1.579999999999986,7.87,0.0,484.8272,0.0,0.0,0.0,0.8239868656249999,0,Normal / No Flood
2016,1,18,0.0,11.08,43.3,1.65,2016-01-18,0.0,1.579999999999986,7.17,0.0,479.7639999999999,0.0,0.0,0.0,0.7003888357812499,0,Normal / No Flood
2016,1,19,0.48,10.46,44.37,1.59,2016-01-19,0.4799999999999995,2.0499999999999856,7.470000000000001,1.0000000000000009,464.1102,0.7632,0.0,0.0,0.5953305104140624,0,Normal / No Flood
2016,1,20,0.07,8.92,47.53,1.97,2016-01-20,0.5499999999999996,0.5499999999999858,7.54,0.1272727272727273,423.9676,0.1379,0.48,0.0,0.9113060286015624,0,Normal / No Flood
2016,1,21,0.0,8.08,34.6,1.93,2016-01-21,0.5499999999999996,0.5499999999999858,4.57,0.0,279.56800000000004,0.0,0.07,0.48,0.4062999999999999,0,Normal / No Flood
2016,1,22,0.0,8.92,30.41,1.41,2016-01-22,0.0699999999999995,0.5499999999999858,2.13,0.0,271.2572,0.0,0.0,0.07,0.3453549999999999,0,Normal / No Flood
2016,1,23,0.0,9.58,31.95,1.65,2016-01-23,0.0,0.5499999999999858,2.13,0.0,306.081,0.0,0.0,0.0,0.2935517499999999,0,Normal / No Flood
2016,1,24,0.0,10.34,31.91,1.48,2016-01-24,0.0,0.5499999999999858,2.13,0.0,329.94939999999997,0.0,0.0,0.0,0.2495189874999999,0,Normal / No Flood
2016,1,25,0.0,10.1,35.03,1.59,2016-01-25,0.0,0.5499999999999858,2.13,0.0,353.803,0.0,0.0,0.0,0.2120911393749999,0,Normal / No Flood
2016,1,26,0.0,12.68,34.34,1.29,2016-01-26,0.0,0.0699999999999858,2.12,0.0,435.4312000000001,0.0,0.0,0.0,0.1802774684687499,0,Normal / No Flood
2016,1,27,0.0,12.73,42.17,1.56,2016-01-27,0.0,0.0,0.55,0.0,536.8241,0.0,0.0,0.0,0.0224403961796874,0,Normal / No Flood
2016,1,28,0.0,13.15,48.99,2.0,2016-01-28,0.0,0.0,0.55,0.0,644.2185000000001,0.0,0.0,0.0,0.0,0,Normal / No Flood
2016,1,29,8.7,14.5,46.25,1.41,2016-01-29,8.7,8.699999999999985,9.25,1.0,670.625,12.266999999999998,0.0,0.0,0.0,0,Normal / No Flood
2016,1,30,1.93,13.96,53.47,1.5,2016-01-30,10.63,10.629999999999985,11.18,0.1815616180620884,746.4412,2.895,8.7,0.0,7.395,0,Normal / No Flood
2016,1,31,0.83,12.6,53.01,1.65,2016-01-31,11.46,11.459999999999985,12.01,0.0724258289703315,667.9259999999999,1.3695,1.93,8.7,7.926249999999998,0,Normal / No Flood
2016,2,1,0.0,11.49,45.52,1.63,2016-02-01,2.76,11.459999999999985,12.01,0.0,523.0248,0.0,0.83,1.93,7.442812499999999,0,Normal / No Flood
2016,2,2,0.0,11.79,41.03,1.51,2016-02-02,0.83,11.459999999999985,11.53,0.0,483.7437,0.0,0.0,0.83,6.326390624999998,0,Normal / No Flood
2016,2,3,0.0,11.74,42.03,2.03,2016-02-03,0.0,11.459999999999985,11.46,0.0,493.4322,0.0,0.0,0.0,5.377432031249999,0,Normal / No Flood
2016,2,4,0.0,13.81,35.44,1.54,2016-02-04,0.0,11.459999999999985,11.46,0.0,489.4264,0.0,0.0,0.0,4.5708172265624984,0,Normal / No Flood
2016,2,5,0.0,15.25,32.39,1.33,2016-02-05,0.0,2.7599999999999856,11.46,0.0,493.9475,0.0,0.0,0.0,3.885194642578124,0,Normal / No Flood
2016,2,6,0.0,14.42,32.4,1.94,2016-02-06,0.0,0.8299999999999857,11.46,0.0,467.208,0.0,0.0,0.0,0.9317478783515624,0,Normal / No Flood
2016,2,7,12.96,10.72,61.37,1.63,2016-02-07,12.96,12.959999999999988,24.42,1.0,657.8864,21.1248,0.0,0.0,0.2660789832734374,0,Normal / No Flood
2016,2,8,0.0,12.23,60.38,1.63,2016-02-08,12.96,12.959999999999988,24.42,0.0,738.4474,0.0,12.96,0.0,11.016,0,Normal / No Flood
2016,2,9,0.0,13.68,50.75,1.72,2016-02-09,12.96,12.959999999999988,24.42,0.0,694.26,0.0,0.0,12.96,9.3636,0,Normal / No Flood
2016,2,10,0.16,13.87,42.39,1.64,2016-02-10,0.16,13.119999999999989,24.58,1.0,587.9493,0.2623999999999999,0.0,0.0,7.959059999999999,0,Normal / No Flood
2016,2,11,0.46,12.68,37.74,3.16,2016-02-11,0.62,13.579999999999986,25.04,0.7419354838709677,478.5432,1.4536000000000002,0.16,0.0,6.9012009999999995,0,Normal / No Flood
2016,2,12,0.01,12.42,31.97,1.62,2016-02-12,0.63,13.589999999999987,16.35,0.0158730158730158,397.0674,0.0162,0.46,0.16,6.257020849999999,0,Normal / No Flood
2016,2,13,3.75,12.58,36.02,0.89,2016-02-13,4.22,17.339999999999986,18.17,0.8886255924170616,453.1316000000001,3.3375,0.01,0.46,5.3269677225,0,Normal / No Flood
2016,2,14,0.02,12.37,40.16,1.59,2016-02-14,3.78,4.399999999999985,17.36,0.0052910052910052,496.77919999999995,0.0318,3.75,0.01,7.715422564124999,0,Normal / No Flood
2016,2,15,0.0,12.59,41.28,1.72,2016-02-15,3.77,4.399999999999985,17.36,0.0,519.7152,0.0,0.02,3.75,3.043631975,0,Normal / No Flood
2016,2,16,0.0,13.88,36.42,1.79,2016-02-16,0.02,4.399999999999985,17.36,0.0,505.5096,0.0,0.0,0.02,2.5870871787499996,0,Normal / No Flood
2016,2,17,0.0,15.48,28.23,1.78,2016-02-17,0.0,4.239999999999985,17.36,0.0,437.0004,0.0,0.0,0.0,2.1990241019374994,0,Normal / No Flood
2016,2,18,0.21,18.07,35.38,1.15,2016-02-18,0.21,3.9899999999999856,17.57,1.0,639.3166000000001,0.2414999999999999,0.0,0.0,1.8255720026406248,0,Normal / No Flood
2016,2,19,1.17,19.86,44.17,0.97,2016-02-19,1.38,5.149999999999986,18.74,0.8478260869565217,877.2162,1.1348999999999998,0.21,0.0,1.6048905607265624,0,Normal / No Flood
2016,2,20,11.37,16.14,70.68,1.28,2016-02-20,12.75,12.769999999999984,30.11,0.8917647058823529,1140.7752,14.5536,1.17,0.21,2.355932071367187,0,Normal / No Flood
2016,2,21,0.0,15.67,53.18,2.33,2016-02-21,12.539999999999996,12.749999999999986,17.15,0.0,833.3306,0.0,11.37,1.17,10.645202791765623,0,Normal / No Flood
2016,2,22,0.0,16.07,35.74,2.54,2016-02-22,11.369999999999996,12.749999999999986,17.15,0.0,574.3418,0.0,0.0,11.37,9.0429725625,0,Normal / No Flood
2016,2,23,0.0,17.38,29.08,2.09,2016-02-23,0.0,12.749999999999986,17.15,0.0,505.4103999999999,0.0,0.0,0.0,7.686526678124999,0,Normal / No Flood
2016,2,24,0.0,18.89,22.1,1.64,2016-02-24,0.0,12.749999999999986,16.990000000000002,0.0,417.4690000000001,0.0,0.0,0.0,6.533547676406249,0,Normal / No Flood
2016,2,25,0.0,17.03,25.44,1.69,2016-02-25,0.0,12.539999999999983,16.53,0.0,433.24320000000006,0.0,0.0,0.0,5.553515524945311,0,Normal / No Flood
2016,2,26,0.0,17.5,27.84,1.76,2016-02-26,0.0,11.369999999999983,16.519999999999996,0.0,487.2,0.0,0.0,0.0,4.663265185945312,0,Normal / No Flood
2016,2,27,0.0,17.79,30.45,1.56,2016-02-27,0.0,0.0,12.769999999999998,0.0,541.7054999999999,0.0,0.0,0.0,3.6449614937578114,0,Normal / No Flood
2016,2,28,0.0,17.97,36.38,1.44,2016-02-28,0.0,0.0,12.749999999999998,0.0,653.7486,0.0,0.0,0.0,0.0,0,Normal / No Flood
2016,2,29,0.04,17.75,38.5,1.48,2016-02-29,0.04,0.0399999999999857,12.789999999999996,1.0,683.375,0.0592,0.0,0.0,0.0,0,Normal / No Flood
2016,3,1,0.01,18.43,38.17,1.83,2016-03-01,0.05,0.0499999999999857,12.8,0.1999999999999999,703.4731,0.0183,0.04,0.0,0.034,0,Normal / No Flood
2016,3,2,0.0,19.21,38.46,1.62,2016-03-02,0.05,0.0499999999999857,12.8,0.0,738.8166,0.0,0.01,0.04,0.0374,0,Normal / No Flood
2016,3,3,0.0,20.85,33.79,2.25,2016-03-03,0.01,0.0499999999999857,12.59,0.0,704.5215000000001,0.0,0.0,0.01,0.03179,0,Normal / No Flood
2016,3,4,0.05,20.55,37.28,2.21,2016-03-04,0.05,0.0999999999999858,11.47,1.0,766.104,0.1105,0.0,0.0,0.0270214999999999,0,Normal / No Flood
2016,3,5,5.66,18.64,46.42,1.42,2016-03-05,5.71,5.759999999999986,5.76,0.9912434325744308,865.2688,8.0372,0.05,0.0,0.0654682749999999,0,Normal / No Flood
2016,3,6,6.57,17.81,54.22,1.65,2016-03-06,12.28,12.329999999999986,12.33,0.5350162866449512,965.6582,10.8405,5.66,0.05,4.86664803375,0,Normal / No Flood
2016,3,7,1.96,17.46,53.48,1.72,2016-03-07,14.19,14.249999999999986,14.29,0.1381254404510218,933.7608,3.3712,6.57,5.66,9.7211508286875,0,Normal / No Flood
2016,3,8,0.07,19.05,45.28,1.37,2016-03-08,8.600000000000001,14.309999999999985,14.36,0.0081395348837209,862.5840000000001,0.0959,1.96,6.57,9.918078583382814,0,Normal / No Flood
2016,3,9,0.0,18.34,46.93,1.35,2016-03-09,2.03,14.309999999999985,14.36,0.0,860.6962,0.0,0.07,1.96,8.487141890624999,0,Normal / No Flood
2016,3,10,0.06,20.13,43.69,1.92,2016-03-10,0.13,14.369999999999983,14.42,0.4615384615384615,879.4796999999999,0.1152,0.0,0.07,7.214070607031248,0,Normal / No Flood
2016,3,11,11.28,18.78,56.96,2.07,2016-03-11,11.34,25.599999999999987,25.7,0.9947089947089948,1069.7088,23.349599999999995,0.06,0.0,6.182960015976561,0,Normal / No Flood
2016,3,12,34.47,17.05,64.87,2.95,2016-03-12,45.81,54.40999999999998,60.17,0.7524557956777995,1106.0335000000002,101.6865,11.28,0.06,14.829891487328124,0,Normal / No Flood
2016,3,13,14.68,15.44,77.33,1.86,2016-03-13,60.43,62.51999999999998,74.85,0.2429256991560483,1193.9752,27.3048,34.47,11.28,40.36261139250781,0,Normal / No Flood
2016,3,14,1.24,16.25,62.43,1.31,2016-03-14,50.39000000000001,61.79999999999998,76.05,0.0246080571541972,1014.4875,1.6244,14.68,34.47,44.99595693412499,0,Normal / No Flood
2016,3,15,0.0,16.25,51.92,1.98,2016-03-15,15.920000000000009,61.72999999999998,76.04,0.0,843.7,0.0,1.24,14.68,38.76648196492969,0,Normal / No Flood
2016,3,16,0.0,16.9,45.66,2.41,2016-03-16,1.240000000000007,61.72999999999998,76.04,0.0,771.6539999999999,0.0,0.0,1.24,32.93243533343749,0,Normal / No Flood
2016,3,17,10.2,17.43,55.27,2.01,2016-03-17,10.200000000000006,71.86999999999998,86.24000000000001,0.9999999999999992,963.3561,20.501999999999995,0.0,0.0,27.99257003342187,0,Normal / No Flood
2016,3,18,5.91,18.46,57.42,2.28,2016-03-18,16.110000000000007,66.49999999999999,92.1,0.3668528864059588,1059.9732,13.474799999999998,10.2,0.0,32.447335096906244,0,Normal / No Flood
2016,3,19,4.08,20.75,49.53,1.4,2016-03-19,20.190000000000005,36.109999999999985,90.52,0.2020802377414561,1027.7475,5.712,5.91,10.2,29.530041709929684,0,Normal / No Flood
2016,3,20,0.71,19.37,50.17,1.9,2016-03-20,10.700000000000006,22.139999999999983,84.66,0.0663551401869158,971.7929,1.349,4.08,5.91,19.175787055343747,0,Normal / No Flood
2016,3,21,0.06,16.8,47.71,3.05,2016-03-21,4.850000000000007,20.959999999999987,82.75999999999999,0.0123711340206185,801.528,0.183,0.71,4.08,12.902758089468747,0,Normal / No Flood
2016,3,22,0.0,18.2,35.35,2.58,2016-03-22,0.7700000000000071,20.959999999999987,82.69,0.0,643.37,0.0,0.06,0.71,10.680456125,0,Normal / No Flood
2016,3,23,0.0,20.43,31.92,1.99,2016-03-23,0.0600000000000071,20.959999999999987,82.69,0.0,652.1256000000001,0.0,0.0,0.06,9.078387706249998,0,Normal / No Flood
2016,3,24,0.0,22.05,32.36,1.3,2016-03-24,0.0,10.759999999999986,82.63,0.0,713.538,0.0,0.0,0.0,7.716629550312498,0,Normal / No Flood
2016,3,25,0.0,23.64,38.28,1.72,2016-03-25,0.0,4.849999999999985,71.35,0.0,904.9392,0.0,0.0,0.0,3.779731762367187,0,Normal / No Flood
2016,3,26,0.0,22.72,42.81,1.56,2016-03-26,0.0,0.7699999999999858,36.88,0.0,972.6432,0.0,0.0,0.0,1.6023529950312496,0,Normal / No Flood
2016,3,27,0.96,21.44,42.49,1.81,2016-03-27,0.9600000000000072,1.0199999999999858,23.16,0.9999999999999926,910.9856,1.7376,0.0,0.0,0.2502387036171874,0,Normal / No Flood
2016,3,28,0.21,20.97,41.64,1.84,2016-03-28,1.170000000000007,1.1699999999999855,22.130000000000003,0.1794871794871784,873.1908,0.3864,0.96,0.0,0.835234625296875,0,Normal / No Flood
2016,3,29,0.0,21.67,41.45,1.98,2016-03-29,1.170000000000007,1.1699999999999855,22.130000000000003,0.0,898.2215000000001,0.0,0.21,0.96,0.8720999999999999,0,Normal / No Flood
2016,3,30,0.0,22.46,39.72,2.11,2016-03-30,0.2100000000000071,1.1699999999999855,22.130000000000003,0.0,892.1112,0.0,0.0,0.21,0.7412849999999999,0,Normal / No Flood
2016,3,31,0.0,23.3,36.88,2.17,2016-03-31,0.0,1.1699999999999855,11.93,0.0,859.3040000000001,0.0,0.0,0.0,0.6300922499999998,0,Normal / No Flood
2016,4,1,0.0,24.01,41.85,2.32,2016-04-01,0.0,1.1699999999999855,6.0200000000000005,0.0,1004.8185,0.0,0.0,0.0,0.5355784124999999,0,Normal / No Flood
2016,4,2,0.0,26.54,41.5,1.91,2016-04-02,0.0,1.1699999999999855,1.94,0.0,1101.41,0.0,0.0,0.0,0.4552416506249999,0,Normal / No Flood
2016,4,3,0.06,26.73,42.12,1.26,2016-04-03,0.0600000000000071,0.2699999999999858,1.29,0.9999999999998817,1125.8676,0.0756,0.0,0.0,0.3869554030312499,0,Normal / No Flood
2016,4,4,3.38,25.89,40.79,1.67,2016-04-04,3.440000000000007,3.4399999999999857,4.609999999999999,0.9825581395348816,1056.0531,5.6446,0.06,0.0,0.1183211885390624,0,Normal / No Flood
2016,4,5,2.3,22.7,49.86,1.78,2016-04-05,5.740000000000007,5.739999999999986,6.91,0.4006968641114977,1131.822,4.093999999999999,3.38,0.06,2.9163499999999996,0,Normal / No Flood
2016,4,6,4.38,23.21,41.18,1.86,2016-04-06,10.060000000000006,10.119999999999983,11.29,0.4353876739562621,955.7878,8.1468,2.3,3.38,4.4338975,0,Normal / No Flood
2016,4,7,2.0,22.49,47.02,1.91,2016-04-07,8.680000000000007,12.119999999999983,13.29,0.2304147465437786,1057.4798,3.82,4.38,2.3,7.491812874999999,0,Normal / No Flood
2016,4,8,0.22,22.59,39.39,1.57,2016-04-08,6.600000000000007,12.339999999999986,13.51,0.0333333333333333,889.8201,0.3454,2.0,4.38,8.068040943749999,0,Normal / No Flood
2016,4,9,0.0,23.52,35.09,2.02,2016-04-09,2.2200000000000064,12.339999999999986,13.51,0.0,825.3168000000001,0.0,0.22,2.0,7.044834802187499,0,Normal / No Flood
2016,4,10,0.0,23.39,37.61,2.27,2016-04-10,0.2200000000000062,12.279999999999983,12.55,0.0,879.6979,0.0,0.0,0.22,5.988109581859374,0,Normal / No Flood
2016,4,11,0.99,22.7,41.65,2.22,2016-04-11,0.9900000000000062,9.889999999999986,13.329999999999998,0.9999999999999936,945.455,2.1978,0.0,0.0,5.073543713078124,0,Normal / No Flood
2016,4,12,0.03,22.43,42.82,2.87,2016-04-12,1.0200000000000062,7.619999999999985,13.36,0.0294117647058821,960.4526,0.0861,0.99,0.0,4.232994181484374,0,Normal / No Flood
2016,4,13,0.03,23.82,38.57,3.17,2016-04-13,1.0500000000000065,3.269999999999986,13.39,0.0285714285714284,918.7374,0.0950999999999999,0.03,0.99,2.9968168466718743,0,Normal / No Flood
2016,4,14,0.01,25.3,32.76,2.62,2016-04-14,0.0700000000000062,1.2799999999999858,13.4,0.1428571428571302,828.828,0.0262,0.03,0.03,1.3792858199999998,0,Normal / No Flood
2016,4,15,0.0,26.6,27.16,2.26,2016-04-15,0.0400000000000062,1.0599999999999858,13.4,0.0,722.456,0.0,0.01,0.03,0.6359118969218749,0,Normal / No Flood
2016,4,16,0.0,29.15,31.88,2.39,2016-04-16,0.0100000000000062,1.0599999999999858,13.4,0.0,929.302,0.0,0.0,0.01,0.4805771968749999,0,Normal / No Flood
2016,4,17,2.5,30.16,33.77,1.61,2016-04-17,2.500000000000006,3.559999999999986,15.839999999999998,0.9999999999999976,1018.5032,4.025,0.0,0.0,0.4084906173437499,0,Normal / No Flood
2016,4,18,3.3,28.14,40.68,1.42,2016-04-18,5.800000000000006,5.869999999999986,15.76,0.5689655172413787,1144.7352,4.686,2.5,0.0,2.4722170247421875,0,Normal / No Flood
2016,4,19,0.25,28.1,34.44,1.58,2016-04-19,6.050000000000006,6.089999999999986,13.71,0.0413223140495867,967.764,0.395,3.3,2.5,4.636618851242187,0,Normal / No Flood
2016,4,20,0.0,26.93,33.13,2.55,2016-04-20,3.550000000000006,6.059999999999985,9.33,0.0,892.1909,0.0,0.25,3.3,4.145451307804687,0,Normal / No Flood
2016,4,21,0.0,25.93,31.06,3.07,2016-04-21,0.2500000000000062,6.049999999999986,7.33,0.0,805.3857999999999,0.0,0.0,0.25,3.515458895882812,0,Normal / No Flood
2016,4,22,4.82,25.36,41.75,1.98,2016-04-22,4.8200000000000065,10.869999999999989,11.93,0.9999999999999988,1058.78,9.5436,0.0,0.0,2.9854151562499993,0,Normal / No Flood
2016,4,23,0.28,24.26,33.16,2.5,2016-04-23,5.100000000000007,11.149999999999986,12.21,0.0549019607843136,804.4616,0.7000000000000001,4.82,0.0,6.6346028828125,0,Normal / No Flood
2016,4,24,0.0,23.99,24.69,2.52,2016-04-24,5.100000000000007,8.649999999999986,12.21,0.0,592.3131,0.0,0.28,4.82,5.877412450390624,0,Normal / No Flood
2016,4,25,0.0,24.87,22.84,2.5,2016-04-25,0.2800000000000062,5.349999999999986,11.22,0.0,568.0308,0.0,0.0,0.28,4.314574270234375,0,Normal / No Flood
2016,4,26,0.0,26.2,21.94,2.22,2016-04-26,0.0,5.099999999999986,11.19,0.0,574.828,0.0,0.0,0.0,2.768169397070312,0,Normal / No Flood
2016,4,27,0.0,26.69,24.73,2.56,2016-04-27,0.0,5.099999999999986,11.16,0.0,660.0437000000001,0.0,0.0,0.0,2.28482135625,0,Normal / No Flood
2016,4,28,0.0,26.96,24.89,2.65,2016-04-28,0.0,5.099999999999986,11.15,0.0,671.0344,0.0,0.0,0.0,1.9420981528125,0,Normal / No Flood
2016,4,29,0.0,27.67,21.27,2.2,2016-04-29,0.0,0.2799999999999858,11.15,0.0,588.5409000000001,0.0,0.0,0.0,1.6507834298906248,0,Normal / No Flood
2016,4,30,0.0,27.92,19.77,2.36,2016-04-30,0.0,0.0,11.15,0.0,551.9784,0.0,0.0,0.0,0.0897615847187499,0,Normal / No Flood
2016,5,1,0.0,29.0,19.66,2.54,2016-05-01,0.0,0.0,8.65,0.0,570.14,0.0,0.0,0.0,0.0,0,Normal / No Flood
2016,5,2,0.0,30.9,17.86,2.11,2016-05-02,0.0,0.0,5.350000000000001,0.0,551.8739999999999,0.0,0.0,0.0,0.0,0,Normal / No Flood
2016,5,3,0.69,27.44,33.05,1.9,2016-05-03,0.6900000000000062,0.6899999999999857,5.790000000000001,0.999999999999991,906.892,1.311,0.0,0.0,0.0,0,Normal / No Flood
2016,5,4,2.38,29.32,33.08,2.23,2016-05-04,3.070000000000006,3.0699999999999856,8.170000000000002,0.7752442996742656,969.9056,5.3073999999999995,0.69,0.0,0.5864999999999999,0,Normal / No Flood
2016,5,5,8.65,26.82,44.46,2.92,2016-05-05,11.720000000000006,11.719999999999986,16.82,0.738054607508532,1192.4172,25.258,2.38,0.69,2.5215249999999996,0,Normal / No Flood
2016,5,6,0.77,26.16,46.83,1.98,2016-05-06,11.800000000000006,12.489999999999986,12.77,0.0652542372881355,1225.0728,1.5246,8.65,2.38,9.49579625,0,Normal / No Flood
2016,5,7,0.0,27.5,38.09,1.86,2016-05-07,9.420000000000003,12.489999999999986,12.49,0.0,1047.475,0.0,0.77,8.65,8.7259268125,0,Normal / No Flood
2016,5,8,0.0,29.0,37.22,1.66,2016-05-08,0.7700000000000053,12.489999999999986,12.49,0.0,1079.38,0.0,0.0,0.77,7.417037790624999,0,Normal / No Flood
2016,5,9,0.0,29.92,33.5,1.99,2016-05-09,0.0,12.489999999999986,12.49,0.0,1002.32,0.0,0.0,0.0,6.304482122031248,0,Normal / No Flood
2016,5,10,27.87,27.89,45.92,1.71,2016-05-10,27.870000000000005,39.66999999999999,40.36,1.0,1280.7088,47.6577,0.0,0.0,5.358809803726562,0,Normal / No Flood
2016,5,11,5.4,27.56,50.13,1.68,2016-05-11,33.27000000000001,42.68999999999998,45.760000000000005,0.1623083859332731,1381.5828,9.072,27.87,0.0,28.056469870890627,0,Normal / No Flood
2016,5,12,0.18,28.21,42.15,2.37,2016-05-12,33.45000000000001,34.219999999999985,45.940000000000005,0.0053811659192825,1189.0515,0.4266,5.4,27.87,27.789471940664058,0,Normal / No Flood
2016,5,13,0.03,29.52,37.3,2.02,2016-05-13,5.610000000000007,33.47999999999998,45.970000000000006,0.0053475935828876,1101.096,0.0606,0.18,5.4,21.417008107976564,0,Normal / No Flood
2016,5,14,0.16,30.29,33.11,2.69,2016-05-14,0.3700000000000071,33.639999999999986,46.13,0.4324324324324241,1002.9019,0.4304,0.03,0.18,18.020139187499996,0,Normal / No Flood
2016,5,15,0.01,30.04,30.97,2.8,2016-05-15,0.2000000000000071,33.649999999999984,46.14,0.0499999999999982,930.3388,0.0279999999999999,0.16,0.03,15.453118309374998,0,Normal / No Flood
2016,5,16,0.0,30.03,27.85,2.75,2016-05-16,0.1700000000000071,33.649999999999984,46.14,0.0,836.3355,0.0,0.01,0.16,13.143650562968748,0,Normal / No Flood
2016,5,17,0.0,30.5,27.27,3.25,2016-05-17,0.0100000000000071,5.779999999999986,45.45,0.0,831.735,0.0,0.0,0.01,11.172102978523435,0,Normal / No Flood
2016,5,18,0.0,31.74,24.53,2.47,2016-05-18,0.0,0.3799999999999858,43.07,0.0,778.5822,0.0,0.0,0.0,1.9019765989062496,0,Normal / No Flood
2016,5,19,0.0,32.6,24.36,2.23,2016-05-19,0.0,0.1999999999999858,34.42,0.0,794.136,0.0,0.0,0.0,0.1452312738593749,0,Normal / No Flood
2016,5,20,0.15,32.15,25.14,2.36,2016-05-20,0.1500000000000071,0.3199999999999858,33.800000000000004,0.9999999999999526,808.251,0.354,0.0,0.0,0.0743982882734374,0,Normal / No Flood
2016,5,21,0.31,33.29,23.19,2.21,2016-05-21,0.460000000000007,0.4699999999999857,34.11,0.6739130434782505,771.9951,0.6850999999999999,0.15,0.0,0.1825638292812499,0,Normal / No Flood
2016,5,22,1.49,33.3,25.29,2.34,2016-05-22,1.950000000000007,1.9499999999999855,35.6,0.7641025641025613,842.1569999999999,3.4865999999999997,0.31,0.15,0.3750807708828125,0,Normal / No Flood
2016,5,23,6.31,32.14,34.18,2.59,2016-05-23,8.110000000000007,8.259999999999986,41.91,0.7780517879161523,1098.5452,16.342899999999997,1.49,0.31,1.58259375,0,Normal / No Flood
2016,5,24,9.94,27.79,55.73,2.86,2016-05-24,17.740000000000006,18.199999999999985,23.98,0.5603156708004507,1548.7367,28.428399999999996,6.31,1.49,6.708704687499999,0,Normal / No Flood
2016,5,25,0.04,27.84,41.99,2.62,2016-05-25,16.290000000000006,18.239999999999984,18.619999999999997,0.0024554941682013,1169.0016,0.1048,9.94,6.31,14.151398984374998,0,Normal / No Flood
2016,5,26,0.0,29.56,32.0,2.29,2016-05-26,9.980000000000006,18.239999999999984,18.44,0.0,945.92,0.0,0.04,9.94,12.062689136718747,0,Normal / No Flood
2016,5,27,0.0,30.44,30.75,3.25,2016-05-27,0.0400000000000071,18.089999999999986,18.41,0.0,936.03,0.0,0.0,0.04,10.253285766210936,0,Normal / No Flood
2016,5,28,1.84,30.74,32.53,2.46,2016-05-28,1.8400000000000072,19.619999999999983,20.09,0.999999999999996,999.9722,4.5264,0.0,0.0,8.674419322523434,0,Normal / No Flood
2016,5,29,11.21,29.23,47.28,2.37,2016-05-29,13.050000000000008,29.33999999999999,31.29,0.859003831417624,1381.9944,26.5677,1.84,0.0,8.85278436138281,0,Normal / No Flood
2016,5,30,0.6,27.76,50.72,2.7,2016-05-30,13.650000000000007,23.629999999999985,31.89,0.0439560439560439,1407.9872,1.62,11.21,1.84,16.647355824867187,0,Normal / No Flood
2016,5,31,0.0,28.62,42.31,2.85,2016-05-31,11.810000000000008,13.689999999999989,31.89,0.0,1210.9122000000002,0.0,0.6,11.21,12.940837238140624,0,Normal / No Flood
2016,6,1,0.0,30.27,39.13,2.59,2016-06-01,0.6000000000000071,13.649999999999988,31.89,0.0,1184.4651,0.0,0.0,0.6,8.29115583353125,0,Normal / No Flood
2016,6,2,0.21,31.77,36.9,3.15,2016-06-02,0.2100000000000071,13.859999999999989,32.1,0.999999999999966,1172.313,0.6615,0.0,0.0,7.036582837499999,0,Normal / No Flood
2016,6,3,0.87,31.48,35.72,2.4,2016-06-03,1.0800000000000072,14.729999999999988,32.82,0.8055555555555503,1124.4656,2.088,0.21,0.0,6.159595411875,0,Normal / No Flood
2016,6,4,0.47,32.53,33.03,2.32,2016-06-04,1.550000000000007,13.359999999999989,32.98,0.3032258064516115,1074.4659,1.0903999999999998,0.87,0.21,5.975156100093749,0,Normal / No Flood
2016,6,5,4.18,33.02,30.84,1.85,2016-06-05,5.520000000000007,6.329999999999986,35.67,0.7572463768115932,1018.3368,7.733,0.47,0.87,4.977000119007812,0,Normal / No Flood
2016,6,6,5.89,30.84,38.78,2.35,2016-06-06,10.540000000000006,11.619999999999989,35.25,0.5588235294117644,1195.9752,13.8415,4.18,0.47,4.7288313154687485,0,Normal / No Flood
2016,6,7,3.85,30.19,36.67,2.05,2016-06-07,13.920000000000003,15.469999999999986,29.16,0.2765804597701148,1107.0673000000002,7.892499999999999,5.89,4.18,8.862512303125,0,Normal / No Flood
2016,6,8,6.07,30.81,35.11,2.12,2016-06-08,15.810000000000006,21.539999999999985,35.190000000000005,0.3839342188488297,1081.7391,12.8684,3.85,5.89,10.805635457656248,0,Normal / No Flood
2016,6,9,4.23,31.73,32.82,2.12,2016-06-09,14.150000000000007,25.559999999999988,39.42,0.2989399293286218,1041.3786,8.967600000000001,6.07,3.85,14.344290139007812,0,Normal / No Flood
2016,6,10,0.59,31.93,30.87,2.0,2016-06-10,10.890000000000008,25.279999999999987,40.010000000000005,0.0541781450872359,985.6791,1.18,4.23,6.07,15.730923607898434,0,Normal / No Flood
2016,6,11,0.55,32.02,32.84,2.24,2016-06-11,5.370000000000007,25.359999999999985,38.72,0.1024208566108006,1051.5368000000003,1.2320000000000002,0.59,4.23,13.635718309929688,0,Normal / No Flood
2016,6,12,0.28,31.41,42.94,2.69,2016-06-12,1.420000000000007,21.459999999999987,27.79,0.1971830985915483,1348.7454,0.7532000000000001,0.55,0.59,11.929790016671872,0,Normal / No Flood
2016,6,13,0.74,31.69,44.53,2.71,2016-06-13,1.5700000000000072,16.309999999999985,27.93,0.4713375796178322,1411.1557,2.0054,0.28,0.55,9.23931111950781,0,Normal / No Flood
2016,6,14,3.03,30.72,49.78,2.31,2016-06-14,4.050000000000007,15.489999999999986,30.96,0.7481481481481468,1529.2416,6.9993,0.74,0.28,6.877445259101562,0,Normal / No Flood
2016,6,15,8.77,29.82,53.94,1.88,2016-06-15,12.540000000000006,18.189999999999984,39.73,0.6993620414673043,1608.4908,16.487599999999997,3.03,0.74,7.372239948835936,0,Normal / No Flood
2016,6,16,16.39,29.24,57.87,2.02,2016-06-16,28.190000000000005,30.349999999999984,55.91,0.581411848173111,1692.1187999999995,33.107800000000005,8.77,3.03,12.066886469523435,0,Normal / No Flood
2016,6,17,0.02,30.44,46.0,1.66,2016-06-17,25.180000000000003,29.779999999999983,55.06,0.0007942811755361,1400.24,0.0332,16.39,8.77,23.035718578179683,0,Normal / No Flood
2016,6,18,0.19,31.1,41.5,1.53,2016-06-18,16.600000000000005,29.419999999999984,54.78,0.0114457831325301,1290.65,0.2907,0.02,16.39,19.436591381679687,0,Normal / No Flood
2016,6,19,0.65,30.94,44.53,1.74,2016-06-19,0.8600000000000035,29.78999999999998,51.25,0.755813953488369,1377.7582,1.131,0.19,0.02,16.532732885656248,0,Normal / No Flood
2016,6,20,5.5,30.58,53.57,1.7,2016-06-20,6.340000000000003,34.54999999999998,50.86000000000001,0.8675078864353307,1638.1706,9.35,0.65,0.19,14.529025605796871,0,Normal / No Flood
2016,6,21,8.57,29.28,60.32,1.98,2016-06-21,14.720000000000002,40.08999999999998,55.58,0.5822010869565216,1766.1696000000002,16.968600000000002,5.5,0.65,16.823028776398434,0,Normal / No Flood
2016,6,22,18.16,27.77,65.62,1.7,2016-06-22,32.230000000000004,49.47999999999999,67.67,0.5634502016754576,1822.2674,30.872,8.57,5.5,20.75842816907031,0,Normal / No Flood
2016,6,23,0.46,29.76,55.52,1.74,2016-06-23,27.19,33.54999999999998,63.9,0.0169179845531445,1652.2752000000005,0.8004,18.16,8.57,30.690922039117183,0,Normal / No Flood
2016,6,24,0.0,31.16,45.29,2.01,2016-06-24,18.62,33.52999999999998,63.31,0.0,1411.2364,0.0,0.46,18.16,22.012164027859377,0,Normal / No Flood
2016,6,25,2.03,31.52,42.29,1.57,2016-06-25,2.49,35.36999999999998,64.78999999999999,0.8152610441767069,1332.9808,3.1870999999999996,0.0,0.46,18.704889613179688,0,Normal / No Flood
2016,6,26,3.2,30.46,47.96,1.76,2016-06-26,5.23,37.91999999999999,67.71,0.6118546845124283,1460.8616000000002,5.632000000000001,2.03,0.0,17.57288297144531,0,Normal / No Flood
2016,6,27,8.7,30.16,55.61,1.44,2016-06-27,13.93,41.11999999999998,75.67,0.624551328068916,1677.1976,12.528,3.2,2.03,17.479831684453124,0,Normal / No Flood
2016,6,28,15.45,29.67,62.78,1.28,2016-06-28,27.35,47.999999999999986,88.09,0.5648994515539305,1862.6826,19.776,8.7,3.2,20.75415904407031,0,Normal / No Flood
2016,6,29,0.82,31.15,55.08,1.67,2016-06-29,24.97,30.659999999999982,80.14,0.0328394072887464,1715.742,1.3694,15.45,8.7,28.438291387874997,0,Normal / No Flood
2016,6,30,9.62,30.73,58.73,1.78,2016-06-30,25.889999999999997,39.81999999999998,73.37,0.3715720355349556,1804.7729,17.1236,0.82,15.45,19.921119744984377,0,Normal / No Flood
2016,7,1,4.7,30.69,56.78,1.65,2016-07-01,15.14,44.51999999999998,78.05,0.3104359313077939,1742.5782000000002,7.755,9.62,0.82,24.98460614171875,0,Normal / No Flood
2016,7,2,19.85,27.33,75.35,2.01,2016-07-02,34.17,62.33999999999998,97.71,0.5809189347380743,2059.3154999999997,39.8985,4.7,9.62,25.231915220460937,0,Normal / No Flood
2016,7,3,13.44,26.77,74.33,1.77,2016-07-03,37.99,72.57999999999998,110.5,0.3537773098183732,1989.8141,23.7888,19.85,4.7,37.766472171562505,0,Normal / No Flood
2016,7,4,8.99,27.0,73.3,1.41,2016-07-04,42.28,72.86999999999998,113.99,0.2126300851466414,1979.1,12.6759,13.44,19.85,42.65353166570311,0,Normal / No Flood
2016,7,5,5.91,28.45,66.96,1.8,2016-07-05,28.34,63.329999999999984,111.33,0.2085391672547636,1905.0119999999995,10.638,8.99,13.44,41.52633434800781,0,Normal / No Flood
2016,7,6,4.31,29.28,65.79,1.99,2016-07-06,19.21,66.82,97.48,0.2243623112961998,1926.3312000000003,8.576899999999998,5.91,8.99,36.11090558395312,0,Normal / No Flood
2016,7,7,0.01,29.85,56.26,2.01,2016-07-07,10.23,57.20999999999998,97.03,0.0009775171065493,1679.361,0.0201,4.31,5.91,34.134327515828126,0,Normal / No Flood
2016,7,8,0.87,30.6,53.54,2.02,2016-07-08,5.1899999999999995,53.37999999999999,97.9,0.1676300578034682,1638.324,1.7574,0.01,4.31,26.40131953757812,0,Normal / No Flood
2016,7,9,1.88,29.97,53.2,1.49,2016-07-09,2.76,35.40999999999998,97.75,0.6811594202898551,1594.404,2.8011999999999997,0.87,0.01,21.89991613925781,0,Normal / No Flood
2016,7,10,0.19,29.35,57.02,1.49,2016-07-10,2.94,22.159999999999982,94.74,0.064625850340136,1673.5370000000005,0.2831,1.88,0.87,14.803991796343745,0,Normal / No Flood
2016,7,11,4.32,29.48,56.12,1.46,2016-07-11,6.390000000000001,17.489999999999988,90.36,0.676056338028169,1654.4176,6.3072,0.19,1.88,9.082620370367184,0,Normal / No Flood
2016,7,12,8.91,27.57,74.38,2.18,2016-07-12,13.420000000000002,20.489999999999988,83.82,0.6639344262295082,2050.6566,19.423800000000004,4.32,0.19,8.942537494710937,0,Normal / No Flood
2016,7,13,3.99,28.7,69.25,1.91,2016-07-13,17.220000000000002,20.169999999999987,86.99000000000001,0.2317073170731707,1987.475,7.6209,8.91,4.32,13.564237867523437,0,Normal / No Flood
2016,7,14,13.1,26.86,79.99,1.89,2016-07-14,26.0,33.259999999999984,90.47,0.5038461538461538,2148.5314,24.758999999999997,3.99,8.91,13.746668024476564,0,Normal / No Flood
2016,7,15,8.69,26.71,80.17,1.38,2016-07-15,25.78,41.079999999999984,94.46,0.3370830100853374,2141.3407,11.9922,13.1,3.99,22.816942915554687,0,Normal / No Flood
2016,7,16,27.57,26.33,82.02,1.32,2016-07-16,49.36,66.76999999999998,102.18,0.55854943273906,2159.5865999999996,36.3924,8.69,13.1,26.5438347214375,0,Normal / No Flood
2016,7,17,11.44,25.89,81.13,2.06,2016-07-17,47.7,78.01999999999998,100.18,0.2398322851153039,2100.4557,23.5664,27.57,8.69,45.48447732614843,0,Normal / No Flood
2016,7,18,6.44,26.01,78.51,1.64,2016-07-18,45.45,80.13999999999999,97.63,0.1416941694169416,2042.0451000000005,10.5616,11.44,27.57,48.33403252746874,0,Normal / No Flood
2016,7,19,1.81,26.96,68.48,2.42,2016-07-19,19.69,73.03999999999998,93.53,0.0919248349415947,1846.2208,4.3802,6.44,11.44,45.38076858017968,0,Normal / No Flood
2016,7,20,1.23,27.95,62.08,2.31,2016-07-20,9.48,70.27999999999999,90.45,0.1297468354430379,1735.136,2.8413,1.81,6.44,37.68426271505468,0,Normal / No Flood
2016,7,21,3.74,29.19,56.16,1.48,2016-07-21,6.78,60.91999999999999,94.18,0.551622418879056,1639.3104,5.535200000000001,1.23,1.81,31.98988611289062,0,Normal / No Flood
2016,7,22,18.18,28.53,64.24,1.51,2016-07-22,23.15,70.41,111.49,0.7853131749460044,1832.7672,27.4518,3.74,1.23,26.800777317945307,0,Normal / No Flood
2016,7,23,20.48,26.24,75.46,1.67,2016-07-23,42.4,63.31999999999998,130.09,0.4830188679245283,1980.0703999999996,34.2016,18.18,3.74,35.865718057664054,0,Normal / No Flood
2016,7,24,4.93,25.59,79.57,1.61,2016-07-24,43.59,56.80999999999999,134.83,0.1130993347097958,2036.1963,7.9373,20.48,18.18,40.3812965736875,0,Normal / No Flood
2016,7,25,1.1,27.1,72.92,1.46,2016-07-25,26.51,51.469999999999985,131.61,0.0414937759336099,1976.132,1.606,4.93,20.48,35.397310481187496,0,Normal / No Flood
2016,7,26,10.76,26.98,74.46,1.54,2016-07-26,16.789999999999996,60.41999999999999,133.46,0.6408576533650985,2008.9308,16.5704,1.1,4.93,29.26787492775781,0,Normal / No Flood
2016,7,27,13.45,25.02,84.04,2.31,2016-07-27,25.309999999999995,72.63999999999999,142.92,0.5314105096799685,2102.6808,31.0695,10.76,1.1,33.53048583827343,0,Normal / No Flood
2016,7,28,8.05,25.14,82.75,1.17,2016-07-28,32.25999999999999,76.94999999999997,137.87,0.2495350278983261,2080.335,9.4185,13.45,10.76,39.59824961673437,0,Normal / No Flood
2016,7,29,15.57,25.22,85.63,1.84,2016-07-29,37.06999999999999,74.33999999999999,144.75,0.4200161855948207,2159.5885999999996,28.6488,8.05,13.45,39.48189761057812,0,Normal / No Flood
2016,7,30,22.41,25.28,86.12,0.95,2016-07-30,46.03,76.26999999999998,139.59,0.4868563980013035,2177.1136,21.2895,15.57,8.05,41.84023522378126,0,Normal / No Flood
2016,7,31,22.55,25.62,81.46,1.45,2016-07-31,60.53,93.89,150.70000000000002,0.3725425408888154,2087.0052,32.6975,22.41,15.57,49.03209398741406,0,Normal / No Flood
2016,8,1,13.41,24.84,87.81,1.88,2016-08-01,58.36999999999999,106.2,157.67000000000002,0.2297413054651362,2181.2004,25.2108,22.55,22.41,59.501401600859374,1,Historical Disaster Record
2016,8,2,6.84,24.93,85.81,1.99,2016-08-02,42.8,102.28,162.70000000000002,0.1598130841121495,2139.2433,13.6116,13.41,22.55,61.674951783187495,0,Normal / No Flood
2016,8,3,0.91,26.28,77.45,1.23,2016-08-03,21.159999999999997,89.73999999999998,162.38,0.0430056710775047,2035.386,1.1193,6.84,13.41,55.305710966289055,0,Normal / No Flood
2016,8,4,3.44,26.59,78.46,1.12,2016-08-04,11.189999999999996,85.13,162.08,0.3074173369079536,2086.2513999999996,3.8528,0.91,6.84,44.118356759570304,0,Normal / No Flood
2016,8,5,5.62,26.46,79.94,1.2,2016-08-05,9.969999999999995,75.17999999999998,149.52,0.5636910732196592,2115.2124,6.744,3.44,0.91,38.231054519070305,0,Normal / No Flood
2016,8,6,30.48,24.33,83.46,1.31,2016-08-06,39.54,83.24999999999999,159.52,0.7708649468892261,2030.5817999999997,39.9288,5.62,3.44,33.030718866351556,1,Historical Disaster Record
2016,8,7,11.89,25.37,80.96,1.26,2016-08-07,47.989999999999995,72.58999999999999,166.48000000000002,0.2477599499895812,2053.9552,14.9814,30.48,5.62,47.87759837027344,0,Normal / No Flood
2016,8,8,4.98,25.84,79.7,1.39,2016-08-08,47.349999999999994,64.15999999999998,170.36,0.1051742344244984,2059.448,6.9222,11.89,30.48,44.65779727510156,0,Normal / No Flood
2016,8,9,10.42,25.94,82.35,1.36,2016-08-09,27.29,67.73999999999998,170.02,0.3818248442652986,2136.159,14.1712,4.98,11.89,38.5380297430625,0,Normal / No Flood
2016,8,10,20.06,25.16,82.42,1.72,2016-08-10,35.459999999999994,86.88999999999999,176.63,0.565707839819515,2073.6872,34.5032,10.42,4.98,39.75049009033593,0,Normal / No Flood
2016,8,11,10.08,24.38,87.16,1.37,2016-08-11,40.559999999999995,93.53,178.66,0.2485207100591716,2124.9608,13.8096,20.06,10.42,50.590950199,0,Normal / No Flood
2016,8,12,12.93,24.87,86.3,1.39,2016-08-12,43.06999999999999,100.84,176.02,0.300208962154632,2146.281,17.9727,10.08,20.06,50.63294026301562,0,Normal / No Flood
2016,8,13,6.31,25.41,81.15,1.5,2016-08-13,29.319999999999997,76.66999999999997,159.92000000000002,0.2152114597544338,2062.0215000000003,9.465,12.93,10.08,52.497102472843736,0,Normal / No Flood
2016,8,14,2.05,25.94,77.29,1.61,2016-08-14,21.289999999999992,66.82999999999998,139.42,0.0962893377172381,2004.9026000000003,3.3005,6.31,12.93,41.68052589872655,0,Normal / No Flood
2016,8,15,8.4,25.89,77.83,1.85,2016-08-15,16.759999999999998,70.24999999999999,134.41,0.5011933174224344,2015.0187,15.54,2.05,6.31,33.93103467120312,0,Normal / No Flood
2016,8,16,3.22,26.06,75.85,1.63,2016-08-16,13.669999999999998,63.04999999999999,130.79,0.2355523043160205,1976.651,5.2486,8.4,2.05,34.624376655828115,0,Normal / No Flood
2016,8,17,0.68,26.31,71.33,1.27,2016-08-17,12.299999999999995,43.66999999999999,130.56,0.0552845528455284,1876.6923,0.8636,3.22,8.4,29.328368886546876,0,Normal / No Flood
2016,8,18,4.1,25.34,79.93,1.26,2016-08-18,7.9999999999999964,37.68999999999998,131.22,0.5125000000000002,2025.4262,5.1659999999999995,0.68,3.22,20.040953621281247,0,Normal / No Flood
2016,8,19,3.59,26.76,76.07,1.38,2016-08-19,8.369999999999996,28.349999999999987,129.19,0.4289127837514936,2035.6332,4.954199999999999,4.1,0.68,17.773106085695307,0,Normal / No Flood
2016,8,20,4.7,25.83,82.31,1.16,2016-08-20,12.389999999999995,26.739999999999984,103.41,0.3793381759483455,2126.0672999999997,5.452,3.59,4.1,14.635337684085934,0,Normal / No Flood
2016,8,21,19.78,26.09,81.48,1.23,2016-08-21,28.07,44.469999999999985,111.3,0.704666904168151,2125.8132,24.3294,4.7,3.59,14.71562181847656,0,Normal / No Flood
2016,8,22,8.87,25.91,85.43,1.19,2016-08-22,33.35,44.93999999999998,115.19,0.2659670164917541,2213.4913,10.5553,19.78,4.7,28.762672969374997,0,Normal / No Flood
2016,8,23,3.71,25.3,84.38,1.57,2016-08-23,32.36,45.429999999999986,108.48,0.1146477132262051,2134.814,5.8247,8.87,19.78,29.698851613640624,0,Normal / No Flood
2016,8,24,5.67,24.12,87.21,1.1,2016-08-24,18.25,50.41999999999999,94.09,0.3106849315068493,2103.5052,6.237,3.71,8.87,27.520104380968743,0,Normal / No Flood
2016,8,25,4.57,25.66,81.15,1.03,2016-08-25,13.95,50.889999999999986,88.58,0.3275985663082437,2082.309,4.7071000000000005,5.67,3.71,28.02629516679687,0,Normal / No Flood
2016,8,26,2.93,26.15,80.2,1.11,2016-08-26,13.17,50.22999999999998,78.58,0.2224753227031131,2097.23,3.2523000000000004,4.57,5.67,26.58963973911719,0,Normal / No Flood
2016,8,27,8.34,24.17,85.79,1.38,2016-08-27,15.84,53.86999999999999,80.61000000000001,0.5265151515151515,2073.5443000000005,11.509199999999998,2.93,4.57,24.11345279335937,0,Normal / No Flood
2016,8,28,0.28,25.72,77.26,1.2,2016-08-28,11.55,34.36999999999998,78.83999999999999,0.0242424242424242,1987.1272,0.336,8.34,2.93,26.30472940667187,0,Normal / No Flood
2016,8,29,3.53,24.66,83.8,1.52,2016-08-29,12.15,29.029999999999987,73.97,0.2905349794238683,2066.508,5.3656,0.28,8.34,17.207157410398437,0,Normal / No Flood
2016,8,30,7.03,24.85,80.51,0.94,2016-08-30,10.84,32.34999999999999,77.78,0.6485239852398524,2000.6735000000003,6.6082,3.53,0.28,15.209592841742186,0,Normal / No Flood
2016,8,31,12.51,24.24,85.35,1.29,2016-08-31,23.07,39.18999999999998,89.61,0.5422626788036411,2068.8839999999996,16.137900000000002,7.03,3.53,17.89271406758594,0,Normal / No Flood
2016,9,1,8.04,24.42,83.04,1.25,2016-09-01,27.58,42.65999999999998,93.55,0.2915155910079768,2027.8368000000005,10.05,12.51,7.03,24.29728568047656,0,Normal / No Flood
2016,9,2,2.12,23.96,84.85,2.09,2016-09-02,22.67,41.84999999999999,92.08,0.0935156594618438,2033.006,4.4308,8.04,12.51,26.24141112897656,0,Normal / No Flood
2016,9,3,0.03,23.97,77.52,2.14,2016-09-03,10.19,33.539999999999985,87.41,0.0029440628066732,1858.1544,0.0642,2.12,8.04,23.308802221265623,0,Normal / No Flood
2016,9,4,1.72,24.66,69.93,1.52,2016-09-04,3.87,34.97999999999999,69.35,0.4444444444444444,1724.4738000000002,2.6144,0.03,2.12,17.565410909249998,0,Normal / No Flood
2016,9,5,3.12,24.67,72.6,1.64,2016-09-05,4.87,34.569999999999986,63.599999999999994,0.6406570841889118,1791.042,5.1168,1.72,0.03,16.316301925851562,0,Normal / No Flood
2016,9,6,0.02,24.43,75.68,1.82,2016-09-06,4.859999999999999,27.559999999999985,59.91,0.0041152263374485,1848.8624,0.0364,3.12,1.72,15.558965083585935,0,Normal / No Flood
2016,9,7,0.0,24.11,77.61,1.69,2016-09-07,3.14,15.049999999999985,54.24,0.0,1871.1771,0.0,0.02,3.12,11.326511930023436,0,Normal / No Flood
2016,9,8,0.37,24.65,77.67,1.9,2016-09-08,0.39,7.379999999999986,50.04,0.9487179487179488,1914.5655,0.703,0.0,0.02,6.218678672281248,0,Normal / No Flood
2016,9,9,1.95,24.81,76.45,1.95,2016-09-09,2.32,7.209999999999986,49.06,0.8405172413793104,1896.7245,3.8025,0.37,0.0,3.4095530501249995,0,Normal / No Flood
2016,9,10,1.58,24.74,72.94,1.68,2016-09-10,3.9,8.759999999999986,42.3,0.4051282051282051,1804.5356,2.6544,1.95,0.37,3.977940179523437,0,Normal / No Flood
2016,9,11,1.31,24.73,73.48,1.74,2016-09-11,4.84,8.349999999999985,43.33,0.2706611570247934,1817.1604,2.2794,1.58,1.95,4.71607443684375,0,Normal / No Flood
2016,9,12,0.87,24.88,73.46,1.69,2016-09-12,3.76,6.099999999999985,40.669999999999995,0.2313829787234042,1827.6848,1.4703,1.31,1.58,4.653479568249999,0,Normal / No Flood
2016,9,13,2.56,24.9,72.26,1.51,2016-09-13,4.74,8.639999999999986,36.2,0.540084388185654,1799.274,3.8656,0.87,1.31,3.8447871948906247,0,Normal / No Flood
2016,9,14,1.3,24.7,72.25,1.63,2016-09-14,4.73,9.939999999999989,24.99,0.2748414376321353,1784.575,2.119,2.56,0.87,5.438619305156249,0,Normal / No Flood
2016,9,15,0.03,24.62,70.99,1.4,2016-09-15,3.89,9.599999999999984,16.98,0.0077120822622107,1747.7738,0.0419999999999999,1.3,2.56,5.7278264093828115,0,Normal / No Flood
2016,9,16,0.0,25.16,68.67,1.39,2016-09-16,1.33,7.649999999999986,14.86,0.0,1727.7372,0.0,0.03,1.3,4.793330953710937,0,Normal / No Flood
2016,9,17,0.01,25.51,66.75,1.29,2016-09-17,0.04,6.079999999999986,14.84,0.25,1702.7925,0.0129,0.0,0.03,3.542974786828125,0,Normal / No Flood
2016,9,18,0.07,25.68,64.94,1.26,2016-09-18,0.08,4.839999999999986,13.19,0.8749999999999999,1667.6591999999998,0.0882,0.01,0.0,2.589493539242187,0,Normal / No Flood
2016,9,19,3.02,25.02,67.83,1.29,2016-09-19,3.1,6.989999999999986,13.09,0.9741935483870968,1697.1065999999998,3.8958,0.07,0.01,1.903606920554687,0,Normal / No Flood
2016,9,20,1.82,25.66,70.69,1.31,2016-09-20,4.91,6.249999999999986,14.89,0.3706720977596741,1813.9054,2.3842000000000003,3.02,0.07,3.9479991256875,0,Normal / No Flood
2016,9,21,9.06,25.98,70.37,1.14,2016-09-21,13.9,14.009999999999987,23.950000000000003,0.6517985611510791,1828.2126,10.3284,1.82,3.02,4.205223512734374,0,Normal / No Flood
2016,9,22,5.57,23.86,75.93,1.11,2016-09-22,16.450000000000003,19.549999999999983,29.15,0.3386018237082066,1811.6898,6.1827000000000005,9.06,1.82,10.921202303273438,0,Normal / No Flood
2016,9,23,0.77,23.84,71.76,1.19,2016-09-23,15.4,20.319999999999983,27.97,0.05,1710.7584000000002,0.9163,5.57,9.06,14.009347242031248,0,Normal / No Flood
2016,9,24,0.75,24.45,63.1,1.13,2016-09-24,7.09,21.059999999999985,27.14,0.1057827926657263,1542.795,0.8474999999999999,0.77,5.57,12.56244515572656,0,Normal / No Flood
2016,9,25,0.07,23.99,66.33,1.44,2016-09-25,1.59,21.059999999999985,25.9,0.0440251572327044,1591.2567,0.1008,0.75,0.77,11.312853477117187,0,Normal / No Flood
2016,9,26,1.8,24.05,69.26,1.29,2016-09-26,2.62,19.839999999999986,26.83,0.6870229007633588,1665.7030000000002,2.322,0.07,0.75,9.656351118796875,0,Normal / No Flood
2016,9,27,0.07,24.26,67.08,1.28,2016-09-27,1.94,18.089999999999986,24.34,0.0360824742268041,1627.3608000000002,0.0896,1.8,0.07,8.914977065359373,0,Normal / No Flood
2016,9,28,0.03,24.89,63.09,1.16,2016-09-28,1.9,9.059999999999986,23.07,0.0157894736842105,1570.3101,0.0348,0.07,1.8,7.141297749984374,0,Normal / No Flood
2016,9,29,0.01,24.36,62.5,1.3,2016-09-29,0.11,3.499999999999986,23.050000000000004,0.0909090909090909,1522.5,0.013,0.03,0.07,3.626838930632812,0,Normal / No Flood
2016,9,30,0.0,25.16,66.28,1.58,2016-09-30,0.04,2.7299999999999858,23.050000000000004,0.0,1667.6048,0.0,0.01,0.03,1.5735408665703123,0,Normal / No Flood
2016,10,1,0.0,25.37,68.6,1.43,2016-10-01,0.01,1.979999999999986,23.040000000000003,0.0,1740.3819999999998,0.0,0.0,0.01,1.1276920323046873,0,Normal / No Flood
2016,10,2,0.07,25.99,66.38,1.33,2016-10-02,0.07,1.9799999999999855,23.04,1.0,1725.2161999999998,0.0931,0.0,0.0,0.7541703336796874,0,Normal / No Flood
2016,10,3,0.0,25.86,62.52,1.68,2016-10-03,0.07,0.1799999999999857,20.02,0.0,1616.7672,0.0,0.07,0.0,0.6814704468749999,0,Normal / No Flood
2016,10,4,0.15,25.59,60.2,1.32,2016-10-04,0.22,0.2599999999999858,18.35,0.6818181818181818,1540.518,0.198,0.0,0.07,0.0887669347734375,0,Normal / No Flood
2016,10,5,3.22,25.0,60.05,1.44,2016-10-05,3.37,3.449999999999986,12.510000000000002,0.9554896142433236,1501.25,4.6368,0.15,0.0,0.1838775578046874,0,Normal / No Flood
2016,10,6,1.78,24.06,62.25,1.39,2016-10-06,5.15,5.219999999999986,8.72,0.345631067961165,1497.735,2.4741999999999997,3.22,0.15,2.8851212083828126,0,Normal / No Flood
2016,10,7,0.15,23.88,59.63,1.88,2016-10-07,5.1499999999999995,5.369999999999986,8.100000000000001,0.029126213592233,1423.9644,0.282,1.78,3.22,3.962628121875,0,Normal / No Flood
2016,10,8,0.0,24.37,54.32,1.6,2016-10-08,1.93,5.369999999999986,7.35,0.0,1323.7784,0.0,0.15,1.78,3.4957339035937496,0,Normal / No Flood
2016,10,9,0.0,23.91,48.9,1.61,2016-10-09,0.15,5.299999999999986,7.28,0.0,1169.199,0.0,0.0,0.15,2.9713738180546865,0,Normal / No Flood
2016,10,10,0.0,23.09,49.1,1.54,2016-10-10,0.0,5.299999999999986,5.48,0.0,1133.719,0.0,0.0,0.0,2.5065934085937496,0,Normal / No Flood
2016,10,11,0.0,22.75,47.65,1.96,2016-10-11,0.0,5.149999999999986,5.41,0.0,1084.0375,0.0,0.0,0.0,2.1306043973046873,0,Normal / No Flood
2016,10,12,0.0,22.41,43.27,1.97,2016-10-12,0.0,1.9299999999999855,5.38,0.0,969.6807,0.0,0.0,0.0,1.7701401589531247,0,Normal / No Flood
2016,10,13,0.0,21.79,41.48,2.1,2016-10-13,0.0,0.1499999999999857,5.37,0.0,903.8492,0.0,0.0,0.0,0.6271996444843749,0,Normal / No Flood
2016,10,14,0.0,21.99,40.41,1.83,2016-10-14,0.0,0.0,5.37,0.0,888.6158999999999,0.0,0.0,0.0,0.0480865632421874,0,Normal / No Flood
2016,10,15,0.0,21.75,40.65,2.04,2016-10-15,0.0,0.0,5.37,0.0,884.1374999999999,0.0,0.0,0.0,0.0,0,Normal / No Flood
2016,10,16,0.0,21.48,38.96,1.88,2016-10-16,0.0,0.0,5.3,0.0,836.8608,0.0,0.0,0.0,0.0,0,Normal / No Flood
2016,10,17,0.0,20.99,40.55,1.82,2016-10-17,0.0,0.0,5.3,0.0,851.1444999999999,0.0,0.0,0.0,0.0,0,Normal / No Flood
2016,10,18,0.0,21.1,39.21,1.66,2016-10-18,0.0,0.0,5.15,0.0,827.331,0.0,0.0,0.0,0.0,0,Normal / No Flood
2016,10,19,0.0,21.36,38.16,1.55,2016-10-19,0.0,0.0,1.93,0.0,815.0975999999999,0.0,0.0,0.0,0.0,0,Normal / No Flood
2016,10,20,0.0,22.29,37.26,1.56,2016-10-20,0.0,0.0,0.15,0.0,830.5253999999999,0.0,0.0,0.0,0.0,0,Normal / No Flood
2016,10,21,0.0,21.9,39.11,1.65,2016-10-21,0.0,0.0,0.0,0.0,856.5089999999999,0.0,0.0,0.0,0.0,0,Normal / No Flood
2016,10,22,0.0,21.35,38.22,1.81,2016-10-22,0.0,0.0,0.0,0.0,815.9970000000001,0.0,0.0,0.0,0.0,0,Normal / No Flood
2016,10,23,0.0,20.68,39.83,2.15,2016-10-23,0.0,0.0,0.0,0.0,823.6844,0.0,0.0,0.0,0.0,0,Normal / No Flood
2016,10,24,0.0,20.86,35.53,1.8,2016-10-24,0.0,0.0,0.0,0.0,741.1558,0.0,0.0,0.0,0.0,0,Normal / No Flood
2016,10,25,0.0,20.35,34.44,1.68,2016-10-25,0.0,0.0,0.0,0.0,700.854,0.0,0.0,0.0,0.0,0,Normal / No Flood
2016,10,26,0.0,20.83,35.43,1.79,2016-10-26,0.0,0.0,0.0,0.0,738.0069,0.0,0.0,0.0,0.0,0,Normal / No Flood
2016,10,27,0.0,19.84,38.24,2.13,2016-10-27,0.0,0.0,0.0,0.0,758.6816,0.0,0.0,0.0,0.0,0,Normal / No Flood
2016,10,28,0.0,20.16,34.62,1.97,2016-10-28,0.0,0.0,0.0,0.0,697.9391999999999,0.0,0.0,0.0,0.0,0,Normal / No Flood
2016,10,29,0.0,20.01,32.71,1.47,2016-10-29,0.0,0.0,0.0,0.0,654.5271,0.0,0.0,0.0,0.0,0,Normal / No Flood
2016,10,30,0.0,18.24,36.13,1.25,2016-10-30,0.0,0.0,0.0,0.0,659.0112,0.0,0.0,0.0,0.0,0,Normal / No Flood
2016,10,31,0.0,18.97,37.32,1.4,2016-10-31,0.0,0.0,0.0,0.0,707.9603999999999,0.0,0.0,0.0,0.0,0,Normal / No Flood
2016,11,1,0.0,19.04,38.6,1.69,2016-11-01,0.0,0.0,0.0,0.0,734.944,0.0,0.0,0.0,0.0,0,Normal / No Flood
2016,11,2,0.0,18.9,38.85,1.45,2016-11-02,0.0,0.0,0.0,0.0,734.265,0.0,0.0,0.0,0.0,0,Normal / No Flood
2016,11,3,0.0,19.41,38.85,1.49,2016-11-03,0.0,0.0,0.0,0.0,754.0785000000001,0.0,0.0,0.0,0.0,0,Normal / No Flood
2016,11,4,0.0,19.25,41.02,1.48,2016-11-04,0.0,0.0,0.0,0.0,789.6350000000001,0.0,0.0,0.0,0.0,0,Normal / No Flood
2016,11,5,0.0,18.42,45.13,1.6,2016-11-05,0.0,0.0,0.0,0.0,831.2946000000002,0.0,0.0,0.0,0.0,0,Normal / No Flood
2016,11,6,0.0,18.0,40.59,1.65,2016-11-06,0.0,0.0,0.0,0.0,730.6200000000001,0.0,0.0,0.0,0.0,0,Normal / No Flood
2016,11,7,0.0,17.67,36.77,2.14,2016-11-07,0.0,0.0,0.0,0.0,649.7259000000001,0.0,0.0,0.0,0.0,0,Normal / No Flood
2016,11,8,0.0,17.87,32.95,2.23,2016-11-08,0.0,0.0,0.0,0.0,588.8165000000001,0.0,0.0,0.0,0.0,0,Normal / No Flood
2016,11,9,0.0,18.67,28.39,2.01,2016-11-09,0.0,0.0,0.0,0.0,530.0413000000001,0.0,0.0,0.0,0.0,0,Normal / No Flood
2016,11,10,0.0,18.7,24.64,1.6,2016-11-10,0.0,0.0,0.0,0.0,460.768,0.0,0.0,0.0,0.0,0,Normal / No Flood
2016,11,11,0.0,17.61,27.73,1.72,2016-11-11,0.0,0.0,0.0,0.0,488.3253,0.0,0.0,0.0,0.0,0,Normal / No Flood
2016,11,12,0.0,17.91,29.25,1.55,2016-11-12,0.0,0.0,0.0,0.0,523.8675,0.0,0.0,0.0,0.0,0,Normal / No Flood
2016,11,13,0.15,17.74,35.62,1.48,2016-11-13,0.15,0.1499999999999857,0.15,1.0,631.8987999999999,0.222,0.0,0.0,0.0,0,Normal / No Flood
2016,11,14,0.0,16.63,39.74,1.7,2016-11-14,0.15,0.1499999999999857,0.15,0.0,660.8762,0.0,0.15,0.0,0.1275,0,Normal / No Flood
2016,11,15,0.0,15.74,38.77,1.77,2016-11-15,0.15,0.1499999999999857,0.15,0.0,610.2398000000001,0.0,0.0,0.15,0.1083749999999999,0,Normal / No Flood
2016,11,16,0.0,15.42,34.88,1.95,2016-11-16,0.0,0.1499999999999857,0.15,0.0,537.8496,0.0,0.0,0.0,0.0921187499999999,0,Normal / No Flood
2016,11,17,0.0,16.44,30.88,2.12,2016-11-17,0.0,0.1499999999999857,0.15,0.0,507.6672,0.0,0.0,0.0,0.0783009374999999,0,Normal / No Flood
2016,11,18,0.0,17.02,29.81,1.75,2016-11-18,0.0,0.1499999999999857,0.15,0.0,507.3662,0.0,0.0,0.0,0.0665557968749999,0,Normal / No Flood
2016,11,19,0.0,17.46,29.88,1.67,2016-11-19,0.0,0.1499999999999857,0.15,0.0,521.7048,0.0,0.0,0.0,0.0565724273437499,0,Normal / No Flood
2016,11,20,0.0,17.62,30.34,1.33,2016-11-20,0.0,0.0,0.15,0.0,534.5908000000001,0.0,0.0,0.0,0.0480865632421874,0,Normal / No Flood
2016,11,21,0.0,17.64,31.66,1.39,2016-11-21,0.0,0.0,0.15,0.0,558.4824,0.0,0.0,0.0,0.0,0,Normal / No Flood
2016,11,22,0.0,18.58,30.1,1.49,2016-11-22,0.0,0.0,0.15,0.0,559.2579999999999,0.0,0.0,0.0,0.0,0,Normal / No Flood
2016,11,23,0.0,17.07,35.1,1.27,2016-11-23,0.0,0.0,0.15,0.0,599.157,0.0,0.0,0.0,0.0,0,Normal / No Flood
2016,11,24,0.0,17.47,33.91,1.84,2016-11-24,0.0,0.0,0.15,0.0,592.4076999999999,0.0,0.0,0.0,0.0,0,Normal / No Flood
2016,11,25,0.0,18.03,32.49,2.28,2016-11-25,0.0,0.0,0.15,0.0,585.7947,0.0,0.0,0.0,0.0,0,Normal / No Flood
2016,11,26,0.0,18.17,35.04,2.17,2016-11-26,0.0,0.0,0.15,0.0,636.6768000000001,0.0,0.0,0.0,0.0,0,Normal / No Flood
2016,11,27,0.0,18.09,35.12,2.04,2016-11-27,0.0,0.0,0.0,0.0,635.3208,0.0,0.0,0.0,0.0,0,Normal / No Flood
2016,11,28,0.0,17.17,28.37,1.91,2016-11-28,0.0,0.0,0.0,0.0,487.1129000000001,0.0,0.0,0.0,0.0,0,Normal / No Flood
2016,11,29,0.0,17.48,22.1,1.44,2016-11-29,0.0,0.0,0.0,0.0,386.3080000000001,0.0,0.0,0.0,0.0,0,Normal / No Flood
2016,11,30,0.0,16.63,24.99,1.42,2016-11-30,0.0,0.0,0.0,0.0,415.5837,0.0,0.0,0.0,0.0,0,Normal / No Flood
2016,12,1,0.0,16.14,30.05,1.47,2016-12-01,0.0,0.0,0.0,0.0,485.007,0.0,0.0,0.0,0.0,0,Normal / No Flood
2016,12,2,0.0,15.59,35.58,1.68,2016-12-02,0.0,0.0,0.0,0.0,554.6922,0.0,0.0,0.0,0.0,0,Normal / No Flood
2016,12,3,0.0,15.89,30.84,1.34,2016-12-03,0.0,0.0,0.0,0.0,490.0476,0.0,0.0,0.0,0.0,0,Normal / No Flood
2016,12,4,0.0,14.31,32.01,1.61,2016-12-04,0.0,0.0,0.0,0.0,458.0631,0.0,0.0,0.0,0.0,0,Normal / No Flood
2016,12,5,0.0,14.87,31.52,1.71,2016-12-05,0.0,0.0,0.0,0.0,468.7023999999999,0.0,0.0,0.0,0.0,0,Normal / No Flood
2016,12,6,0.0,16.06,29.22,1.44,2016-12-06,0.0,0.0,0.0,0.0,469.2731999999999,0.0,0.0,0.0,0.0,0,Normal / No Flood
2016,12,7,0.0,15.74,33.84,1.49,2016-12-07,0.0,0.0,0.0,0.0,532.6416,0.0,0.0,0.0,0.0,0,Normal / No Flood
2016,12,8,0.0,15.15,36.21,1.4,2016-12-08,0.0,0.0,0.0,0.0,548.5815,0.0,0.0,0.0,0.0,0,Normal / No Flood
2016,12,9,0.0,15.82,35.72,1.36,2016-12-09,0.0,0.0,0.0,0.0,565.0904,0.0,0.0,0.0,0.0,0,Normal / No Flood
2016,12,10,0.01,16.01,35.75,1.38,2016-12-10,0.01,0.0099999999999857,0.01,1.0,572.3575000000001,0.0138,0.0,0.0,0.0,0,Normal / No Flood
2016,12,11,0.06,17.34,35.43,1.36,2016-12-11,0.0699999999999999,0.0699999999999857,0.0699999999999999,0.8571428571428572,614.3562,0.0816,0.01,0.0,0.0085,0,Normal / No Flood
2016,12,12,0.0,14.61,39.29,1.49,2016-12-12,0.07,0.0699999999999858,0.07,0.0,574.0269,0.0,0.06,0.01,0.058225,0,Normal / No Flood
2016,12,13,0.0,13.28,40.72,1.72,2016-12-13,0.06,0.0699999999999858,0.07,0.0,540.7615999999999,0.0,0.0,0.06,0.0494912499999999,0,Normal / No Flood
2016,12,14,0.0,12.83,41.2,1.84,2016-12-14,0.0,0.0699999999999858,0.07,0.0,528.596,0.0,0.0,0.0,0.0420675624999999,0,Normal / No Flood
2016,12,15,0.0,12.55,34.16,1.98,2016-12-15,0.0,0.0699999999999858,0.07,0.0,428.708,0.0,0.0,0.0,0.0357574281249999,0,Normal / No Flood
2016,12,16,0.0,12.87,30.79,1.34,2016-12-16,0.0,0.0699999999999858,0.07,0.0,396.2673,0.0,0.0,0.0,0.0303938139062499,0,Normal / No Flood
2016,12,17,0.0,13.3,29.79,1.45,2016-12-17,0.0,0.0599999999999857,0.07,0.0,396.207,0.0,0.0,0.0,0.0258347418203124,0,Normal / No Flood
2016,12,18,0.0,13.76,27.08,1.38,2016-12-18,0.0,0.0,0.07,0.0,372.6208,0.0,0.0,0.0,0.0192346252968749,0,Normal / No Flood
2016,12,19,0.0,13.93,25.71,1.98,2016-12-19,0.0,0.0,0.07,0.0,358.1403,0.0,0.0,0.0,0.0,0,Normal / No Flood
2016,12,20,0.0,13.75,24.87,2.32,2016-12-20,0.0,0.0,0.07,0.0,341.96250000000003,0.0,0.0,0.0,0.0,0,Normal / No Flood
2016,12,21,0.0,14.79,23.32,1.85,2016-12-21,0.0,0.0,0.07,0.0,344.90279999999996,0.0,0.0,0.0,0.0,0,Normal / No Flood
2016,12,22,0.0,15.26,20.69,1.67,2016-12-22,0.0,0.0,0.07,0.0,315.7294,0.0,0.0,0.0,0.0,0,Normal / No Flood
2016,12,23,0.0,15.06,20.32,1.44,2016-12-23,0.0,0.0,0.07,0.0,306.0192,0.0,0.0,0.0,0.0,0,Normal / No Flood
2016,12,24,0.01,14.29,24.82,1.52,2016-12-24,0.01,0.0099999999999857,0.0699999999999999,1.0,354.6778,0.0152,0.0,0.0,0.0,0,Normal / No Flood
2016,12,25,5.32,12.66,40.59,1.49,2016-12-25,5.33,5.329999999999986,5.33,0.99812382739212,513.8694,7.9268,0.01,0.0,0.0085,0,Normal / No Flood
2016,12,26,0.19,12.23,35.17,1.62,2016-12-26,5.5200000000000005,5.519999999999986,5.5200000000000005,0.0344202898550724,430.1291000000001,0.3078,5.32,0.01,4.529225,0,Normal / No Flood
2016,12,27,0.0,13.21,24.42,1.69,2016-12-27,5.510000000000001,5.519999999999986,5.5200000000000005,0.0,322.58820000000003,0.0,0.19,5.32,4.011341249999999,0,Normal / No Flood
2016,12,28,0.0,14.06,26.44,1.53,2016-12-28,0.19,5.519999999999986,5.5200000000000005,0.0,371.7464000000001,0.0,0.0,0.19,3.4096400624999994,0,Normal / No Flood
2016,12,29,0.0,14.29,26.78,1.41,2016-12-29,0.0,5.519999999999986,5.5200000000000005,0.0,382.6862,0.0,0.0,0.0,2.8981940531249997,0,Normal / No Flood
2016,12,30,0.0,13.67,32.18,1.47,2016-12-30,0.0,5.519999999999986,5.5200000000000005,0.0,439.9006,0.0,0.0,0.0,2.4634649451562503,0,Normal / No Flood
2016,12,31,0.0,13.36,39.82,1.59,2016-12-31,0.0,5.5099999999999865,5.5200000000000005,0.0,531.9952,0.0,0.0,0.0,2.093945203382812,0,Normal / No Flood
2017,1,1,1.23,13.22,52.47,1.56,2017-01-01,1.23,1.4199999999999855,6.75,1.0,693.6534,1.9188,0.0,0.0,1.7771285176249996,0,Normal / No Flood
2017,1,2,0.03,12.85,57.06,1.39,2017-01-02,1.26,1.2599999999999858,6.78,0.0238095238095238,733.221,0.0416999999999999,1.23,0.0,1.1064096467734374,0,Normal / No Flood
2017,1,3,0.02,13.8,47.78,1.59,2017-01-03,1.28,1.2799999999999858,6.8,0.015625,659.364,0.0318,0.03,1.23,0.9141749999999998,0,Normal / No Flood
2017,1,4,0.18,13.59,49.49,1.54,2017-01-04,0.2299999999999999,1.4599999999999858,6.98,0.782608695652174,672.5691,0.2772,0.02,0.03,0.7940487499999999,0,Normal / No Flood
2017,1,5,0.04,13.91,46.7,1.48,2017-01-05,0.24,1.4999999999999858,7.02,0.1666666666666666,649.5970000000001,0.0592,0.18,0.02,0.8279414374999998,0,Normal / No Flood
2017,1,6,23.5,12.49,54.29,2.45,2017-01-06,23.72,24.999999999999982,30.52,0.990725126475548,678.0821,57.575,0.04,0.18,0.737750221875,0,Normal / No Flood
2017,1,7,34.71,6.54,87.06,2.34,2017-01-07,58.25,59.70999999999999,65.22,0.5958798283261802,569.3724,81.2214,23.5,0.04,20.60208768859375,0,Normal / No Flood
2017,1,8,1.01,7.62,76.48,1.5,2017-01-08,59.22,59.48999999999999,60.91,0.0170550489699425,582.7776,1.515,34.71,23.5,47.01527453530469,0,Normal / No Flood
2017,1,9,0.0,7.37,64.26,1.27,2017-01-09,35.72,59.45999999999999,60.72,0.0,473.59620000000007,0.0,1.01,34.71,40.486320009210935,0,Normal / No Flood
2017,1,10,0.69,6.82,51.69,1.6,2017-01-10,1.7,60.12999999999999,61.41,0.4058823529411764,352.5258,1.104,0.0,1.01,34.405197292078114,0,Normal / No Flood
2017,1,11,0.12,7.05,43.3,1.67,2017-01-11,0.8099999999999999,60.069999999999986,61.53,0.1481481481481481,305.265,0.2004,0.69,0.0,29.82546788776562,0,Normal / No Flood
2017,1,12,0.0,7.59,36.64,1.48,2017-01-12,0.8099999999999999,60.02999999999999,61.53,0.0,278.0976,0.0,0.12,0.69,25.404599410093745,0,Normal / No Flood
2017,1,13,0.0,7.65,35.7,1.64,2017-01-13,0.12,36.52999999999999,61.53,0.0,273.105,0.0,0.0,0.12,21.58300987757812,0,Normal / No Flood
2017,1,14,0.0,9.46,35.53,1.65,2017-01-14,0.0,1.8199999999999856,61.53,0.0,336.1138,0.0,0.0,0.0,11.942031057523437,0,Normal / No Flood
2017,1,15,0.91,10.16,49.75,1.69,2017-01-15,0.91,1.7199999999999858,61.209999999999994,1.0,505.46,1.5379,0.0,0.0,0.6925802747890624,0,Normal / No Flood
2017,1,16,6.47,9.2,59.72,1.93,2017-01-16,7.38,8.189999999999985,67.65,0.8766937669376693,549.424,12.4871,0.91,0.0,1.0869778032812498,0,Normal / No Flood
2017,1,17,0.14,9.83,54.9,1.25,2017-01-17,7.52,7.6399999999999855,67.77000000000001,0.0186170212765957,539.667,0.175,6.47,0.91,6.423431132789061,0,Normal / No Flood
2017,1,18,0.03,9.84,53.83,1.45,2017-01-18,6.64,7.549999999999986,67.62,0.0045180722891566,529.6872,0.0435,0.14,6.47,5.390898000593749,0,Normal / No Flood
2017,1,19,0.0,9.11,51.61,1.41,2017-01-19,0.17,7.549999999999986,67.58,0.0,470.16709999999995,0.0,0.03,0.14,4.575064437499999,0,Normal / No Flood
2017,1,20,0.0,11.07,40.71,1.46,2017-01-20,0.03,7.549999999999986,44.08,0.0,450.6597,0.0,0.0,0.03,3.8888047718749994,0,Normal / No Flood
2017,1,21,0.11,12.79,34.93,0.94,2017-01-21,0.11,7.659999999999986,9.48,1.0,446.7547,0.1033999999999999,0.0,0.0,3.305484056093749,0,Normal / No Flood
2017,1,22,0.22,13.94,40.19,1.39,2017-01-22,0.33,6.9699999999999855,8.69,0.6666666666666666,560.2485999999999,0.3057999999999999,0.11,0.0,2.903161447679687,0,Normal / No Flood
2017,1,23,0.0,13.35,43.01,1.47,2017-01-23,0.3299999999999999,0.4999999999999858,8.69,0.0,574.1835,0.0,0.22,0.11,2.406720852742187,0,Normal / No Flood
2017,1,24,1.15,14.06,39.54,1.24,2017-01-24,1.37,1.5099999999999856,9.15,0.8394160583941606,555.9324,1.426,0.0,0.22,0.2826990278281249,0,Normal / No Flood
2017,1,25,4.01,13.99,57.72,2.02,2017-01-25,5.16,5.489999999999985,13.04,0.7771317829457364,807.5028,8.1002,1.15,0.0,1.1796455001484376,0,Normal / No Flood
2017,1,26,39.31,9.72,82.08,3.01,2017-01-26,44.47,44.79999999999999,52.35,0.8839667191364966,797.8176000000001,118.3231,4.01,1.15,4.403023959374999,0,Normal / No Flood
2017,1,27,3.33,9.04,82.08,1.4,2017-01-27,46.65,48.12999999999999,55.68,0.0713826366559485,742.0031999999999,4.662,39.31,4.01,37.15607036546875,0,Normal / No Flood
2017,1,28,0.0,10.61,72.58,1.8,2017-01-28,42.64,48.01999999999999,55.68,0.0,770.0737999999999,0.0,3.33,39.31,34.41315981064843,0,Normal / No Flood
2017,1,29,0.0,13.95,53.91,1.4,2017-01-29,3.33,47.79999999999999,54.77,0.0,752.0445,0.0,0.0,3.33,29.22121188129687,0,Normal / No Flood
2017,1,30,0.1,14.78,49.38,1.24,2017-01-30,0.1,47.89999999999999,48.4,1.0,729.8364,0.124,0.0,0.0,24.778082183593742,0,Normal / No Flood
2017,1,31,0.56,12.33,66.72,1.66,2017-01-31,0.66,47.309999999999995,48.82,0.8484848484848485,822.6576,0.9296,0.1,0.0,21.146369856054683,0,Normal / No Flood
2017,2,1,0.0,12.56,59.13,1.48,2017-02-01,0.66,43.29999999999999,48.79,0.0,742.6728,0.0,0.56,0.1,18.13705027385156,0,Normal / No Flood
2017,2,2,0.0,13.4,51.34,1.27,2017-02-02,0.56,3.989999999999986,48.79,0.0,687.956,0.0,0.0,0.56,14.323805727367183,0,Normal / No Flood
2017,2,3,0.0,14.46,45.19,1.22,2017-02-03,0.0,0.6599999999999858,48.79,0.0,653.4474,0.0,0.0,0.0,1.4636323289765625,0,Normal / No Flood
2017,2,4,0.15,14.54,45.51,2.35,2017-02-04,0.15,0.8099999999999858,48.83,1.0,661.7153999999999,0.3525,0.0,0.0,0.3366940312499999,0,Normal / No Flood
2017,2,5,7.56,12.9,64.38,2.91,2017-02-05,7.71,8.369999999999985,56.17,0.980544747081712,830.502,21.9996,0.15,0.0,0.4136899265625,0,Normal / No Flood
2017,2,6,0.39,11.9,69.27,1.41,2017-02-06,8.1,8.659999999999986,56.559999999999995,0.0481481481481481,824.313,0.5498999999999999,7.56,0.15,6.777636437578124,0,Normal / No Flood
2017,2,7,0.0,12.64,49.33,1.42,2017-02-07,7.949999999999999,8.099999999999985,55.41,0.0,623.5312,0.0,0.39,7.56,6.0652419194375,0,Normal / No Flood
2017,2,8,0.0,13.97,41.89,1.37,2017-02-08,0.39,8.099999999999985,51.4,0.0,585.2033,0.0,0.0,0.39,5.002860937499999,0,Normal / No Flood
2017,2,9,0.0,11.1,46.7,1.73,2017-02-09,0.0,8.099999999999985,12.09,0.0,518.37,0.0,0.0,0.0,4.2524317968749985,0,Normal / No Flood
2017,2,10,0.0,11.5,44.8,1.69,2017-02-10,0.0,8.099999999999985,8.76,0.0,515.1999999999999,0.0,0.0,0.0,3.6145670273437496,0,Normal / No Flood
2017,2,11,0.0,14.03,40.7,1.38,2017-02-11,0.0,7.949999999999986,8.76,0.0,571.021,0.0,0.0,0.0,3.072381973242187,0,Normal / No Flood
2017,2,12,0.0,13.51,44.24,1.57,2017-02-12,0.0,0.3899999999999867,8.76,0.0,597.6824,0.0,0.0,0.0,2.570651098499999,0,Normal / No Flood
2017,2,13,0.0,13.89,43.21,1.68,2017-02-13,0.0,0.0,8.66,0.0,600.1869,0.0,0.0,0.0,0.1250250644296874,0,Normal / No Flood
2017,2,14,0.0,14.95,39.06,1.67,2017-02-14,0.0,0.0,8.1,0.0,583.947,0.0,0.0,0.0,0.0,0,Normal / No Flood
2017,2,15,0.0,16.42,41.03,1.69,2017-02-15,0.0,0.0,8.1,0.0,673.7126000000001,0.0,0.0,0.0,0.0,0,Normal / No Flood
2017,2,16,0.0,17.16,51.48,2.36,2017-02-16,0.0,0.0,8.1,0.0,883.3968,0.0,0.0,0.0,0.0,0,Normal / No Flood
2017,2,17,0.0,17.8,55.88,2.27,2017-02-17,0.0,0.0,8.1,0.0,994.664,0.0,0.0,0.0,0.0,0,Normal / No Flood
2017,2,18,0.0,18.41,54.61,2.12,2017-02-18,0.0,0.0,7.949999999999999,0.0,1005.3701,0.0,0.0,0.0,0.0,0,Normal / No Flood
2017,2,19,1.52,19.36,51.33,1.22,2017-02-19,1.52,1.5199999999999867,1.91,1.0,993.7488,1.8544,0.0,0.0,0.0,0,Normal / No Flood
2017,2,20,4.42,17.75,54.25,1.83,2017-02-20,5.9399999999999995,5.939999999999987,5.9399999999999995,0.7441077441077442,962.9375,8.0886,1.52,0.0,1.292,0,Normal / No Flood
2017,2,21,6.81,15.49,57.18,1.6,2017-02-21,12.75,12.749999999999986,12.75,0.5341176470588235,885.7182,10.896,4.42,1.52,4.8552,0,Normal / No Flood
2017,2,22,0.04,14.2,47.3,1.49,2017-02-22,11.27,12.789999999999988,12.79,0.0035492457852706,671.66,0.0596,6.81,4.42,9.915419999999996,0,Normal / No Flood
2017,2,23,0.0,13.23,41.87,2.44,2017-02-23,6.85,12.789999999999988,12.79,0.0,553.9401,0.0,0.04,6.81,8.462106999999998,0,Normal / No Flood
2017,2,24,0.0,13.39,38.8,2.54,2017-02-24,0.04,12.789999999999988,12.79,0.0,519.532,0.0,0.0,0.04,7.192790949999999,0,Normal / No Flood
2017,2,25,0.0,14.47,38.48,2.47,2017-02-25,0.0,12.789999999999988,12.79,0.0,556.8056,0.0,0.0,0.0,6.1138723074999985,0,Normal / No Flood
2017,2,26,0.0,15.21,42.04,2.27,2017-02-26,0.0,11.269999999999987,12.79,0.0,639.4284,0.0,0.0,0.0,5.196791461374999,0,Normal / No Flood
2017,2,27,0.0,16.64,35.56,1.98,2017-02-27,0.0,6.849999999999987,12.79,0.0,591.7184000000001,0.0,0.0,0.0,4.003087144109374,0,Normal / No Flood
2017,2,28,0.77,17.57,34.63,1.37,2017-02-28,0.77,0.8099999999999876,13.56,1.0,608.4491,1.0549000000000002,0.0,0.0,2.1982159518203117,0,Normal / No Flood
2017,3,1,1.49,17.6,42.12,1.4,2017-03-01,2.26,2.2599999999999874,15.05,0.6592920353982301,741.312,2.086,0.77,0.0,0.6673230835312499,0,Normal / No Flood
2017,3,2,0.49,15.47,43.93,1.72,2017-03-02,2.75,2.7499999999999876,15.54,0.1781818181818182,679.5971000000001,0.8428,1.49,0.77,1.822825,0,Normal / No Flood
2017,3,3,0.01,14.81,42.82,1.85,2017-03-03,1.99,2.7599999999999874,15.55,0.0050251256281407,634.1642,0.0185,0.49,1.49,1.9659012499999995,0,Normal / No Flood
2017,3,4,0.0,14.7,41.53,1.75,2017-03-04,0.5,2.7599999999999874,15.55,0.0,610.491,0.0,0.01,0.49,1.6795160625,0,Normal / No Flood
2017,3,5,0.0,14.37,37.44,2.49,2017-03-05,0.01,2.7599999999999874,14.03,0.0,538.0128,0.0,0.0,0.01,1.4275886531249995,0,Normal / No Flood
2017,3,6,0.0,14.77,36.81,2.38,2017-03-06,0.0,2.7599999999999874,9.61,0.0,543.6837,0.0,0.0,0.0,1.21345035515625,0,Normal / No Flood
2017,3,7,2.2,13.93,50.04,1.48,2017-03-07,2.2,4.189999999999987,5.0,1.0,697.0572,3.256,0.0,0.0,1.0314328018828125,0,Normal / No Flood
2017,3,8,8.74,13.78,62.19,1.97,2017-03-08,10.94,11.439999999999989,13.7,0.7989031078610602,856.9781999999999,17.2178,2.2,0.0,2.5369001773203124,0,Normal / No Flood
2017,3,9,3.13,13.89,58.62,2.16,2017-03-09,14.07,14.079999999999988,16.830000000000002,0.2224591329068941,814.2318,6.760800000000001,8.74,2.2,9.179354268414064,0,Normal / No Flood
2017,3,10,8.94,14.08,55.62,1.69,2017-03-10,20.81,23.009999999999984,25.77,0.4296011532916867,783.1296,15.1086,3.13,8.74,10.329430770882812,0,Normal / No Flood
2017,3,11,9.94,10.51,64.12,1.39,2017-03-11,22.01,32.94999999999999,35.71,0.4516129032258065,673.9012,13.816599999999998,8.94,3.13,16.376291249999998,0,Normal / No Flood
2017,3,12,0.07,10.71,48.23,2.07,2017-03-12,18.949999999999996,33.01999999999998,35.78,0.0036939313984168,516.5433,0.1449,9.94,8.94,22.368847562499997,0,Normal / No Flood
2017,3,13,0.0,12.31,43.07,2.43,2017-03-13,10.009999999999996,33.01999999999998,35.78,0.0,530.1917,0.0,0.07,9.94,19.073020428125,0,Normal / No Flood
2017,3,14,0.0,13.39,39.74,1.79,2017-03-14,0.0699999999999964,30.819999999999983,35.01,0.0,532.1186,0.0,0.0,0.07,16.212067363906247,0,Normal / No Flood
2017,3,15,0.02,15.06,41.27,2.17,2017-03-15,0.0199999999999964,22.099999999999984,33.54,1.0000000000001776,621.5262,0.0434,0.0,0.0,13.180778104234372,0,Normal / No Flood
2017,3,16,3.23,16.55,50.67,1.76,2017-03-16,3.2499999999999964,22.199999999999985,36.28,0.9938461538461548,838.5885000000001,5.6848,0.02,0.0,8.83909419975781,0,Normal / No Flood
2017,3,17,0.47,15.46,55.81,2.01,2017-03-17,3.719999999999996,13.729999999999986,36.74,0.1263440860215055,862.8226000000001,0.9447,3.23,0.02,9.405834726421872,0,Normal / No Flood
2017,3,18,0.0,16.63,46.97,2.2,2017-03-18,3.6999999999999966,3.789999999999987,36.74,0.0,781.1111,0.0,0.47,3.23,5.958394223609375,0,Normal / No Flood
2017,3,19,0.0,17.47,40.2,2.22,2017-03-19,0.4699999999999964,3.7199999999999873,36.74,0.0,702.294,0.0,0.0,0.47,2.356079271179687,0,Normal / No Flood
2017,3,20,0.0,18.41,41.38,2.55,2017-03-20,0.0,3.7199999999999873,36.74,0.0,761.8058000000001,0.0,0.0,0.0,1.9835930437499996,0,Normal / No Flood
2017,3,21,0.0,20.38,39.27,2.48,2017-03-21,0.0,3.7199999999999873,34.54,0.0,800.3226000000001,0.0,0.0,0.0,1.6860540871874998,0,Normal / No Flood
2017,3,22,0.0,22.83,39.34,2.47,2017-03-22,0.0,3.699999999999988,25.8,0.0,898.1322,0.0,0.0,0.0,1.4331459741093746,0,Normal / No Flood
2017,3,23,0.05,23.0,41.09,1.89,2017-03-23,0.0499999999999964,0.5199999999999876,22.72,1.000000000000071,945.07,0.0945,0.0,0.0,1.2127242674921872,0,Normal / No Flood
2017,3,24,0.0,22.22,40.61,2.16,2017-03-24,0.0499999999999964,0.0499999999999875,13.78,0.0,902.3542,0.0,0.05,0.0,0.1931712314921874,0,Normal / No Flood
2017,3,25,0.0,21.65,36.38,2.35,2017-03-25,0.0499999999999964,0.0499999999999875,3.84,0.0,787.627,0.0,0.0,0.05,0.036125,0,Normal / No Flood
2017,3,26,0.0,22.5,38.6,2.96,2017-03-26,0.0,0.0499999999999875,3.77,0.0,868.5,0.0,0.0,0.0,0.0307062499999999,0,Normal / No Flood
2017,3,27,0.0,24.31,38.35,2.88,2017-03-27,0.0,0.0499999999999875,3.77,0.0,932.2885,0.0,0.0,0.0,0.0261003124999999,0,Normal / No Flood
2017,3,28,0.0,24.67,36.84,2.47,2017-03-28,0.0,0.0499999999999875,3.77,0.0,908.8428,0.0,0.0,0.0,0.022185265625,0,Normal / No Flood
2017,3,29,0.0,25.35,37.88,2.52,2017-03-29,0.0,0.0499999999999875,3.75,0.0,960.2580000000002,0.0,0.0,0.0,0.0188574757812499,0,Normal / No Flood
2017,3,30,0.0,24.55,38.5,2.58,2017-03-30,0.0,0.0,0.52,0.0,945.175,0.0,0.0,0.0,0.0160288544140624,0,Normal / No Flood
2017,3,31,0.0,26.18,36.9,2.7,2017-03-31,0.0,0.0,0.05,0.0,966.042,0.0,0.0,0.0,0.0,0,Normal / No Flood
2017,4,1,0.0,25.53,35.99,2.68,2017-04-01,0.0,0.0,0.05,0.0,918.8247,0.0,0.0,0.0,0.0,0,Normal / No Flood
2017,4,2,0.0,24.58,30.85,2.52,2017-04-02,0.0,0.0,0.05,0.0,758.293,0.0,0.0,0.0,0.0,0,Normal / No Flood
2017,4,3,0.0,24.74,30.31,2.39,2017-04-03,0.0,0.0,0.05,0.0,749.8693999999999,0.0,0.0,0.0,0.0,0,Normal / No Flood
2017,4,4,0.94,24.17,32.5,1.67,2017-04-04,0.9399999999999964,0.9399999999999876,0.99,1.0000000000000038,785.5250000000001,1.5698,0.0,0.0,0.0,0,Normal / No Flood
2017,4,5,30.33,20.96,58.47,3.83,2017-04-05,31.269999999999996,31.269999999999985,31.319999999999997,0.9699392388871124,1225.5312,116.1639,0.94,0.0,0.7989999999999999,0,Normal / No Flood
2017,4,6,6.35,22.97,45.33,5.67,2017-04-06,37.62,37.61999999999998,37.62,0.1687931951089845,1041.2301,36.0045,30.33,0.94,26.459649999999996,0,Normal / No Flood
2017,4,7,0.9,20.36,35.84,2.06,2017-04-07,37.58,38.51999999999998,38.52,0.0239489089941458,729.7024,1.854,6.35,30.33,27.8882025,0,Normal / No Flood
2017,4,8,0.0,20.27,29.23,2.07,2017-04-08,7.2499999999999964,38.51999999999998,38.52,0.0,592.4921,0.0,0.9,6.35,24.469972124999995,0,Normal / No Flood
2017,4,9,0.0,18.98,31.61,2.85,2017-04-09,0.8999999999999965,38.51999999999998,38.52,0.0,599.9578,0.0,0.0,0.9,20.799476306249993,0,Normal / No Flood
2017,4,10,0.0,19.94,30.37,3.32,2017-04-10,0.0,38.51999999999998,38.52,0.0,605.5778,0.0,0.0,0.0,17.679554860312496,0,Normal / No Flood
2017,4,11,0.0,22.43,28.51,3.11,2017-04-11,0.0,37.579999999999984,38.52,0.0,639.4793000000001,0.0,0.0,0.0,15.027621631265625,0,Normal / No Flood
2017,4,12,0.0,24.59,27.19,2.61,2017-04-12,0.0,7.249999999999986,38.52,0.0,668.6021000000001,0.0,0.0,0.0,12.51733729303906,0,Normal / No Flood
2017,4,13,0.0,25.78,26.04,1.94,2017-04-13,0.0,0.8999999999999858,38.52,0.0,671.3112,0.0,0.0,0.0,2.375099074648437,0,Normal / No Flood
2017,4,14,0.0,26.76,28.4,1.99,2017-04-14,0.0,0.0,38.52,0.0,759.984,0.0,0.0,0.0,0.2885193794531249,0,Normal / No Flood
2017,4,15,0.18,27.43,28.41,2.7,2017-04-15,0.1799999999999964,0.1799999999999857,38.7,1.0000000000000198,779.2863,0.486,0.0,0.0,0.0,0,Normal / No Flood
2017,4,16,0.0,29.25,24.33,2.04,2017-04-16,0.1799999999999964,0.1799999999999857,38.7,0.0,711.6524999999999,0.0,0.18,0.0,0.153,0,Normal / No Flood
2017,4,17,0.0,29.49,22.57,1.85,2017-04-17,0.1799999999999964,0.1799999999999857,38.7,0.0,665.5893,0.0,0.0,0.18,0.1300499999999999,0,Normal / No Flood
2017,4,18,0.0,30.45,21.93,1.95,2017-04-18,0.0,0.1799999999999857,37.76,0.0,667.7685,0.0,0.0,0.0,0.1105424999999999,0,Normal / No Flood
2017,4,19,0.0,30.1,23.35,1.89,2017-04-19,0.0,0.1799999999999857,7.43,0.0,702.835,0.0,0.0,0.0,0.0939611249999999,0,Normal / No Flood
2017,4,20,0.0,31.6,21.91,1.73,2017-04-20,0.0,0.1799999999999857,1.08,0.0,692.356,0.0,0.0,0.0,0.0798669562499999,0,Normal / No Flood
2017,4,21,0.0,30.35,28.23,2.07,2017-04-21,0.0,0.1799999999999857,0.18,0.0,856.7805000000001,0.0,0.0,0.0,0.0678869128124999,0,Normal / No Flood
2017,4,22,5.06,28.87,38.28,1.68,2017-04-22,5.059999999999996,5.059999999999985,5.239999999999999,1.0000000000000009,1105.1436,8.5008,0.0,0.0,0.0577038758906249,0,Normal / No Flood
2017,4,23,2.36,27.32,39.27,2.18,2017-04-23,7.419999999999996,7.419999999999986,7.6,0.3180592991913748,1072.8564,5.1448,5.06,0.0,4.300999999999999,0,Normal / No Flood
2017,4,24,1.99,25.84,40.6,2.1,2017-04-24,9.409999999999997,9.409999999999986,9.59,0.2114771519659937,1049.104,4.179,2.36,5.06,5.661849999999999,0,Normal / No Flood
2017,4,25,0.33,24.89,34.7,2.99,2017-04-25,4.679999999999996,9.739999999999986,9.92,0.0705128205128205,863.6830000000001,0.9867,1.99,2.36,6.504072499999999,0,Normal / No Flood
2017,4,26,0.49,25.79,31.0,2.02,2017-04-26,2.8099999999999965,10.229999999999984,10.409999999999998,0.1743772241992884,799.49,0.9898,0.33,1.99,5.8089616249999985,0,Normal / No Flood
2017,4,27,1.06,26.0,32.58,1.84,2017-04-27,1.8799999999999968,11.289999999999983,11.47,0.5638297872340436,847.0799999999999,1.9504,0.49,0.33,5.354117381249999,0,Normal / No Flood
2017,4,28,0.09,27.22,28.05,2.14,2017-04-28,1.6399999999999966,11.379999999999985,11.56,0.0548780487804879,763.521,0.1926,1.06,0.49,5.451999774062499,0,Normal / No Flood
2017,4,29,1.5,27.85,29.05,1.37,2017-04-29,2.649999999999997,7.819999999999986,12.88,0.5660377358490573,809.0425,2.055,0.09,1.06,4.710699807953125,0,Normal / No Flood
2017,4,30,4.48,25.93,39.47,2.49,2017-04-30,6.069999999999997,9.939999999999989,17.36,0.7380560131795721,1023.4571,11.155200000000002,1.5,0.09,3.9002927800624994,0,Normal / No Flood
2017,5,1,0.03,25.41,28.57,1.75,2017-05-01,6.009999999999997,7.979999999999987,17.39,0.0049916805324459,725.9637,0.0525,4.48,1.5,6.4801712239609355,0,Normal / No Flood
2017,5,2,0.0,26.47,25.98,2.94,2017-05-02,4.509999999999997,7.649999999999987,17.39,0.0,687.6906,0.0,0.03,4.48,4.991389395539063,0,Normal / No Flood
2017,5,3,0.82,26.15,37.3,2.03,2017-05-03,0.8499999999999964,7.979999999999986,18.21,0.9647058823529452,975.395,1.6645999999999996,0.0,0.03,4.152759112945312,0,Normal / No Flood
2017,5,4,0.27,26.3,37.47,2.36,2017-05-04,1.0899999999999963,7.189999999999986,18.48,0.2477064220183494,985.461,0.6372,0.82,0.0,4.093324888734374,0,Normal / No Flood
2017,5,5,0.1,27.65,30.24,2.96,2017-05-05,1.1899999999999964,7.199999999999986,18.58,0.0840336134453784,836.136,0.296,0.27,0.82,3.4199861988828117,0,Normal / No Flood
2017,5,6,0.08,28.93,27.83,2.14,2017-05-06,0.4499999999999964,5.779999999999986,13.6,0.1777777777777791,805.1219,0.1712,0.1,0.27,2.967464121796875,0,Normal / No Flood
2017,5,7,0.01,30.77,26.74,2.68,2017-05-07,0.1899999999999964,1.3099999999999858,11.25,0.0526315789473694,822.7897999999999,0.0268,0.08,0.1,2.18160871596875,0,Normal / No Flood
2017,5,8,0.0,31.5,25.35,2.27,2017-05-08,0.0899999999999964,1.2799999999999858,9.26,0.0,798.5250000000001,0.0,0.01,0.08,0.6421098563984374,0,Normal / No Flood
2017,5,9,0.29,30.96,24.68,2.28,2017-05-09,0.2999999999999964,1.5699999999999856,9.22,0.966666666666678,764.0928,0.6611999999999999,0.0,0.01,0.5376186621874999,0,Normal / No Flood
2017,5,10,1.08,29.9,30.45,2.49,2017-05-10,1.3699999999999966,1.829999999999986,9.810000000000002,0.7883211678832137,910.455,2.6892000000000005,0.29,0.0,0.7034758628593749,0,Normal / No Flood
2017,5,11,0.38,29.9,29.93,2.05,2017-05-11,1.7499999999999964,1.9399999999999855,9.13,0.2171428571428575,894.9069999999999,0.7789999999999999,1.08,0.29,1.2925122528984374,0,Normal / No Flood
2017,5,12,4.86,30.38,32.2,1.97,2017-05-12,6.319999999999997,6.699999999999986,13.900000000000002,0.7689873417721523,978.236,9.5742,0.38,1.08,1.3480629732031248,0,Normal / No Flood
2017,5,13,0.64,30.28,31.95,2.95,2017-05-13,5.879999999999996,7.259999999999986,13.040000000000004,0.108843537414966,967.446,1.888,4.86,0.38,5.249604474718749,0,Normal / No Flood
2017,5,14,0.18,30.98,29.24,2.71,2017-05-14,5.679999999999997,7.429999999999986,8.740000000000002,0.0316901408450704,905.8552,0.4877999999999999,0.64,4.86,4.984364561507812,0,Normal / No Flood
2017,5,15,0.0,31.86,26.44,2.36,2017-05-15,0.8199999999999965,7.429999999999986,8.71,0.0,842.3784,0.0,0.18,0.64,4.386984972031249,0,Normal / No Flood
2017,5,16,0.62,30.86,29.81,2.8,2017-05-16,0.7999999999999964,7.759999999999986,9.33,0.7750000000000035,919.9366,1.736,0.0,0.18,3.728937226226562,0,Normal / No Flood
2017,5,17,1.51,29.52,33.89,2.17,2017-05-17,2.1299999999999963,8.189999999999985,10.02,0.7089201877934285,1000.4328,3.2767,0.62,0.0,3.61757439003125,0,Normal / No Flood
2017,5,18,4.85,28.37,40.15,1.43,2017-05-18,6.979999999999996,12.659999999999986,14.6,0.6948424068767912,1139.0555,6.935499999999999,1.51,0.62,4.064148464484375,0,Normal / No Flood
2017,5,19,9.44,28.13,48.26,1.53,2017-05-19,15.799999999999995,17.239999999999984,23.94,0.5974683544303799,1357.5538,14.4432,4.85,1.51,7.473479795296873,0,Normal / No Flood
2017,5,20,1.58,29.19,39.94,2.16,2017-05-20,15.869999999999996,18.179999999999986,25.44,0.0995589161940769,1165.8486,3.4128000000000003,9.44,4.85,13.0521538743125,0,Normal / No Flood
2017,5,21,5.38,28.72,41.16,2.04,2017-05-21,16.399999999999995,23.379999999999985,30.81,0.3280487804878049,1182.1152,10.9752,1.58,9.44,12.262936857140623,0,Normal / No Flood
2017,5,22,11.62,26.32,53.21,1.74,2017-05-22,18.58,34.999999999999986,42.43,0.6254036598493004,1400.4872,20.2188,5.38,1.58,14.947448034062496,0,Normal / No Flood
2017,5,23,1.14,28.32,44.81,1.68,2017-05-23,18.139999999999997,35.51999999999999,43.28,0.0628445424476295,1269.0192000000002,1.9152,11.62,5.38,22.58233082895312,0,Normal / No Flood
2017,5,24,0.13,30.08,37.64,1.65,2017-05-24,12.889999999999995,34.139999999999986,42.330000000000005,0.0100853374709076,1132.2112,0.2145,1.14,11.62,19.995037079085932,0,Normal / No Flood
2017,5,25,0.11,30.59,36.6,1.52,2017-05-25,1.379999999999998,29.399999999999984,42.06,0.0797101449275363,1119.594,0.1672,0.13,1.14,16.69482082441406,0,Normal / No Flood
2017,5,26,3.06,30.99,35.42,2.63,2017-05-26,3.299999999999998,23.01999999999999,40.26,0.9272727272727278,1097.6658,8.0478,0.11,0.13,12.962518654312497,0,Normal / No Flood
2017,5,27,0.35,32.23,24.35,1.66,2017-05-27,3.5199999999999987,21.78999999999999,39.97,0.0994318181818182,784.8004999999999,0.581,3.06,0.11,11.046830299796875,0,Normal / No Flood
2017,5,28,0.97,30.2,30.05,2.28,2017-05-28,4.379999999999998,17.37999999999999,40.76,0.2214611872146119,907.51,2.2116,0.35,3.06,9.256770725265625,0,Normal / No Flood
2017,5,29,0.88,28.84,41.67,2.35,2017-05-29,2.1999999999999984,6.639999999999989,41.64,0.4000000000000003,1201.7628,2.068,0.97,0.35,7.226756091765624,0,Normal / No Flood
2017,5,30,3.65,28.7,43.22,1.96,2017-05-30,5.499999999999998,9.14999999999999,44.669999999999995,0.6636363636363638,1240.414,7.154,0.88,0.97,3.7244027770468744,0,Normal / No Flood
2017,5,31,6.35,27.84,50.76,1.74,2017-05-31,10.88,15.369999999999989,49.51,0.5836397058823529,1413.1584,11.049,3.65,0.88,5.957603161945313,0,Normal / No Flood
2017,6,1,0.07,28.43,38.97,2.39,2017-06-01,10.069999999999997,15.32999999999999,44.73,0.0069513406156901,1107.9171,0.1673,6.35,3.65,10.426038919398438,0,Normal / No Flood
2017,6,2,0.0,29.43,28.97,2.67,2017-06-02,6.419999999999998,12.269999999999987,35.29,0.0,852.5871,0.0,0.07,6.35,8.891659123734373,0,Normal / No Flood
2017,6,3,0.0,32.05,27.4,3.0,2017-06-03,0.0699999999999982,11.91999999999999,33.71,0.0,878.1699999999998,0.0,0.0,0.07,6.7240892485546855,0,Normal / No Flood
2017,6,4,0.0,34.29,24.64,2.37,2017-06-04,0.0,10.949999999999989,28.33,0.0,844.9056,0.0,0.0,0.0,5.6201041775078115,0,Normal / No Flood
2017,6,5,0.25,33.43,29.67,2.63,2017-06-05,0.2499999999999982,10.31999999999999,16.96,1.000000000000007,991.8681,0.6575,0.0,0.0,4.512772741593749,0,Normal / No Flood
2017,6,6,4.93,32.72,37.98,2.22,2017-06-06,5.179999999999998,11.599999999999987,20.75,0.951737451737452,1242.7055999999998,10.9446,0.25,0.0,3.808565168320312,0,Normal / No Flood
2017,6,7,38.64,28.08,58.05,2.14,2017-06-07,43.82,43.889999999999986,59.260000000000005,0.8817891373801917,1630.044,82.68960000000001,4.93,0.25,6.433189976679686,0,Normal / No Flood
2017,6,8,1.01,28.21,52.62,2.14,2017-06-08,44.58,44.829999999999984,60.16,0.0226558995065051,1484.4102,2.1614,38.64,4.93,36.58189664617969,0,Normal / No Flood
2017,6,9,3.41,27.81,50.66,1.55,2017-06-09,43.06,48.23999999999999,60.510000000000005,0.0791918253599628,1408.8546,5.285500000000001,1.01,38.64,31.9340378125,0,Normal / No Flood
2017,6,10,2.18,28.87,46.84,2.04,2017-06-10,6.6,50.41999999999999,62.34,0.3303030303030303,1352.2708000000002,4.4472000000000005,3.41,1.01,30.042432140625,0,Normal / No Flood
2017,6,11,0.47,28.49,43.15,1.6,2017-06-11,6.0600000000000005,50.889999999999986,61.84,0.0775577557755775,1229.3435,0.752,2.18,3.41,27.38906731953125,0,Normal / No Flood
2017,6,12,0.0,29.01,39.11,2.29,2017-06-12,2.6500000000000004,50.639999999999986,60.96000000000001,0.0,1134.5811,0.0,0.47,2.18,23.68020722160156,0,Normal / No Flood
2017,6,13,0.89,30.61,35.76,2.27,2017-06-13,1.36,46.59999999999999,58.2,0.6544117647058825,1094.6136,2.0203,0.0,0.47,20.060053507101557,0,Normal / No Flood
2017,6,14,1.26,31.48,34.43,2.29,2017-06-14,2.1500000000000004,9.219999999999986,53.11000000000001,0.5860465116279069,1083.8564,2.8854,0.89,0.0,16.46416719259375,0,Normal / No Flood
2017,6,15,1.21,30.64,39.43,2.1,2017-06-15,3.3600000000000003,9.419999999999986,54.25000000000001,0.3601190476190475,1208.1352,2.541,1.26,0.89,4.536508226195312,0,Normal / No Flood
2017,6,16,9.05,29.19,47.88,1.9,2017-06-16,11.52,15.059999999999986,63.30000000000001,0.7855902777777778,1397.6172,17.195,1.21,1.26,4.609316561976562,0,Normal / No Flood
2017,6,17,7.28,28.62,51.5,1.69,2017-06-17,17.540000000000003,20.159999999999982,70.58000000000001,0.4150513112884834,1473.93,12.3032,9.05,1.21,10.681226387296874,0,Normal / No Flood
2017,6,18,5.86,26.85,66.77,1.35,2017-06-18,22.19,25.54999999999999,76.44000000000001,0.2640829202343397,1792.7745,7.911000000000001,7.28,9.05,14.673013084617184,0,Normal / No Flood
2017,6,19,5.39,29.35,60.87,2.49,2017-06-19,18.53,30.939999999999987,81.58000000000001,0.2908796546141391,1786.5345,13.4211,5.86,7.28,17.32499057515625,0,Normal / No Flood
2017,6,20,21.37,27.2,70.36,2.21,2017-06-20,32.620000000000005,51.41999999999999,98.02,0.6551195585530349,1913.792,47.2277,5.39,5.86,19.307741988882807,0,Normal / No Flood
2017,6,21,9.09,26.27,63.8,1.62,2017-06-21,35.85,59.249999999999986,68.47000000000001,0.2535564853556485,1676.0259999999998,14.7258,21.37,5.39,34.333564123265624,0,Normal / No Flood
2017,6,22,4.02,26.21,61.23,1.54,2017-06-22,34.480000000000004,62.05999999999999,71.48,0.1165893271461716,1604.8383,6.190799999999999,9.09,21.37,36.56669144322657,0,Normal / No Flood
2017,6,23,0.0,28.05,51.87,1.96,2017-06-23,13.11,53.009999999999984,68.07000000000001,0.0,1454.9535,0.0,4.02,9.09,34.16897419144531,0,Normal / No Flood
2017,6,24,0.0,29.06,53.94,1.71,2017-06-24,4.02,45.72999999999998,65.89000000000001,0.0,1567.4963999999998,0.0,0.0,4.02,26.577588811124997,0,Normal / No Flood
2017,6,25,7.11,29.59,54.29,1.41,2017-06-25,7.11,46.97999999999998,72.53000000000002,1.0,1606.4411,10.0251,0.0,0.0,20.607219467171873,0,Normal / No Flood
2017,6,26,7.85,29.2,60.46,1.79,2017-06-26,14.96,49.43999999999998,80.38000000000001,0.5247326203208555,1765.432,14.0515,7.11,0.0,21.96284207036718,0,Normal / No Flood
2017,6,27,8.17,28.91,60.86,1.29,2017-06-27,23.13,36.23999999999998,87.66000000000001,0.353220925205361,1759.4626,10.5393,7.85,7.11,23.87219182985156,0,Normal / No Flood
2017,6,28,19.79,27.59,69.89,1.75,2017-06-28,35.81,46.93999999999998,106.19,0.552638927673834,1928.2651,34.6325,8.17,7.85,21.41274053528906,0,Normal / No Flood
2017,6,29,17.61,25.04,83.12,1.79,2017-06-29,45.56999999999999,60.52999999999999,122.59,0.3864384463462805,2081.3248,31.5219,19.79,8.17,32.545390582390624,0,Normal / No Flood
2017,6,30,5.95,25.94,78.0,2.08,2017-06-30,43.349999999999994,66.47999999999999,119.49,0.1372549019607843,2023.32,12.376,17.61,19.79,41.536670084375,0,Normal / No Flood
2017,7,1,6.59,27.38,71.9,1.4,2017-07-01,30.15,73.07,118.8,0.2185737976782752,1968.622,9.226,5.95,17.61,40.36366957171874,0,Normal / No Flood
2017,7,2,4.31,27.51,74.31,2.0,2017-07-02,16.85,70.26999999999998,117.25,0.2557863501483679,2044.2681,8.62,6.59,5.95,39.91061913596093,0,Normal / No Flood
2017,7,3,1.74,27.61,69.95,2.11,2017-07-03,12.64,64.15999999999998,113.6,0.1376582278481012,1931.3195,3.6714,4.31,6.59,35.650118632539055,0,Normal / No Flood
2017,7,4,0.38,29.08,58.94,2.18,2017-07-04,6.43,56.36999999999998,92.61,0.0590979782270606,1713.9752,0.8284,1.74,4.31,29.64255021610156,0,Normal / No Flood
2017,7,5,7.36,29.21,63.49,1.94,2017-07-05,9.48,43.93999999999998,90.88,0.7763713080168776,1854.5429,14.2784,0.38,1.74,23.292920094117186,0,Normal / No Flood
2017,7,6,7.68,28.88,65.49,1.48,2017-07-06,15.42,34.009999999999984,94.54,0.4980544747081712,1891.3512,11.3664,7.36,0.38,20.662394589476555,0,Normal / No Flood
2017,7,7,4.25,27.41,68.44,1.57,2017-07-07,19.29,32.30999999999999,98.79,0.2203214100570243,1875.9404,6.6725,7.68,7.36,19.292477255117188,0,Normal / No Flood
2017,7,8,0.07,28.43,61.33,1.77,2017-07-08,12.0,25.789999999999985,98.86,0.0058333333333333,1743.6119,0.1239,4.25,7.68,18.389787042867187,0,Normal / No Flood
2017,7,9,0.52,29.41,57.39,2.05,2017-07-09,4.84,21.999999999999982,92.27,0.1074380165289256,1687.8399,1.0659999999999998,0.07,4.25,13.895106426429685,0,Normal / No Flood
2017,7,10,6.38,29.52,59.45,1.93,2017-07-10,6.97,26.639999999999983,90.8,0.9153515064562412,1754.9640000000002,12.3134,0.52,0.07,11.078406299546872,0,Normal / No Flood
2017,7,11,14.34,27.92,66.42,1.45,2017-07-11,21.24,40.59999999999999,96.97,0.6751412429378532,1854.4464000000005,20.793,6.38,0.52,14.365511841046876,0,Normal / No Flood
2017,7,12,28.59,25.84,78.04,1.38,2017-07-12,49.31,61.829999999999984,105.77,0.5798012573514499,2016.5536,39.4542,14.34,6.38,24.296138665374997,0,Normal / No Flood
2017,7,13,12.87,26.13,76.68,1.33,2017-07-13,55.8,67.01999999999998,101.03000000000002,0.2306451612903226,2003.6484,17.1171,28.59,14.34,42.947687601281245,0,Normal / No Flood
2017,7,14,0.57,27.5,69.33,1.21,2017-07-14,42.03,63.33999999999999,95.65,0.0135617416131334,1906.575,0.6896999999999999,12.87,28.59,45.35230722878905,0,Normal / No Flood
2017,7,15,1.3,27.69,71.45,1.37,2017-07-15,14.739999999999998,64.57,90.36,0.0881953867028494,1978.4505,1.781,0.57,12.87,37.87587641305468,0,Normal / No Flood
2017,7,16,1.77,27.1,77.57,1.74,2017-07-16,3.64,65.82,87.82000000000001,0.4862637362637362,2102.147,3.0798,1.3,0.57,33.28042061434375,0,Normal / No Flood
2017,7,17,4.08,27.43,74.71,1.8,2017-07-17,7.15,63.51999999999999,90.16,0.5706293706293706,2049.2953,7.344,1.77,1.3,29.65116244917187,0,Normal / No Flood
2017,7,18,3.62,27.98,66.6,1.32,2017-07-18,9.47,52.79999999999998,93.4,0.3822597676874341,1863.468,4.7784,4.08,1.77,26.932998532046867,0,Normal / No Flood
2017,7,19,0.38,28.6,62.45,1.46,2017-07-19,8.08,24.589999999999986,86.42000000000002,0.047029702970297,1786.0700000000002,0.5548,3.62,4.08,22.062534623179683,0,Normal / No Flood
2017,7,20,0.33,27.46,68.77,1.93,2017-07-20,4.33,12.049999999999986,79.07000000000001,0.0762124711316397,1888.4242,0.6369,0.38,3.62,11.285650318835934,0,Normal / No Flood
2017,7,21,8.56,27.44,71.46,1.68,2017-07-21,9.27,20.039999999999985,83.38000000000001,0.9234088457389428,1960.8624,14.3808,0.33,0.38,6.366349713757812,0,Normal / No Flood
2017,7,22,17.23,26.51,76.4,1.45,2017-07-22,26.120000000000005,35.969999999999985,100.54000000000002,0.6596477794793261,2025.3640000000005,24.9835,8.56,0.33,12.532077657421873,0,Normal / No Flood
2017,7,23,5.59,26.99,76.53,0.95,2017-07-23,31.38000000000001,39.78999999999999,105.61,0.1781389420012746,2065.5447,5.310499999999999,17.23,8.56,24.94352832625781,0,Normal / No Flood
2017,7,24,4.87,25.51,82.34,1.32,2017-07-24,27.690000000000005,40.579999999999984,104.1,0.1758757674250631,2100.4934000000003,6.428400000000001,5.59,17.23,25.471190848,0,Normal / No Flood
2017,7,25,4.32,26.16,79.39,1.35,2017-07-25,14.780000000000005,41.27999999999999,94.08,0.2922868741542624,2076.8424,5.832000000000001,4.87,5.59,24.678250878640625,0,Normal / No Flood
2017,7,26,7.68,26.53,77.05,1.44,2017-07-26,16.870000000000005,48.579999999999984,73.17000000000002,0.4552459988144634,2044.1365,11.0592,4.32,4.87,23.662097546203125,0,Normal / No Flood
2017,7,27,52.15,26.06,80.43,1.61,2017-07-27,64.15,100.39999999999998,112.45000000000002,0.8129384255650818,2096.0058,83.9615,7.68,4.32,26.537236514757808,0,Normal / No Flood
2017,7,28,23.09,25.4,81.56,0.83,2017-07-28,82.92,114.92999999999998,134.97,0.2784611673902556,2071.624,19.1647,52.15,7.68,66.79422916428123,1,Historical Disaster Record
2017,7,29,6.05,24.97,86.53,1.39,2017-07-29,81.29,103.75,139.72000000000003,0.074424898511502,2160.6540999999997,8.4095,23.09,52.15,74.06907589530468,0,Normal / No Flood
2017,7,30,6.34,25.11,85.55,1.45,2017-07-30,35.48,104.5,144.29000000000002,0.1786922209695603,2148.1605,9.193,6.05,23.09,63.406202764585935,0,Normal / No Flood
2017,7,31,14.22,24.76,86.57,1.6,2017-07-31,26.61,113.84999999999998,154.43,0.5343855693348366,2143.4732,22.752,6.34,6.05,57.76105031492968,0,Normal / No Flood
2017,8,1,17.69,24.0,90.42,1.03,2017-08-01,38.25,127.22,168.50000000000003,0.462483660130719,2170.08,18.2207,14.22,6.34,59.85686391074999,0,Normal / No Flood
2017,8,2,23.03,24.01,92.3,1.77,2017-08-02,54.94,142.57,191.15,0.4191845649799782,2216.123,40.7631,17.69,14.22,64.73767525596874,0,Normal / No Flood
2017,8,3,22.86,25.36,86.37,2.18,2017-08-03,63.58,113.27999999999996,213.68,0.3595470273670966,2190.3432000000003,49.8348,23.03,17.69,72.50979673527344,0,Normal / No Flood
2017,8,4,20.05,26.22,81.16,1.55,2017-08-04,65.94,110.24,225.17,0.3040643008795875,2128.0152,31.0775,22.86,23.03,66.85394634419531,0,Normal / No Flood
2017,8,5,10.49,26.05,80.37,1.34,2017-08-05,53.400000000000006,114.68,218.43,0.196441947565543,2093.6385,14.0566,20.05,22.86,67.57654816941405,0,Normal / No Flood
2017,8,6,2.17,26.15,80.34,1.04,2017-08-06,32.71,110.51,215.01,0.0663405686334454,2100.891,2.2568,10.49,20.05,64.70799826751562,0,Normal / No Flood
2017,8,7,9.72,24.71,87.78,1.08,2017-08-07,22.380000000000003,106.01,219.86,0.4343163538873994,2169.0438,10.497600000000002,2.17,10.49,55.118708598640616,0,Normal / No Flood
2017,8,8,11.45,25.65,83.83,1.14,2017-08-08,23.34,99.77,226.99,0.4905741216795201,2150.2394999999997,13.052999999999995,9.72,2.17,51.23808704278906,0,Normal / No Flood
2017,8,9,8.87,25.55,85.17,1.28,2017-08-09,30.04,85.60999999999999,228.18,0.2952729693741677,2176.0935,11.353599999999998,11.45,9.72,48.46451659842968,0,Normal / No Flood
2017,8,10,2.79,25.9,84.68,1.87,2017-08-10,23.11,65.53999999999999,178.82000000000002,0.1207269580268282,2193.212,5.217300000000001,8.87,11.45,42.45888231701562,0,Normal / No Flood
2017,8,11,6.57,25.89,84.13,2.2,2017-08-11,18.23,52.05999999999999,162.3,0.3603949533735601,2178.1257,14.454000000000002,2.79,8.87,32.23241656707031,0,Normal / No Flood
2017,8,12,4.81,25.51,84.51,1.94,2017-08-12,14.17,46.37999999999999,161.06000000000003,0.3394495412844036,2155.8501,9.3314,6.57,2.79,27.51861905497655,0,Normal / No Flood
2017,8,13,3.98,26.34,81.44,1.47,2017-08-13,15.36,48.18999999999998,158.70000000000002,0.2591145833333333,2145.1296,5.8506,4.81,6.57,24.620900589070303,1,Historical Disaster Record
2017,8,14,8.22,25.07,84.51,1.33,2017-08-14,17.009999999999998,46.68999999999998,152.70000000000002,0.4832451499118166,2118.6657,10.9326,3.98,4.81,23.719461061374997,0,Normal / No Flood
2017,8,15,0.65,25.53,83.2,1.53,2017-08-15,12.85,35.889999999999986,135.66,0.0505836575875486,2124.096,0.9945,8.22,3.98,24.49993399878906,0,Normal / No Flood
2017,8,16,0.0,24.9,84.24,2.16,2017-08-16,8.870000000000001,27.019999999999985,112.63,0.0,2097.5759999999996,0.0,0.65,8.22,18.25742738727344,0,Normal / No Flood
2017,8,17,0.22,25.47,76.13,1.46,2017-08-17,0.87,24.44999999999999,89.99000000000001,0.2528735632183908,1939.0310999999997,0.3212,0.0,0.65,13.101822322085935,0,Normal / No Flood
2017,8,18,3.94,26.54,69.97,1.3,2017-08-18,4.16,21.819999999999983,73.88000000000001,0.9471153846153846,1857.0038,5.122,0.22,0.0,10.56330040891406,0,Normal / No Flood
2017,8,19,17.58,25.49,81.51,1.24,2017-08-19,21.74,34.58999999999998,80.97,0.8086476540938362,2077.6899,21.7992,3.94,0.22,10.537542598070312,0,Normal / No Flood
2017,8,20,27.81,24.94,84.41,1.16,2017-08-20,49.33,58.41999999999999,106.61,0.5637543077234948,2105.1854,32.2596,17.58,3.94,22.58923178292187,0,Normal / No Flood
2017,8,21,63.89,24.68,87.31,1.49,2017-08-21,109.28,114.09,160.78,0.5846449487554904,2154.8108,95.1961,27.81,17.58,41.75483472582811,1,Historical Disaster Record; 3-Day Saturated Runoff (109.3mm)
2017,8,22,11.88,25.38,83.18,1.16,2017-08-22,103.58,125.31999999999998,161.21,0.1146939563622321,2111.1084,13.7808,63.89,27.81,87.5582374011328,0,Normal / No Flood
2017,8,23,4.22,25.01,87.12,1.1,2017-08-23,79.99,129.54,156.56,0.0527565945743217,2178.8712,4.642,11.88,63.89,84.34538294968748,0,Normal / No Flood
2017,8,24,4.17,24.37,88.34,1.3,2017-08-24,20.27,133.48999999999998,157.94,0.2057227429699062,2152.8458,5.421,4.22,11.88,75.28057550723435,0,Normal / No Flood
2017,8,25,12.84,24.89,85.37,0.91,2017-08-25,21.229999999999997,142.39,164.20999999999998,0.6048045219029676,2124.8593,11.6844,4.17,4.22,67.47304126564062,0,Normal / No Flood
2017,8,26,1.3,24.97,85.11,1.66,2017-08-26,18.31,126.11,160.7,0.070999453850355,2125.1967,2.158,12.84,4.17,67.19247240714061,0,Normal / No Flood
2017,8,27,0.6,24.75,83.86,1.64,2017-08-27,14.739999999999998,98.9,157.32,0.0407055630936228,2075.535,0.984,1.3,12.84,53.4282181158828,0,Normal / No Flood
2017,8,28,3.9,25.11,81.86,0.88,2017-08-28,5.799999999999998,38.90999999999998,153.0,0.6724137931034485,2055.5046,3.432,0.6,1.3,38.34602389716406,0,Normal / No Flood
2017,8,29,3.23,25.89,77.39,0.92,2017-08-29,7.729999999999999,30.259999999999984,155.57999999999998,0.4178525226390686,2003.6271,2.9716,3.9,0.6,18.499700667843744,0,Normal / No Flood
2017,8,30,2.01,25.79,81.46,0.85,2017-08-30,9.139999999999995,28.049999999999983,157.59,0.2199124726477024,2100.8534,1.7084999999999997,3.23,3.9,15.233058130203124,0,Normal / No Flood
2017,8,31,14.09,24.88,89.48,0.75,2017-08-31,19.33,37.969999999999985,171.46,0.7289187790998448,2226.2624,10.5675,2.01,3.23,13.506689395007813,0,Normal / No Flood
2017,9,1,37.07,23.79,88.36,1.06,2017-09-01,53.17,62.19999999999999,204.59,0.6971976678578146,2102.0843999999997,39.2942,14.09,2.01,22.32090049634375,0,Normal / No Flood
2017,9,2,14.53,23.82,89.67,1.58,2017-09-02,65.69,75.42999999999998,201.54,0.2211904399451971,2135.9394,22.9574,37.07,14.09,46.983487080390624,0,Normal / No Flood
2017,9,3,1.19,23.07,87.41,1.67,2017-09-03,52.78999999999999,76.01999999999998,174.92000000000002,0.0225421481341163,2016.5487,1.9873,14.53,37.07,51.93222633578124,0,Normal / No Flood
2017,9,4,0.09,23.59,84.43,1.66,2017-09-04,15.809999999999992,72.20999999999998,111.12,0.0056925996204933,1991.7037000000005,0.1493999999999999,1.19,14.53,44.99039807039061,0,Normal / No Flood
2017,9,5,0.16,23.56,88.96,2.09,2017-09-05,1.4399999999999928,69.13999999999999,99.4,0.1111111111111116,2095.8976,0.3344,0.09,1.19,37.25562531217969,0,Normal / No Flood
2017,9,6,8.08,23.73,85.45,1.76,2017-09-06,8.329999999999993,75.20999999999998,103.26,0.96998799519808,2027.7285,14.2208,0.16,0.09,30.923137119476557,0,Normal / No Flood
2017,9,7,10.06,24.02,83.0,1.39,2017-09-07,18.299999999999994,71.17999999999998,109.15,0.5497267759562844,1993.66,13.9834,8.08,0.16,32.604960596226555,0,Normal / No Flood
2017,9,8,0.13,23.85,80.85,1.37,2017-09-08,18.269999999999992,34.23999999999998,96.44,0.0071154898741105,1928.2725,0.1781,10.06,8.08,32.425825008992184,0,Normal / No Flood
2017,9,9,0.69,24.1,81.91,1.59,2017-09-09,10.879999999999994,20.399999999999977,95.83,0.0634191176470588,1974.031,1.0971,0.13,10.06,17.57122749444531,0,Normal / No Flood
2017,9,10,3.57,23.7,79.31,1.24,2017-09-10,4.389999999999993,22.77999999999998,98.8,0.813211845102507,1879.647,4.4268,0.69,0.13,11.562756041460936,0,Normal / No Flood
2017,9,11,0.16,23.98,78.72,1.86,2017-09-11,4.419999999999993,22.84999999999998,95.06,0.0361990950226244,1887.7056,0.2976,3.57,0.69,12.53857891044531,0,Normal / No Flood
2017,9,12,0.0,23.9,76.61,1.76,2017-09-12,3.729999999999993,22.68999999999998,91.83,0.0,1830.979,0.0,0.16,3.57,10.769267926624998,0,Normal / No Flood
2017,9,13,0.06,23.88,77.09,1.53,2017-09-13,0.2199999999999929,14.66999999999998,89.88,0.2727272727272815,1840.9092,0.0917999999999999,0.0,0.16,9.110279253625,0,Normal / No Flood
2017,9,14,0.0,23.83,76.49,1.48,2017-09-14,0.0599999999999928,4.609999999999978,75.79,0.0,1822.7566999999997,0.0,0.06,0.0,5.593013923265624,0,Normal / No Flood
2017,9,15,0.0,24.07,73.7,1.61,2017-09-15,0.0599999999999928,4.479999999999978,38.72,0.0,1773.959,0.0,0.0,0.06,2.012807152882812,0,Normal / No Flood
2017,9,16,0.26,24.96,66.83,1.17,2017-09-16,0.2599999999999929,4.0499999999999785,24.45,1.000000000000027,1668.0768,0.3041999999999999,0.0,0.0,1.675462311695312,0,Normal / No Flood
2017,9,17,0.14,24.92,69.98,1.39,2017-09-17,0.3999999999999929,0.6199999999999787,23.4,0.3500000000000062,1743.9016,0.1946,0.26,0.0,1.4571245026640622,0,Normal / No Flood
2017,9,18,0.1,24.91,64.03,1.42,2017-09-18,0.4999999999999929,0.5599999999999786,23.41,0.2000000000000028,1594.9873,0.142,0.14,0.26,0.384764652875,0,Normal / No Flood
2017,9,19,0.0,24.73,56.22,1.33,2017-09-19,0.2399999999999929,0.5599999999999786,23.25,0.0,1390.3206,0.0,0.1,0.14,0.3684514709375,0,Normal / No Flood
2017,9,20,0.11,24.42,57.69,1.32,2017-09-20,0.2099999999999929,0.6099999999999787,15.28,0.5238095238095415,1408.7898,0.1452,0.0,0.1,0.3131837502968749,0,Normal / No Flood
2017,9,21,0.63,24.17,59.08,1.32,2017-09-21,0.7399999999999929,1.239999999999979,5.85,0.8513513513513595,1427.9636,0.8316,0.11,0.0,0.34335675625,0,Normal / No Flood
2017,9,22,22.09,23.67,72.31,1.05,2017-09-22,22.82999999999999,23.329999999999977,27.81,0.9675865089794136,1711.5777000000005,23.1945,0.63,0.11,0.8273532428125,0,Normal / No Flood
2017,9,23,46.02,21.2,87.81,1.64,2017-09-23,68.74,69.08999999999997,73.14,0.6694791969741054,1861.572,75.4728,22.09,0.63,19.47975025639062,0,Normal / No Flood
2017,9,24,6.34,22.19,79.91,1.45,2017-09-24,74.45,75.28999999999998,75.91000000000001,0.0851578240429818,1773.2029,9.193,46.02,22.09,55.60394018142187,0,Normal / No Flood
2017,9,25,0.0,22.61,72.13,1.92,2017-09-25,52.36,75.18999999999998,75.75,0.0,1630.8592999999998,0.0,6.34,46.02,52.61420048070312,0,Normal / No Flood
2017,9,26,0.02,23.33,67.13,1.6,2017-09-26,6.359999999999992,75.21,75.77,0.0031446540880503,1566.1428999999998,0.032,0.0,6.34,44.69482135609375,0,Normal / No Flood
2017,9,27,0.01,24.01,62.64,1.3,2017-09-27,0.0299999999999928,75.10999999999999,75.72000000000001,0.3333333333334123,1503.9864,0.013,0.02,0.0,38.00759815267968,0,Normal / No Flood
2017,9,28,0.12,23.86,66.53,1.31,2017-09-28,0.1499999999999929,74.59999999999998,75.84,0.8000000000000379,1587.4058,0.1572,0.01,0.02,32.28498447202343,0,Normal / No Flood
2017,9,29,0.01,24.09,65.85,1.66,2017-09-29,0.1399999999999929,52.51999999999999,75.85000000000001,0.071428571428575,1586.3265,0.0166,0.12,0.01,27.372567770445308,0,Normal / No Flood
2017,9,30,0.0,23.47,60.9,1.63,2017-09-30,0.1299999999999929,6.499999999999979,75.59,0.0,1429.323,0.0,0.01,0.12,17.255866906765622,0,Normal / No Flood
2017,10,1,0.0,23.32,51.48,1.49,2017-10-01,0.0099999999999928,0.1599999999999787,75.45,0.0,1200.5136,0.0,0.0,0.01,2.1274729084531248,0,Normal / No Flood
2017,10,2,0.0,23.77,50.62,1.5,2017-10-02,0.0,0.1599999999999787,75.35000000000001,0.0,1203.2374,0.0,0.0,0.0,0.0807620434374999,0,Normal / No Flood
2017,10,3,0.0,22.73,59.35,1.58,2017-10-03,0.0,0.1399999999999787,75.35000000000001,0.0,1349.0255,0.0,0.0,0.0,0.0686477369218749,0,Normal / No Flood
2017,10,4,0.0,22.2,58.1,1.4,2017-10-04,0.0,0.1299999999999787,75.24000000000001,0.0,1289.82,0.0,0.0,0.0,0.0529007658828124,0,Normal / No Flood
2017,10,5,0.0,22.03,60.89,1.66,2017-10-05,0.0,0.0099999999999786,74.61,0.0,1341.4067,0.0,0.0,0.0,0.0422407457499999,0,Normal / No Flood
2017,10,6,0.0,22.35,59.13,1.57,2017-10-06,0.0,0.0,52.52,0.0,1321.5555000000002,0.0,0.0,0.0,0.0032057708828124,0,Normal / No Flood
2017,10,7,0.0,23.39,55.06,1.35,2017-10-07,0.0,0.0,6.5,0.0,1287.8534000000002,0.0,0.0,0.0,0.0,0,Normal / No Flood
2017,10,8,0.0,23.24,56.53,1.38,2017-10-08,0.0,0.0,0.16,0.0,1313.7572,0.0,0.0,0.0,0.0,0,Normal / No Flood
2017,10,9,0.0,23.1,59.59,1.4,2017-10-09,0.0,0.0,0.16,0.0,1376.5290000000002,0.0,0.0,0.0,0.0,0,Normal / No Flood
2017,10,10,0.0,22.56,59.66,1.26,2017-10-10,0.0,0.0,0.14,0.0,1345.9296,0.0,0.0,0.0,0.0,0,Normal / No Flood
2017,10,11,0.0,23.11,57.38,1.24,2017-10-11,0.0,0.0,0.13,0.0,1326.0518,0.0,0.0,0.0,0.0,0,Normal / No Flood
2017,10,12,0.0,22.97,60.18,1.37,2017-10-12,0.0,0.0,0.01,0.0,1382.3346,0.0,0.0,0.0,0.0,0,Normal / No Flood
2017,10,13,0.05,22.74,57.9,1.59,2017-10-13,0.0499999999999929,0.0499999999999786,0.05,1.000000000000142,1316.646,0.0795,0.0,0.0,0.0,0,Normal / No Flood
2017,10,14,0.0,22.14,53.19,1.66,2017-10-14,0.0499999999999929,0.0499999999999786,0.05,0.0,1177.6266,0.0,0.05,0.0,0.0425,0,Normal / No Flood
2017,10,15,0.0,22.37,46.21,1.57,2017-10-15,0.0499999999999929,0.0499999999999786,0.05,0.0,1033.7177,0.0,0.0,0.05,0.036125,0,Normal / No Flood
2017,10,16,0.0,22.35,44.97,1.74,2017-10-16,0.0,0.0499999999999786,0.05,0.0,1005.0795,0.0,0.0,0.0,0.0307062499999999,0,Normal / No Flood
2017,10,17,0.0,21.94,45.57,1.68,2017-10-17,0.0,0.0499999999999786,0.05,0.0,999.8058,0.0,0.0,0.0,0.0261003124999999,0,Normal / No Flood
2017,10,18,0.0,21.49,42.64,1.64,2017-10-18,0.0,0.0499999999999786,0.05,0.0,916.3336,0.0,0.0,0.0,0.022185265625,0,Normal / No Flood
2017,10,19,0.0,22.71,41.52,1.39,2017-10-19,0.0,0.0499999999999786,0.05,0.0,942.9192000000002,0.0,0.0,0.0,0.0188574757812499,0,Normal / No Flood
2017,10,20,0.0,22.27,44.8,1.48,2017-10-20,0.0,0.0,0.05,0.0,997.696,0.0,0.0,0.0,0.0160288544140624,0,Normal / No Flood
2017,10,21,0.0,20.98,47.48,1.68,2017-10-21,0.0,0.0,0.05,0.0,996.1304,0.0,0.0,0.0,0.0,0,Normal / No Flood
2017,10,22,0.0,21.57,37.75,1.37,2017-10-22,0.0,0.0,0.05,0.0,814.2675,0.0,0.0,0.0,0.0,0,Normal / No Flood
2017,10,23,0.0,19.89,42.24,1.49,2017-10-23,0.0,0.0,0.05,0.0,840.1536000000001,0.0,0.0,0.0,0.0,0,Normal / No Flood
2017,10,24,0.0,19.87,45.01,1.84,2017-10-24,0.0,0.0,0.05,0.0,894.3487,0.0,0.0,0.0,0.0,0,Normal / No Flood
2017,10,25,0.0,19.44,43.56,1.59,2017-10-25,0.0,0.0,0.05,0.0,846.8064,0.0,0.0,0.0,0.0,0,Normal / No Flood
2017,10,26,0.0,19.39,39.56,1.33,2017-10-26,0.0,0.0,0.05,0.0,767.0684000000001,0.0,0.0,0.0,0.0,0,Normal / No Flood
2017,10,27,0.0,18.74,42.23,1.52,2017-10-27,0.0,0.0,0.0,0.0,791.3901999999998,0.0,0.0,0.0,0.0,0,Normal / No Flood
2017,10,28,0.0,18.58,43.92,1.62,2017-10-28,0.0,0.0,0.0,0.0,816.0336,0.0,0.0,0.0,0.0,0,Normal / No Flood
2017,10,29,0.0,18.26,43.83,1.44,2017-10-29,0.0,0.0,0.0,0.0,800.3358000000001,0.0,0.0,0.0,0.0,0,Normal / No Flood
2017,10,30,0.0,18.16,47.36,1.62,2017-10-30,0.0,0.0,0.0,0.0,860.0576,0.0,0.0,0.0,0.0,0,Normal / No Flood
2017,10,31,0.0,18.57,46.53,1.28,2017-10-31,0.0,0.0,0.0,0.0,864.0621,0.0,0.0,0.0,0.0,0,Normal / No Flood
2017,11,1,0.0,18.14,50.46,1.28,2017-11-01,0.0,0.0,0.0,0.0,915.3444,0.0,0.0,0.0,0.0,0,Normal / No Flood
2017,11,2,0.0,18.01,51.68,1.28,2017-11-02,0.0,0.0,0.0,0.0,930.7568,0.0,0.0,0.0,0.0,0,Normal / No Flood
2017,11,3,0.0,18.49,50.76,1.19,2017-11-03,0.0,0.0,0.0,0.0,938.5524,0.0,0.0,0.0,0.0,0,Normal / No Flood
2017,11,4,0.0,19.45,49.74,1.26,2017-11-04,0.0,0.0,0.0,0.0,967.443,0.0,0.0,0.0,0.0,0,Normal / No Flood
2017,11,5,0.0,18.73,52.76,1.34,2017-11-05,0.0,0.0,0.0,0.0,988.1948,0.0,0.0,0.0,0.0,0,Normal / No Flood
2017,11,6,0.0,17.95,54.44,1.43,2017-11-06,0.0,0.0,0.0,0.0,977.198,0.0,0.0,0.0,0.0,0,Normal / No Flood
2017,11,7,0.0,17.62,50.06,1.38,2017-11-07,0.0,0.0,0.0,0.0,882.0572000000001,0.0,0.0,0.0,0.0,0,Normal / No Flood
2017,11,8,0.0,17.59,50.04,1.45,2017-11-08,0.0,0.0,0.0,0.0,880.2035999999999,0.0,0.0,0.0,0.0,0,Normal / No Flood
2017,11,9,0.0,17.57,47.27,1.42,2017-11-09,0.0,0.0,0.0,0.0,830.5339,0.0,0.0,0.0,0.0,0,Normal / No Flood
2017,11,10,0.0,18.21,44.25,1.41,2017-11-10,0.0,0.0,0.0,0.0,805.7925,0.0,0.0,0.0,0.0,0,Normal / No Flood
2017,11,11,0.0,18.25,45.02,1.42,2017-11-11,0.0,0.0,0.0,0.0,821.615,0.0,0.0,0.0,0.0,0,Normal / No Flood
2017,11,12,0.0,17.33,43.79,1.44,2017-11-12,0.0,0.0,0.0,0.0,758.8806999999999,0.0,0.0,0.0,0.0,0,Normal / No Flood
2017,11,13,0.0,17.43,42.85,1.34,2017-11-13,0.0,0.0,0.0,0.0,746.8755,0.0,0.0,0.0,0.0,0,Normal / No Flood
2017,11,14,0.0,15.67,52.35,2.16,2017-11-14,0.0,0.0,0.0,0.0,820.3245000000001,0.0,0.0,0.0,0.0,0,Normal / No Flood
2017,11,15,0.21,15.23,54.63,1.63,2017-11-15,0.2099999999999929,0.2099999999999786,0.21,1.0000000000000338,832.0149,0.3422999999999999,0.0,0.0,0.0,0,Normal / No Flood
2017,11,16,0.22,15.4,55.58,1.25,2017-11-16,0.4299999999999929,0.4299999999999787,0.43,0.5116279069767526,855.932,0.275,0.21,0.0,0.1785,0,Normal / No Flood
2017,11,17,0.02,15.58,49.81,1.14,2017-11-17,0.4499999999999929,0.4499999999999787,0.45,0.0444444444444451,776.0398,0.0227999999999999,0.22,0.21,0.3387249999999999,0,Normal / No Flood
2017,11,18,1.4,15.1,56.94,1.31,2017-11-18,1.6399999999999928,1.8499999999999783,1.85,0.8536585365853695,859.794,1.834,0.02,0.22,0.30491625,0,Normal / No Flood
2017,11,19,1.2,14.27,55.62,1.19,2017-11-19,2.619999999999993,3.0499999999999785,3.05,0.4580152671755737,793.6973999999999,1.428,1.4,0.02,1.4491788125,0,Normal / No Flood
2017,11,20,0.02,14.27,53.02,1.21,2017-11-20,2.619999999999993,3.0699999999999785,3.07,0.0076335877862595,756.5954,0.0242,1.2,1.4,2.2518019906249997,0,Normal / No Flood
2017,11,21,0.0,14.29,48.04,1.44,2017-11-21,1.2199999999999929,3.0699999999999785,3.07,0.0,686.4916,0.0,0.02,1.2,1.9310316920312496,0,Normal / No Flood
2017,11,22,0.0,13.91,41.08,1.58,2017-11-22,0.0199999999999928,2.8599999999999786,3.07,0.0,571.4227999999999,0.0,0.0,0.02,1.6413769382265622,0,Normal / No Flood
2017,11,23,0.0,13.85,33.94,1.48,2017-11-23,0.0,2.6399999999999784,3.07,0.0,470.069,0.0,0.0,0.0,1.3379473872343746,0,Normal / No Flood
2017,11,24,0.0,13.93,32.4,1.66,2017-11-24,0.0,2.6199999999999783,3.07,0.0,451.332,0.0,0.0,0.0,1.0773073636406247,0,Normal / No Flood
2017,11,25,0.0,15.19,31.25,1.49,2017-11-25,0.0,1.2199999999999789,3.07,0.0,474.6875,0.0,0.0,0.0,0.9102614485937498,0,Normal / No Flood
2017,11,26,0.0,14.41,35.38,1.59,2017-11-26,0.0,0.0199999999999786,3.07,0.0,509.8258,0.0,0.0,0.0,0.3922354962499998,0,Normal / No Flood
2017,11,27,0.0,13.75,40.08,1.82,2017-11-27,0.0,0.0,3.07,0.0,551.1,0.0,0.0,0.0,0.0064115417656249,0,Normal / No Flood
2017,11,28,0.0,14.92,36.88,1.67,2017-11-28,0.0,0.0,3.07,0.0,550.2496,0.0,0.0,0.0,0.0,0,Normal / No Flood
2017,11,29,0.0,15.22,35.81,1.48,2017-11-29,0.0,0.0,2.86,0.0,545.0282000000001,0.0,0.0,0.0,0.0,0,Normal / No Flood
2017,11,30,0.0,14.38,37.71,1.73,2017-11-30,0.0,0.0,2.6399999999999997,0.0,542.2698,0.0,0.0,0.0,0.0,0,Normal / No Flood
2017,12,1,0.0,14.15,35.76,1.43,2017-12-01,0.0,0.0,2.6199999999999997,0.0,506.004,0.0,0.0,0.0,0.0,0,Normal / No Flood
2017,12,2,0.0,14.24,36.4,1.43,2017-12-02,0.0,0.0,1.22,0.0,518.336,0.0,0.0,0.0,0.0,0,Normal / No Flood
2017,12,3,0.0,14.1,39.74,1.37,2017-12-03,0.0,0.0,0.02,0.0,560.3340000000001,0.0,0.0,0.0,0.0,0,Normal / No Flood
2017,12,4,0.0,13.96,40.31,1.25,2017-12-04,0.0,0.0,0.0,0.0,562.7276,0.0,0.0,0.0,0.0,0,Normal / No Flood
2017,12,5,0.0,14.08,42.33,1.51,2017-12-05,0.0,0.0,0.0,0.0,596.0064,0.0,0.0,0.0,0.0,0,Normal / No Flood
2017,12,6,0.11,14.98,46.67,1.57,2017-12-06,0.1099999999999929,0.1099999999999786,0.11,1.0000000000000646,699.1166000000001,0.1727,0.0,0.0,0.0,0,Normal / No Flood
2017,12,7,0.19,14.88,48.11,1.49,2017-12-07,0.2999999999999929,0.2999999999999787,0.3,0.6333333333333484,715.8768,0.2831,0.11,0.0,0.0935,0,Normal / No Flood
2017,12,8,0.0,14.56,38.82,1.53,2017-12-08,0.2999999999999929,0.2999999999999787,0.3,0.0,565.2192,0.0,0.19,0.11,0.240975,0,Normal / No Flood
2017,12,9,0.0,15.16,36.53,1.38,2017-12-09,0.1899999999999929,0.2999999999999787,0.3,0.0,553.7948,0.0,0.0,0.19,0.2048287499999999,0,Normal / No Flood
2017,12,10,0.0,14.99,41.12,1.43,2017-12-10,0.0,0.2999999999999787,0.3,0.0,616.3888,0.0,0.0,0.0,0.1741044375,0,Normal / No Flood
2017,12,11,5.44,13.28,57.44,1.87,2017-12-11,5.439999999999993,5.739999999999979,5.74,1.000000000000001,762.8032,10.1728,0.0,0.0,0.1479887718749999,0,Normal / No Flood
2017,12,12,12.63,10.61,84.78,2.12,2017-12-12,18.069999999999993,18.36999999999998,18.37,0.6989485334809079,899.5158,26.775600000000004,5.44,0.0,4.74979045609375,0,Normal / No Flood
2017,12,13,2.1,10.8,77.51,1.32,2017-12-13,20.169999999999995,20.35999999999998,20.47,0.1041150223103619,837.1080000000001,2.772,12.63,5.44,14.772821887679688,0,Normal / No Flood
2017,12,14,0.02,11.39,56.56,1.42,2017-12-14,14.749999999999991,20.18999999999998,20.49,0.0013559322033898,644.2184000000001,0.0283999999999999,2.1,12.63,14.311924646773436,0,Normal / No Flood
2017,12,15,0.0,10.78,44.74,1.51,2017-12-15,2.1199999999999948,20.18999999999998,20.49,0.0,482.2972,0.0,0.02,2.1,12.130362749999998,0,Normal / No Flood
2017,12,16,0.0,10.82,38.22,1.54,2017-12-16,0.0199999999999946,20.18999999999998,20.49,0.0,413.5404,0.0,0.0,0.02,10.3108083375,0,Normal / No Flood
2017,12,17,0.0,11.89,32.51,1.87,2017-12-17,0.0,20.18999999999998,20.49,0.0,386.5439,0.0,0.0,0.0,8.764187086875,0,Normal / No Flood
2017,12,18,0.0,14.0,31.95,2.05,2017-12-18,0.0,14.74999999999998,20.49,0.0,447.3,0.0,0.0,0.0,7.449559023843749,0,Normal / No Flood
2017,12,19,0.0,15.89,31.25,1.72,2017-12-19,0.0,2.119999999999979,20.49,0.0,496.5625,0.0,0.0,0.0,4.849776714054687,0,Normal / No Flood
2017,12,20,0.0,15.88,37.38,1.35,2017-12-20,0.0,0.0199999999999786,20.380000000000003,0.0,593.5944000000001,0.0,0.0,0.0,0.6807548757031249,0,Normal / No Flood
2017,12,21,0.0,15.47,43.88,1.64,2017-12-21,0.0,0.0,20.19,0.0,678.8236,0.0,0.0,0.0,0.0064115417656249,0,Normal / No Flood
2017,12,22,0.0,13.82,39.88,1.81,2017-12-22,0.0,0.0,20.19,0.0,551.1416,0.0,0.0,0.0,0.0,0,Normal / No Flood
2017,12,23,0.0,13.45,34.51,1.77,2017-12-23,0.0,0.0,20.19,0.0,464.1594999999999,0.0,0.0,0.0,0.0,0,Normal / No Flood
2017,12,24,0.0,13.09,39.54,1.12,2017-12-24,0.0,0.0,20.19,0.0,517.5785999999999,0.0,0.0,0.0,0.0,0,Normal / No Flood
2017,12,25,0.0,12.46,40.32,1.71,2017-12-25,0.0,0.0,14.75,0.0,502.38720000000006,0.0,0.0,0.0,0.0,0,Normal / No Flood
2017,12,26,0.0,13.23,34.51,1.2,2017-12-26,0.0,0.0,2.12,0.0,456.5673,0.0,0.0,0.0,0.0,0,Normal / No Flood
2017,12,27,0.0,13.0,39.62,1.49,2017-12-27,0.0,0.0,0.02,0.0,515.06,0.0,0.0,0.0,0.0,0,Normal / No Flood
2017,12,28,0.0,14.04,36.91,1.75,2017-12-28,0.0,0.0,0.0,0.0,518.2163999999999,0.0,0.0,0.0,0.0,0,Normal / No Flood
2017,12,29,0.0,14.13,31.91,1.58,2017-12-29,0.0,0.0,0.0,0.0,450.8883,0.0,0.0,0.0,0.0,0,Normal / No Flood
2017,12,30,0.0,13.16,35.77,1.47,2017-12-30,0.0,0.0,0.0,0.0,470.73320000000007,0.0,0.0,0.0,0.0,0,Normal / No Flood
2017,12,31,0.0,12.0,45.85,1.62,2017-12-31,0.0,0.0,0.0,0.0,550.2,0.0,0.0,0.0,0.0,0,Normal / No Flood
2018,1,1,0.03,11.03,44.54,1.38,2018-01-01,0.0299999999999946,0.0299999999999786,0.03,1.0000000000001776,491.2762,0.0413999999999999,0.0,0.0,0.0,0,Normal / No Flood
2018,1,2,0.0,10.46,43.01,1.52,2018-01-02,0.0299999999999946,0.0299999999999786,0.03,0.0,449.8846,0.0,0.03,0.0,0.0255,0,Normal / No Flood
2018,1,3,0.0,9.77,39.48,1.56,2018-01-03,0.0299999999999946,0.0299999999999786,0.03,0.0,385.7196,0.0,0.0,0.03,0.0216749999999999,0,Normal / No Flood
2018,1,4,0.0,10.18,35.09,1.36,2018-01-04,0.0,0.0299999999999786,0.03,0.0,357.2162,0.0,0.0,0.0,0.0184237499999999,0,Normal / No Flood
2018,1,5,0.0,9.79,39.3,1.65,2018-01-05,0.0,0.0299999999999786,0.03,0.0,384.747,0.0,0.0,0.0,0.0156601874999999,0,Normal / No Flood
2018,1,6,0.0,9.0,43.38,1.82,2018-01-06,0.0,0.0299999999999786,0.03,0.0,390.42,0.0,0.0,0.0,0.0133111593749999,0,Normal / No Flood
2018,1,7,0.0,9.51,40.66,1.9,2018-01-07,0.0,0.0299999999999786,0.03,0.0,386.6765999999999,0.0,0.0,0.0,0.0113144854687499,0,Normal / No Flood
2018,1,8,0.0,10.22,35.31,1.57,2018-01-08,0.0,0.0,0.03,0.0,360.86820000000006,0.0,0.0,0.0,0.0096173126484374,0,Normal / No Flood
2018,1,9,0.0,11.61,30.81,1.64,2018-01-09,0.0,0.0,0.03,0.0,357.7041,0.0,0.0,0.0,0.0,0,Normal / No Flood
2018,1,10,0.0,11.92,30.01,1.91,2018-01-10,0.0,0.0,0.03,0.0,357.7192,0.0,0.0,0.0,0.0,0,Normal / No Flood
2018,1,11,0.0,11.91,33.06,1.31,2018-01-11,0.0,0.0,0.03,0.0,393.7446000000001,0.0,0.0,0.0,0.0,0,Normal / No Flood
2018,1,12,0.0,11.27,37.25,1.3,2018-01-12,0.0,0.0,0.03,0.0,419.8075,0.0,0.0,0.0,0.0,0,Normal / No Flood
2018,1,13,0.0,10.74,37.61,1.9,2018-01-13,0.0,0.0,0.03,0.0,403.9314,0.0,0.0,0.0,0.0,0,Normal / No Flood
2018,1,14,0.0,11.32,36.62,1.81,2018-01-14,0.0,0.0,0.03,0.0,414.5384,0.0,0.0,0.0,0.0,0,Normal / No Flood
2018,1,15,0.0,11.45,33.01,1.89,2018-01-15,0.0,0.0,0.0,0.0,377.96449999999993,0.0,0.0,0.0,0.0,0,Normal / No Flood
2018,1,16,0.0,12.2,26.57,1.91,2018-01-16,0.0,0.0,0.0,0.0,324.154,0.0,0.0,0.0,0.0,0,Normal / No Flood
2018,1,17,0.0,12.17,28.59,1.83,2018-01-17,0.0,0.0,0.0,0.0,347.9403,0.0,0.0,0.0,0.0,0,Normal / No Flood
2018,1,18,0.0,13.42,32.19,1.71,2018-01-18,0.0,0.0,0.0,0.0,431.98979999999995,0.0,0.0,0.0,0.0,0,Normal / No Flood
2018,1,19,0.0,13.66,31.76,1.54,2018-01-19,0.0,0.0,0.0,0.0,433.8416,0.0,0.0,0.0,0.0,0,Normal / No Flood
2018,1,20,0.0,12.9,32.28,1.79,2018-01-20,0.0,0.0,0.0,0.0,416.412,0.0,0.0,0.0,0.0,0,Normal / No Flood
2018,1,21,0.0,12.6,28.68,1.5,2018-01-21,0.0,0.0,0.0,0.0,361.368,0.0,0.0,0.0,0.0,0,Normal / No Flood
2018,1,22,0.0,12.01,30.33,1.29,2018-01-22,0.0,0.0,0.0,0.0,364.2633,0.0,0.0,0.0,0.0,0,Normal / No Flood
2018,1,23,13.62,7.91,58.71,1.9,2018-01-23,13.619999999999994,13.619999999999978,13.62,1.0000000000000004,464.3961,25.877999999999997,0.0,0.0,0.0,0,Normal / No Flood
2018,1,24,0.44,8.74,71.34,1.3,2018-01-24,14.059999999999992,14.059999999999976,14.06,0.0312944523470839,623.5116,0.5720000000000001,13.62,0.0,11.576999999999998,0,Normal / No Flood
2018,1,25,0.0,9.04,56.39,1.85,2018-01-25,14.059999999999992,14.059999999999976,14.06,0.0,509.7655999999999,0.0,0.44,13.62,10.21445,0,Normal / No Flood
2018,1,26,0.0,9.45,43.33,1.63,2018-01-26,0.4399999999999947,14.059999999999976,14.06,0.0,409.4684999999999,0.0,0.0,0.44,8.682282499999998,0,Normal / No Flood
2018,1,27,0.0,10.07,38.45,1.81,2018-01-27,0.0,14.059999999999976,14.06,0.0,387.1915,0.0,0.0,0.0,7.379940124999998,0,Normal / No Flood
2018,1,28,0.0,11.49,32.47,1.86,2018-01-28,0.0,14.059999999999976,14.06,0.0,373.0803,0.0,0.0,0.0,6.27294910625,0,Normal / No Flood
2018,1,29,0.0,13.02,33.5,1.93,2018-01-29,0.0,14.059999999999976,14.06,0.0,436.17,0.0,0.0,0.0,5.332006740312499,0,Normal / No Flood
2018,1,30,0.0,14.76,38.64,2.3,2018-01-30,0.0,0.4399999999999787,14.06,0.0,570.3264,0.0,0.0,0.0,4.532205729265623,0,Normal / No Flood
2018,1,31,0.0,13.77,43.3,2.15,2018-01-31,0.0,0.0,14.06,0.0,596.241,0.0,0.0,0.0,0.1410539188437499,0,Normal / No Flood
2018,2,1,0.0,15.31,40.75,1.98,2018-02-01,0.0,0.0,14.06,0.0,623.8825,0.0,0.0,0.0,0.0,0,Normal / No Flood
2018,2,2,0.0,14.27,40.49,1.76,2018-02-02,0.0,0.0,14.06,0.0,577.7923,0.0,0.0,0.0,0.0,0,Normal / No Flood
2018,2,3,0.0,13.03,39.94,1.61,2018-02-03,0.0,0.0,14.06,0.0,520.4182,0.0,0.0,0.0,0.0,0,Normal / No Flood
2018,2,4,0.0,13.02,31.62,1.67,2018-02-04,0.0,0.0,14.06,0.0,411.6924,0.0,0.0,0.0,0.0,0,Normal / No Flood
2018,2,5,0.0,14.55,25.67,1.22,2018-02-05,0.0,0.0,14.06,0.0,373.4985,0.0,0.0,0.0,0.0,0,Normal / No Flood
2018,2,6,0.0,13.96,28.33,1.71,2018-02-06,0.0,0.0,0.44,0.0,395.4868,0.0,0.0,0.0,0.0,0,Normal / No Flood
2018,2,7,0.0,11.88,24.58,1.62,2018-02-07,0.0,0.0,0.0,0.0,292.0104,0.0,0.0,0.0,0.0,0,Normal / No Flood
2018,2,8,0.0,11.58,26.3,1.7,2018-02-08,0.0,0.0,0.0,0.0,304.55400000000003,0.0,0.0,0.0,0.0,0,Normal / No Flood
2018,2,9,0.0,11.28,28.34,1.94,2018-02-09,0.0,0.0,0.0,0.0,319.67519999999996,0.0,0.0,0.0,0.0,0,Normal / No Flood
2018,2,10,0.0,12.64,25.94,1.67,2018-02-10,0.0,0.0,0.0,0.0,327.88160000000005,0.0,0.0,0.0,0.0,0,Normal / No Flood
2018,2,11,2.89,13.44,34.63,2.11,2018-02-11,2.889999999999995,2.889999999999979,2.89,1.0000000000000018,465.4272,6.0979,0.0,0.0,0.0,0,Normal / No Flood
2018,2,12,18.82,9.35,76.59,4.45,2018-02-12,21.709999999999994,21.70999999999998,21.71,0.8668816213726396,716.1165,83.74900000000001,2.89,0.0,2.4565,0,Normal / No Flood
2018,2,13,2.68,10.79,70.56,1.77,2018-02-13,24.389999999999993,24.38999999999998,24.39,0.1098810988109881,761.3424,4.743600000000001,18.82,2.89,18.085025,0,Normal / No Flood
2018,2,14,0.0,11.25,48.49,2.18,2018-02-14,21.499999999999993,24.38999999999998,24.39,0.0,545.5125,0.0,2.68,18.82,17.65027125,0,Normal / No Flood
2018,2,15,0.0,13.68,46.53,2.19,2018-02-15,2.679999999999993,24.38999999999998,24.39,0.0,636.5304,0.0,0.0,2.68,15.002730562499996,0,Normal / No Flood
2018,2,16,0.0,15.09,53.46,1.85,2018-02-16,0.0,24.38999999999998,24.39,0.0,806.7114,0.0,0.0,0.0,12.752320978124995,0,Normal / No Flood
2018,2,17,0.0,15.34,45.37,2.32,2018-02-17,0.0,24.38999999999998,24.39,0.0,695.9757999999999,0.0,0.0,0.0,10.839472831406248,0,Normal / No Flood
2018,2,18,0.0,14.18,30.19,2.04,2018-02-18,0.0,21.49999999999998,24.39,0.0,428.0942,0.0,0.0,0.0,9.213551906695312,0,Normal / No Flood
2018,2,19,0.0,15.74,29.95,1.94,2018-02-19,0.0,2.679999999999979,24.39,0.0,471.413,0.0,0.0,0.0,7.044021503328123,0,Normal / No Flood
2018,2,20,0.0,17.45,32.06,1.92,2018-02-20,0.0,0.0,24.39,0.0,559.447,0.0,0.0,0.0,0.8591465965937498,0,Normal / No Flood
2018,2,21,0.75,17.61,42.82,2.11,2018-02-21,0.7499999999999929,0.7499999999999787,25.14,1.0000000000000095,754.0602,1.5825,0.0,0.0,0.0,0,Normal / No Flood
2018,2,22,0.01,17.54,39.19,1.73,2018-02-22,0.7599999999999929,0.7599999999999787,25.15,0.0131578947368422,687.3925999999999,0.0173,0.75,0.0,0.6375,0,Normal / No Flood
2018,2,23,0.01,18.85,32.98,1.42,2018-02-23,0.7699999999999929,0.7699999999999787,25.16,0.0129870129870131,621.673,0.0141999999999999,0.01,0.75,0.5503749999999998,0,Normal / No Flood
2018,2,24,7.84,17.35,48.35,2.61,2018-02-24,7.859999999999992,8.609999999999978,33.0,0.9974554707379144,838.8725000000001,20.4624,0.01,0.01,0.4763187499999999,0,Normal / No Flood
2018,2,25,3.0,16.61,52.6,1.71,2018-02-25,10.849999999999993,11.609999999999978,33.11,0.2764976958525347,873.686,5.13,7.84,0.01,7.0688709375,0,Normal / No Flood
2018,2,26,0.0,16.68,42.23,2.4,2018-02-26,10.839999999999993,11.609999999999978,14.29,0.0,704.3964,0.0,3.0,7.84,8.558540296875,0,Normal / No Flood
2018,2,27,0.0,18.24,45.96,1.85,2018-02-27,2.999999999999993,11.609999999999978,11.61,0.0,838.3104,0.0,0.0,3.0,7.274759252343749,0,Normal / No Flood
2018,2,28,0.0,17.7,50.94,1.21,2018-02-28,0.0,10.859999999999978,11.61,0.0,901.638,0.0,0.0,0.0,6.183545364492185,0,Normal / No Flood
2018,3,1,0.0,17.99,44.68,1.91,2018-03-01,0.0,10.849999999999978,11.61,0.0,803.7932,0.0,0.0,0.0,5.051645666039061,0,Normal / No Flood
2018,3,2,0.1,19.56,41.81,1.93,2018-03-02,0.0999999999999929,10.939999999999978,11.71,1.000000000000071,817.8036,0.193,0.0,0.0,4.2911739108828115,0,Normal / No Flood
2018,3,3,5.61,17.19,55.58,1.78,2018-03-03,5.709999999999993,8.70999999999998,17.32,0.982486865148863,955.4202,9.9858,0.1,0.0,3.729772918999999,0,Normal / No Flood
2018,3,4,2.81,15.87,56.95,1.17,2018-03-04,8.519999999999992,8.519999999999978,20.13,0.3298122065727703,903.7965,3.2877,5.61,0.1,5.802481264843751,0,Normal / No Flood
2018,3,5,0.06,16.1,47.31,1.95,2018-03-05,8.479999999999993,8.579999999999979,20.19,0.0070754716981132,761.6910000000001,0.1169999999999999,2.81,5.61,6.5031375,0,Normal / No Flood
2018,3,6,0.0,15.81,42.74,2.31,2018-03-06,2.869999999999993,8.579999999999979,20.19,0.0,675.7194000000001,0.0,0.06,2.81,5.578666875,0,Normal / No Flood
2018,3,7,0.0,17.11,35.53,2.29,2018-03-07,0.0599999999999928,8.579999999999979,19.44,0.0,607.9183,0.0,0.0,0.06,4.74186684375,0,Normal / No Flood
2018,3,8,0.0,18.39,33.75,1.96,2018-03-08,0.0,8.579999999999979,19.43,0.0,620.6625,0.0,0.0,0.0,4.0305868171874994,0,Normal / No Flood
2018,3,9,0.0,18.36,37.51,2.49,2018-03-09,0.0,8.479999999999979,19.42,0.0,688.6836,0.0,0.0,0.0,3.4259987946093746,0,Normal / No Flood
2018,3,10,0.0,18.16,39.12,2.32,2018-03-10,0.0,2.869999999999979,11.58,0.0,710.4191999999999,0.0,0.0,0.0,2.884849922914062,0,Normal / No Flood
2018,3,11,0.0,18.88,40.03,2.05,2018-03-11,0.0,0.0599999999999786,8.579999999999998,0.0,755.7664,0.0,0.0,0.0,0.9234505890078124,0,Normal / No Flood
2018,3,12,0.0,20.18,41.05,2.32,2018-03-12,0.0,0.0,8.579999999999998,0.0,828.3889999999999,0.0,0.0,0.0,0.0192346252968749,0,Normal / No Flood
2018,3,13,0.0,21.98,34.58,1.93,2018-03-13,0.0,0.0,8.579999999999998,0.0,760.0684,0.0,0.0,0.0,0.0,0,Normal / No Flood
2018,3,14,0.0,21.78,29.14,2.46,2018-03-14,0.0,0.0,8.579999999999998,0.0,634.6692,0.0,0.0,0.0,0.0,0,Normal / No Flood
2018,3,15,2.54,19.2,37.37,1.91,2018-03-15,2.539999999999993,2.5399999999999787,11.12,1.0000000000000029,717.5039999999999,4.8514,0.0,0.0,0.0,0,Normal / No Flood
2018,3,16,0.14,18.37,37.02,1.84,2018-03-16,2.679999999999993,2.679999999999979,11.16,0.0522388059701493,680.0574000000001,0.2576,2.54,0.0,2.159,0,Normal / No Flood
2018,3,17,0.0,17.36,32.51,2.12,2018-03-17,2.679999999999993,2.679999999999979,5.55,0.0,564.3735999999999,0.0,0.14,2.54,1.95415,0,Normal / No Flood
2018,3,18,0.0,18.51,29.25,2.38,2018-03-18,0.1399999999999929,2.679999999999979,2.74,0.0,541.4175,0.0,0.0,0.14,1.6610275,0,Normal / No Flood
2018,3,19,0.0,20.19,29.47,2.42,2018-03-19,0.0,2.679999999999979,2.68,0.0,594.9993000000001,0.0,0.0,0.0,1.411873375,0,Normal / No Flood
2018,3,20,0.01,21.98,30.1,1.85,2018-03-20,0.0099999999999928,2.689999999999978,2.69,1.0000000000007103,661.5980000000001,0.0185,0.0,0.0,1.20009236875,0,Normal / No Flood
2018,3,21,9.47,18.44,57.26,1.42,2018-03-21,9.479999999999992,12.15999999999998,12.16,0.9989451476793256,1055.8744,13.4474,0.01,0.0,1.0285785134374998,0,Normal / No Flood
2018,3,22,1.72,18.25,55.09,1.42,2018-03-22,11.199999999999994,11.33999999999998,13.88,0.1535714285714286,1005.3925,2.4423999999999997,9.47,0.01,8.923791736421874,0,Normal / No Flood
2018,3,23,0.0,19.5,45.07,1.43,2018-03-23,11.189999999999994,11.19999999999998,13.88,0.0,878.865,0.0,1.72,9.47,8.355097042359375,0,Normal / No Flood
2018,3,24,0.0,20.45,40.79,2.07,2018-03-24,1.7199999999999929,11.19999999999998,13.88,0.0,834.1555,0.0,0.0,1.72,7.0636838125,0,Normal / No Flood
2018,3,25,0.0,20.95,35.87,2.32,2018-03-25,0.0,11.19999999999998,13.88,0.0,751.4764999999999,0.0,0.0,0.0,6.004131240624998,0,Normal / No Flood
2018,3,26,0.0,21.92,26.96,2.22,2018-03-26,0.0,11.19999999999998,13.88,0.0,590.9632,0.0,0.0,0.0,5.1035115545312495,0,Normal / No Flood
2018,3,27,0.0,23.25,24.35,2.08,2018-03-27,0.0,11.18999999999998,13.88,0.0,566.1375,0.0,0.0,0.0,4.3379848213515615,0,Normal / No Flood
2018,3,28,0.0,23.88,23.81,2.09,2018-03-28,0.0,1.7199999999999789,13.88,0.0,568.5827999999999,0.0,0.0,0.0,3.684562192898437,0,Normal / No Flood
2018,3,29,0.0,22.4,26.13,2.47,2018-03-29,0.0,0.0,11.34,0.0,585.3119999999999,0.0,0.0,0.0,0.5513925918437499,0,Normal / No Flood
2018,3,30,0.0,23.54,20.05,1.68,2018-03-30,0.0,0.0,11.2,0.0,471.977,0.0,0.0,0.0,0.0,0,Normal / No Flood
2018,3,31,0.0,23.1,19.26,2.24,2018-03-31,0.0,0.0,11.2,0.0,444.90600000000006,0.0,0.0,0.0,0.0,0,Normal / No Flood
2018,4,1,0.0,22.14,24.97,1.8,2018-04-01,0.0,0.0,11.2,0.0,552.8358,0.0,0.0,0.0,0.0,0,Normal / No Flood
2018,4,2,0.0,22.97,30.45,1.68,2018-04-02,0.0,0.0,11.2,0.0,699.4364999999999,0.0,0.0,0.0,0.0,0,Normal / No Flood
2018,4,3,0.74,23.27,34.75,1.69,2018-04-03,0.7399999999999929,0.7399999999999787,11.93,1.0000000000000095,808.6324999999999,1.2506,0.0,0.0,0.0,0,Normal / No Flood
2018,4,4,0.03,24.7,34.7,1.96,2018-04-04,0.7699999999999929,0.7699999999999787,2.49,0.0389610389610393,857.09,0.0588,0.74,0.0,0.629,0,Normal / No Flood
2018,4,5,0.12,25.56,36.91,1.72,2018-04-05,0.8899999999999929,0.8899999999999787,0.89,0.1348314606741583,943.4195999999998,0.2064,0.03,0.74,0.5601499999999999,0,Normal / No Flood
2018,4,6,0.23,25.63,36.63,1.9,2018-04-06,0.3799999999999929,1.1199999999999788,1.12,0.6052631578947482,938.8269,0.437,0.12,0.03,0.5781274999999999,0,Normal / No Flood
2018,4,7,1.79,24.33,38.72,1.26,2018-04-07,2.139999999999993,2.909999999999979,2.91,0.8364485981308438,942.0576,2.2554,0.23,0.12,0.686908375,0,Normal / No Flood
2018,4,8,10.83,22.85,51.85,1.59,2018-04-08,12.849999999999993,13.73999999999998,13.74,0.8428015564202339,1184.7725,17.2197,1.79,0.23,2.10537211875,0,Normal / No Flood
2018,4,9,3.31,22.31,54.21,1.38,2018-04-09,15.929999999999993,17.04999999999998,17.05,0.2077840552416824,1209.4251,4.5678,10.83,1.79,10.9950663009375,0,Normal / No Flood
2018,4,10,8.17,22.63,52.99,1.54,2018-04-10,22.309999999999995,24.479999999999983,25.22,0.3662034961900494,1199.1637,12.5818,3.31,10.83,12.159306355796874,0,Normal / No Flood
2018,4,11,7.51,22.83,53.02,0.96,2018-04-11,18.989999999999995,31.95999999999998,32.730000000000004,0.3954713006845709,1210.4466,7.209599999999999,8.17,3.31,17.078267413898438,0,Normal / No Flood
2018,4,12,0.98,21.3,48.28,1.81,2018-04-12,16.659999999999993,32.81999999999998,33.71,0.0588235294117647,1028.364,1.7738,7.51,8.17,20.891852586062495,0,Normal / No Flood
2018,4,13,0.0,22.28,35.32,1.87,2018-04-13,8.489999999999993,32.58999999999998,33.71,0.0,786.9296,0.0,0.98,7.51,18.558375835148436,0,Normal / No Flood
2018,4,14,0.0,23.55,30.01,2.56,2018-04-14,0.9799999999999928,30.79999999999998,33.71,0.0,706.7355,0.0,0.0,0.98,15.711946639117183,0,Normal / No Flood
2018,4,15,0.0,24.85,33.89,2.39,2018-04-15,0.0,19.969999999999978,33.71,0.0,842.1665,0.0,0.0,0.0,12.867396603429684,0,Normal / No Flood
2018,4,16,2.22,24.52,39.74,1.44,2018-04-16,2.219999999999993,18.879999999999978,35.93,1.000000000000003,974.4248,3.1968,0.0,0.0,7.986214726742187,0,Normal / No Flood
2018,4,17,0.57,25.35,35.45,2.35,2018-04-17,2.789999999999993,11.279999999999978,35.76,0.2043010752688177,898.6575000000001,1.3395,2.22,0.0,7.77333887985156,0,Normal / No Flood
2018,4,18,0.02,24.97,37.54,3.05,2018-04-18,2.809999999999993,3.7899999999999783,35.75,0.0071174377224199,937.3738,0.061,0.57,2.22,4.865590458304687,0,Normal / No Flood
2018,4,19,3.67,25.45,32.01,2.57,2018-04-19,4.259999999999993,6.479999999999979,39.3,0.8615023474178418,814.6544999999999,9.4319,0.02,0.57,2.106348046515625,0,Normal / No Flood
2018,4,20,2.86,24.5,37.73,3.81,2018-04-20,6.549999999999993,9.33999999999998,41.93,0.4366412213740462,924.385,10.8966,3.67,0.02,4.642855125,0,Normal / No Flood
2018,4,21,0.0,22.02,40.63,2.25,2018-04-21,6.529999999999992,9.33999999999998,40.14,0.0,894.6726,0.0,2.86,3.67,6.3774268562500005,0,Normal / No Flood
2018,4,22,0.0,22.16,32.96,2.01,2018-04-22,2.8599999999999928,9.33999999999998,29.31,0.0,730.3936,0.0,0.0,2.86,5.420812827812499,0,Normal / No Flood
2018,4,23,0.0,24.09,29.29,2.62,2018-04-23,0.0,7.119999999999978,26.0,0.0,705.5961,0.0,0.0,0.0,4.6076909036406235,0,Normal / No Flood
2018,4,24,0.0,26.09,25.87,2.68,2018-04-24,0.0,6.5499999999999785,17.83,0.0,674.9483,0.0,0.0,0.0,3.311608302507812,0,Normal / No Flood
2018,4,25,0.0,27.52,24.5,2.11,2018-04-25,0.0,6.529999999999978,10.32,0.0,674.24,0.0,0.0,0.0,2.6595474578593747,0,Normal / No Flood
2018,4,26,0.0,29.07,24.87,1.95,2018-04-26,0.0,2.8599999999999786,9.34,0.0,722.9709,0.0,0.0,0.0,2.2551655286796866,0,Normal / No Flood
2018,4,27,0.12,28.82,25.78,2.06,2018-04-27,0.1199999999999928,0.1199999999999786,9.46,1.0000000000000593,742.9796,0.2472,0.0,0.0,0.9168504724843748,0,Normal / No Flood
2018,4,28,2.52,28.56,29.34,1.88,2018-04-28,2.639999999999993,2.639999999999979,11.98,0.954545454545457,837.9504,4.7376,0.12,0.0,0.102,0,Normal / No Flood
2018,4,29,0.35,28.29,28.53,2.22,2018-04-29,2.989999999999993,2.989999999999979,12.33,0.1170568561872912,807.1137,0.777,2.52,0.12,2.2287,0,Normal / No Flood
2018,4,30,0.0,29.86,22.03,1.97,2018-04-30,2.869999999999993,2.989999999999979,10.11,0.0,657.8158,0.0,0.35,2.52,2.1918949999999997,0,Normal / No Flood
2018,5,1,0.05,29.33,23.79,2.14,2018-05-01,0.3999999999999928,3.0399999999999787,9.59,0.1250000000000022,697.7606999999999,0.107,0.0,0.35,1.8631107499999997,0,Normal / No Flood
2018,5,2,5.07,27.9,30.76,2.1,2018-05-02,5.119999999999993,8.109999999999978,14.64,0.9902343750000014,858.204,10.647,0.05,0.0,1.6261441374999996,0,Normal / No Flood
2018,5,3,0.38,27.64,32.02,1.84,2018-05-03,5.499999999999993,8.489999999999979,11.35,0.0690909090909091,885.0328000000001,0.6992,5.07,0.05,5.691722516875,0,Normal / No Flood
2018,5,4,0.07,26.79,40.32,1.66,2018-05-04,5.519999999999993,8.43999999999998,8.56,0.0126811594202898,1080.1728,0.1162,0.38,5.07,5.16096413934375,0,Normal / No Flood
2018,5,5,0.25,27.8,33.73,2.34,2018-05-05,0.6999999999999929,6.169999999999979,8.81,0.3571428571428608,937.694,0.585,0.07,0.38,4.4136206554375,0,Normal / No Flood
2018,5,6,2.31,26.72,33.4,2.82,2018-05-06,2.629999999999993,8.12999999999998,11.12,0.878326996197721,892.448,6.5142,0.25,0.07,3.2774014340234374,0,Normal / No Flood
2018,5,7,3.13,25.64,39.0,1.65,2018-05-07,5.689999999999992,11.259999999999978,14.25,0.5500878734622151,999.96,5.164499999999999,2.31,0.25,4.653919535156249,0,Normal / No Flood
2018,5,8,23.17,23.27,55.55,1.91,2018-05-08,28.609999999999992,34.37999999999998,37.42,0.8098566934638242,1292.6485,44.2547,3.13,2.31,6.616331604882812,0,Normal / No Flood
2018,5,9,0.3,24.5,38.02,2.13,2018-05-09,26.59999999999999,29.60999999999998,37.72,0.0112781954887218,931.49,0.6389999999999999,23.17,3.13,25.304757337898437,0,Normal / No Flood
2018,5,10,0.0,26.5,36.09,2.31,2018-05-10,23.46999999999999,29.229999999999983,37.72,0.0,956.385,0.0,0.3,23.17,20.38251677526562,0,Normal / No Flood
2018,5,11,0.0,29.0,30.73,2.3,2018-05-11,0.2999999999999893,29.159999999999982,37.6,0.0,891.17,0.0,0.0,0.3,17.221592859460937,0,Normal / No Flood
2018,5,12,0.41,31.01,30.04,2.13,2018-05-12,0.4099999999999893,29.319999999999983,35.49,1.000000000000026,931.5404,0.8732999999999999,0.0,0.0,14.61927959378906,0,Normal / No Flood
2018,5,13,4.17,29.24,36.78,2.24,2018-05-13,4.579999999999989,31.179999999999986,39.31,0.9104803493449802,1075.4472,9.340800000000002,0.41,0.0,12.706765023460935,0,Normal / No Flood
2018,5,14,1.35,26.03,38.93,2.3,2018-05-14,5.929999999999989,29.39999999999998,40.66,0.2276559865092753,1013.3479,3.105,4.17,0.41,13.71579715710156,0,Normal / No Flood
2018,5,15,0.0,27.76,35.75,1.96,2018-05-15,5.519999999999989,6.229999999999979,40.61,0.0,992.42,0.0,1.35,4.17,11.95303224016406,0,Normal / No Flood
2018,5,16,0.0,28.4,36.03,2.89,2018-05-16,1.3499999999999894,5.929999999999978,35.54,0.0,1023.252,0.0,0.0,1.35,3.8464719389843745,0,Normal / No Flood
2018,5,17,0.0,28.93,30.25,2.81,2018-05-17,0.0,5.929999999999978,35.16,0.0,875.1324999999999,0.0,0.0,0.0,3.187753990624999,0,Normal / No Flood
2018,5,18,0.04,28.72,31.95,2.23,2018-05-18,0.0399999999999893,5.969999999999978,35.13,1.0000000000002665,917.604,0.0892,0.0,0.0,2.7095908920312497,0,Normal / No Flood
2018,5,19,0.02,29.13,29.95,2.54,2018-05-19,0.0599999999999893,5.579999999999979,34.9,0.3333333333333925,872.4435,0.0508,0.04,0.0,2.337152258226562,0,Normal / No Flood
2018,5,20,0.11,28.62,22.13,2.46,2018-05-20,0.1699999999999893,1.5199999999999787,32.7,0.6470588235294524,633.3606,0.2706,0.02,0.04,1.891858304226562,0,Normal / No Flood
2018,5,21,0.0,29.06,18.75,2.66,2018-05-21,0.1299999999999893,0.1699999999999786,29.57,0.0,544.875,0.0,0.11,0.02,0.5652940691796875,0,Normal / No Flood
2018,5,22,0.0,30.17,20.31,3.05,2018-05-22,0.1099999999999893,0.1699999999999786,6.4,0.0,612.7527,0.0,0.0,0.11,0.1126377499999999,0,Normal / No Flood
2018,5,23,0.0,30.62,18.68,2.45,2018-05-23,0.0,0.1699999999999786,6.1000000000000005,0.0,571.9816,0.0,0.0,0.0,0.0957420874999999,0,Normal / No Flood
2018,5,24,0.04,29.96,15.45,2.67,2018-05-24,0.0399999999999893,0.2099999999999786,6.140000000000001,1.0000000000002665,462.882,0.1068,0.0,0.0,0.0813807743749999,0,Normal / No Flood
2018,5,25,0.0,30.47,15.36,2.92,2018-05-25,0.0399999999999893,0.1699999999999786,6.140000000000001,0.0,468.0192,0.0,0.04,0.0,0.1031736582187499,0,Normal / No Flood
2018,5,26,0.0,31.32,14.48,2.42,2018-05-26,0.0399999999999893,0.1499999999999786,5.73,0.0,453.5136,0.0,0.0,0.04,0.076797988484375,0,Normal / No Flood
2018,5,27,0.04,31.45,15.57,2.16,2018-05-27,0.0399999999999893,0.0799999999999786,1.6,1.0000000000002665,489.6765,0.0864,0.0,0.0,0.0598284797109374,0,Normal / No Flood
2018,5,28,0.0,31.93,17.62,2.58,2018-05-28,0.0399999999999893,0.0799999999999786,0.25,0.0,562.6066000000001,0.0,0.04,0.0,0.05488025,0,Normal / No Flood
2018,5,29,0.0,32.15,16.23,2.16,2018-05-29,0.0399999999999893,0.0799999999999786,0.25,0.0,521.7945,0.0,0.0,0.04,0.0466482124999999,0,Normal / No Flood
2018,5,30,0.04,31.35,20.56,2.52,2018-05-30,0.0399999999999893,0.1199999999999786,0.29,1.0000000000002665,644.556,0.1008,0.0,0.0,0.0396509806249999,0,Normal / No Flood
2018,5,31,0.09,31.93,24.47,2.33,2018-05-31,0.1299999999999893,0.1699999999999786,0.38,0.692307692307749,781.3271,0.2097,0.04,0.0,0.0677033335312499,0,Normal / No Flood
2018,6,1,7.8,31.61,29.1,2.21,2018-06-01,7.929999999999989,7.969999999999978,8.14,0.9836065573770504,919.851,17.238,0.09,0.04,0.1231482124999999,0,Normal / No Flood
2018,6,2,2.78,28.76,44.0,2.16,2018-06-02,10.66999999999999,10.74999999999998,10.9,0.2605435801312092,1265.44,6.0048,7.8,0.09,6.734675980625,0,Normal / No Flood
2018,6,3,0.0,29.9,38.13,1.91,2018-06-03,10.57999999999999,10.70999999999998,10.79,0.0,1140.087,0.0,2.78,7.8,8.08747458353125,0,Normal / No Flood
2018,6,4,0.0,30.95,40.31,2.51,2018-06-04,2.779999999999989,10.70999999999998,10.79,0.0,1247.5945000000002,0.0,0.0,2.78,6.863453774999999,0,Normal / No Flood
2018,6,5,11.77,30.66,52.75,2.01,2018-06-05,11.769999999999987,22.47999999999998,22.56,1.0000000000000009,1617.315,23.6577,0.0,0.0,5.833935708749998,0,Normal / No Flood
2018,6,6,5.66,29.81,57.27,1.8,2018-06-06,17.42999999999999,28.09999999999998,28.22,0.3247274813539876,1707.2187,10.188,11.77,0.0,14.9633453524375,0,Normal / No Flood
2018,6,7,0.07,30.72,50.89,1.55,2018-06-07,17.49999999999999,28.079999999999977,28.25,0.004,1563.3408,0.1085,5.66,11.77,17.51894392857031,0,Normal / No Flood
2018,6,8,6.33,30.62,51.37,2.08,2018-06-08,12.05999999999999,26.609999999999975,34.58,0.5248756218905477,1572.9494,13.1664,0.07,5.66,14.926078192031248,0,Normal / No Flood
2018,6,9,26.85,28.26,64.41,1.67,2018-06-09,33.24999999999999,50.67999999999998,61.43,0.8075187969924814,1820.2266,44.8395,6.33,0.07,15.942240367921874,0,Normal / No Flood
2018,6,10,4.66,29.13,57.43,1.88,2018-06-10,37.83999999999999,55.339999999999975,66.05,0.1231501057082452,1672.9359,8.7608,26.85,6.33,35.615880653125,0,Normal / No Flood
2018,6,11,3.53,29.9,51.24,2.78,2018-06-11,35.03999999999999,58.869999999999976,69.58,0.1007420091324201,1532.076,9.813399999999998,4.66,26.85,34.23449855515624,0,Normal / No Flood
2018,6,12,0.29,31.64,37.02,2.7,2018-06-12,8.479999999999993,47.38999999999998,69.87,0.0341981132075472,1171.3128000000002,0.783,3.53,4.66,32.099823771882804,0,Normal / No Flood
2018,6,13,0.22,32.38,32.16,2.66,2018-06-13,4.039999999999993,41.94999999999998,70.05,0.0544554455445545,1041.3408,0.5852,0.29,3.53,24.324136726390627,0,Normal / No Flood
2018,6,14,6.79,31.34,43.16,2.77,2018-06-14,7.299999999999994,48.66999999999998,76.75,0.9301369863013706,1352.6344,18.8083,0.22,0.29,19.320219845710938,0,Normal / No Flood
2018,6,15,5.87,30.47,52.04,1.94,2018-06-15,12.879999999999992,48.20999999999998,74.82,0.4557453416149071,1585.6588,11.3878,6.79,0.22,22.17461253210156,0,Normal / No Flood
2018,6,16,15.09,29.13,59.93,1.86,2018-06-16,27.749999999999993,36.449999999999974,87.13000000000001,0.5437837837837839,1745.7609,28.067400000000003,5.87,6.79,22.11305562878906,0,Normal / No Flood
2018,6,17,16.94,25.86,68.68,1.57,2018-06-17,37.89999999999999,48.729999999999976,104.07,0.4469656992084434,1776.0648,26.595800000000004,15.09,5.87,24.306226687171872,0,Normal / No Flood
2018,6,18,0.02,27.55,55.53,2.44,2018-06-18,32.05,45.21999999999998,104.09,0.0006240249609984,1529.8515,0.0488,16.94,15.09,33.78948683741406,0,Normal / No Flood
2018,6,19,0.09,28.43,49.63,2.14,2018-06-19,17.04999999999999,45.01999999999998,92.41,0.0052785923753665,1410.9809,0.1926,0.02,16.94,27.776172258414057,0,Normal / No Flood
2018,6,20,0.13,30.23,41.0,1.7,2018-06-20,0.2399999999999893,44.92999999999998,86.88,0.5416666666666907,1239.43,0.221,0.09,0.02,23.607224167390623,0,Normal / No Flood
2018,6,21,0.02,31.38,40.69,2.12,2018-06-21,0.2399999999999893,38.15999999999998,86.83000000000001,0.083333333333337,1276.8521999999998,0.0424,0.13,0.09,20.116692626773435,0,Normal / No Flood
2018,6,22,1.0,31.79,38.63,1.87,2018-06-22,1.1499999999999893,33.28999999999998,81.5,0.8695652173913124,1228.0477,1.87,0.02,0.13,15.265978067742186,0,Normal / No Flood
2018,6,23,0.14,31.72,39.58,2.55,2018-06-23,1.1599999999999897,18.33999999999998,54.79,0.1206896551724149,1255.4776,0.357,1.0,0.02,12.22656197560156,0,Normal / No Flood
2018,6,24,0.0,31.53,38.94,2.61,2018-06-24,1.1399999999999897,1.3999999999999786,50.129999999999995,0.0,1227.7782,0.0,0.14,1.0,6.399695656421874,0,Normal / No Flood
2018,6,25,0.08,32.24,38.54,2.71,2018-06-25,0.2199999999999893,1.4599999999999786,46.68,0.3636363636363812,1242.5296,0.2168,0.0,0.14,0.8237518137968748,0,Normal / No Flood
2018,6,26,7.89,30.61,50.1,1.45,2018-06-26,7.969999999999989,9.259999999999978,54.28,0.9899623588456726,1533.561,11.440499999999998,0.08,0.0,0.7627392312265623,0,Normal / No Flood
2018,6,27,16.29,27.34,66.25,1.31,2018-06-27,24.259999999999987,25.419999999999977,70.35,0.6714756801319047,1811.275,21.3399,7.89,0.08,7.330304199289062,0,Normal / No Flood
2018,6,28,24.95,26.33,75.23,1.92,2018-06-28,49.12999999999999,50.34999999999998,88.50999999999999,0.5078363525340933,1980.8059,47.904,16.29,7.89,20.041834801140624,0,Normal / No Flood
2018,6,29,8.55,27.58,70.38,1.97,2018-06-29,49.78999999999999,57.89999999999998,91.19,0.1717212291624824,1941.0804,16.843500000000002,24.95,16.29,38.23760977046875,0,Normal / No Flood
2018,6,30,3.3,28.18,66.2,1.69,2018-06-30,36.79999999999999,61.059999999999974,79.4,0.0896739130434782,1865.516,5.577,8.55,24.95,39.49697777985936,0,Normal / No Flood
2018,7,1,2.38,28.73,67.05,2.21,2018-07-01,14.22999999999999,63.439999999999976,64.84,0.1672522839072383,1926.3465,5.259799999999999,3.3,8.55,36.33928243937499,0,Normal / No Flood
2018,7,2,37.82,28.06,75.27,2.48,2018-07-02,43.499999999999986,101.17999999999998,102.64,0.8694252873563222,2112.0762,93.7936,2.38,3.3,32.911390073468745,0,Normal / No Flood
2018,7,3,31.39,26.52,78.05,1.43,2018-07-03,71.59,124.67999999999998,133.94,0.4384690599245704,2069.886,44.8877,37.82,2.38,60.0998823204453,1,Historical Disaster Record; 7-Day Antecedent Saturation (124.7mm)
2018,7,4,10.39,25.45,79.44,1.97,2018-07-04,79.6,118.78,144.2,0.1305276381909547,2021.748,20.4683,31.39,37.82,75.6164497298203,0,Normal / No Flood
2018,7,5,0.1,26.27,71.6,1.92,2018-07-05,41.879999999999995,93.92999999999998,144.28,0.0023877745940783,1880.932,0.192,10.39,31.39,68.66661161746093,0,Normal / No Flood
2018,7,6,0.0,27.08,68.06,1.97,2018-07-06,10.489999999999991,85.37999999999997,143.28,0.0,1843.0648,0.0,0.1,10.39,51.65298127511718,0,Normal / No Flood
2018,7,7,0.01,28.28,59.58,2.21,2018-07-07,0.1099999999999929,82.08999999999997,143.15,0.0909090909090967,1684.9224,0.0221,0.0,0.1,41.57524009476562,0,Normal / No Flood
2018,7,8,0.85,29.42,56.27,1.97,2018-07-08,0.8599999999999929,80.55999999999997,144.0,0.988372093023264,1655.4634,1.6745,0.01,0.0,34.448235347921866,0,Normal / No Flood
2018,7,9,13.65,28.92,65.8,1.39,2018-07-09,14.509999999999993,56.38999999999998,157.57,0.940730530668505,1902.936,18.9735,0.85,0.01,29.35497259614062,0,Normal / No Flood
2018,7,10,12.23,27.87,76.31,1.54,2018-07-10,26.729999999999993,37.229999999999976,161.91,0.4575383464272354,2126.7597,18.834200000000003,13.65,0.85,26.248635049742184,0,Normal / No Flood
2018,7,11,16.58,26.97,78.08,1.65,2018-07-11,42.459999999999994,43.41999999999997,162.2,0.3904851625058879,2105.8176,27.356999999999996,12.23,13.65,24.153362211304685,0,Normal / No Flood
2018,7,12,8.23,27.39,76.31,1.66,2018-07-12,37.03999999999999,51.549999999999976,145.48,0.2221922246220303,2090.1309,13.6618,16.58,12.23,31.79218132445312,0,Normal / No Flood
2018,7,13,17.82,26.13,83.57,1.71,2018-07-13,42.629999999999995,69.36999999999998,154.75,0.418015482054891,2183.6841,30.4722,8.23,16.58,33.99160507328125,0,Normal / No Flood
2018,7,14,4.54,25.49,86.95,1.61,2018-07-14,30.589999999999993,73.89999999999998,155.99,0.1484145145472377,2216.3555,7.3094,17.82,8.23,44.039864312289055,0,Normal / No Flood
2018,7,15,5.44,25.59,86.0,1.54,2018-07-15,27.799999999999994,78.48999999999998,159.05,0.1956834532374101,2200.74,8.377600000000001,4.54,17.82,41.29015976019531,0,Normal / No Flood
2018,7,16,18.62,25.83,85.86,1.74,2018-07-16,28.59999999999999,83.45999999999998,139.85,0.6510489510489512,2217.7637999999997,32.3988,5.44,4.54,39.4890188498828,0,Normal / No Flood
2018,7,17,10.92,25.57,84.53,1.79,2018-07-17,34.98,82.14999999999998,119.38,0.3121783876500857,2161.4321,19.5468,18.62,5.44,45.67317035561718,0,Normal / No Flood
2018,7,18,8.07,26.66,79.48,1.53,2018-07-18,37.60999999999999,73.63999999999999,117.06,0.2145705929274129,2118.9368,12.3471,10.92,18.62,44.771635681046874,0,Normal / No Flood
2018,7,19,7.22,26.61,79.81,1.31,2018-07-19,26.209999999999994,72.62999999999998,124.18,0.2754673788630294,2123.7441,9.4582,8.07,10.92,40.39749742374218,0,Normal / No Flood
2018,7,20,7.19,26.26,82.45,0.98,2018-07-20,22.479999999999993,61.99999999999998,131.37,0.3198398576512457,2165.137,7.046200000000001,7.22,8.07,38.232275789109366,0,Normal / No Flood
2018,7,21,16.77,26.26,85.0,1.49,2018-07-21,31.179999999999993,74.22999999999999,148.13,0.5378447722899296,2232.1,24.9873,7.19,7.22,33.753153264546874,0,Normal / No Flood
2018,7,22,3.83,24.9,89.61,2.16,2018-07-22,27.789999999999992,72.61999999999999,151.11,0.137819359481828,2231.289,8.2728,16.77,7.19,41.7075732911875,0,Normal / No Flood
2018,7,23,15.33,26.08,82.42,1.51,2018-07-23,35.92999999999999,69.32999999999998,152.79,0.4266629557472864,2149.5136,23.1483,3.83,16.77,37.22458884129687,0,Normal / No Flood
2018,7,24,5.89,26.16,83.57,1.7,2018-07-24,25.049999999999994,64.29999999999998,146.45,0.2351297405189621,2186.1912,10.013,15.33,3.83,39.597626938875,0,Normal / No Flood
2018,7,25,3.81,26.57,84.14,1.9,2018-07-25,25.02999999999999,60.03999999999998,133.68,0.1522173391929685,2235.5998,7.239,5.89,15.33,35.68888636461718,0,Normal / No Flood
2018,7,26,24.69,24.74,91.23,1.66,2018-07-26,34.38999999999999,77.50999999999998,150.14,0.717941261994766,2257.0302,40.9854,3.81,5.89,31.375054872859373,0,Normal / No Flood
2018,7,27,40.36,25.02,86.33,1.06,2018-07-27,68.85999999999999,110.67999999999998,172.68,0.5861167586407204,2159.9766,42.781600000000005,24.69,3.81,45.68791505114843,0,Normal / No Flood
2018,7,28,21.83,24.95,88.88,1.52,2018-07-28,86.88,115.73999999999997,189.97000000000003,0.2512661141804788,2217.556,33.181599999999996,40.36,24.69,71.1815209184453,0,Normal / No Flood
2018,7,29,2.36,25.08,85.86,2.3,2018-07-29,64.55,114.26999999999995,186.89,0.036560805577072,2153.3687999999997,5.427999999999999,21.83,40.36,74.49012667577344,0,Normal / No Flood
2018,7,30,1.23,25.29,82.89,2.22,2018-07-30,25.41999999999999,100.16999999999996,169.5,0.0483870967741935,2096.2881,2.7306000000000004,2.36,21.83,64.2789689635078,0,Normal / No Flood
2018,7,31,3.85,25.65,81.54,2.11,2018-07-31,7.439999999999992,98.12999999999997,162.43,0.5174731182795704,2091.501,8.1235,1.23,2.36,51.50534387013281,0,Normal / No Flood
2018,8,1,1.59,25.53,78.16,1.92,2018-08-01,6.669999999999994,95.90999999999995,155.95,0.2383808095952026,1995.4248,3.0528,3.85,1.23,45.447073097132815,0,Normal / No Flood
2018,8,2,2.41,25.36,79.94,2.49,2018-08-02,7.849999999999993,73.62999999999997,151.14,0.3070063694267518,2027.2784,6.000900000000001,1.59,3.85,38.943323232164055,0,Normal / No Flood
2018,8,3,8.11,26.03,75.0,1.87,2018-08-03,12.109999999999992,41.37999999999997,152.06,0.6696944673823291,1952.25,15.1657,2.41,1.59,28.422533684124996,0,Normal / No Flood
2018,8,4,16.57,25.3,84.07,1.67,2018-08-04,27.089999999999993,36.119999999999976,151.86,0.6116648209671467,2126.971,27.6719,8.11,2.41,20.05493604092968,0,Normal / No Flood
2018,8,5,19.95,24.71,88.75,1.78,2018-08-05,44.629999999999995,53.70999999999997,167.98000000000002,0.4470087385166928,2193.0125000000003,35.511,16.57,8.11,25.182727473187494,0,Normal / No Flood
2018,8,6,16.87,23.14,92.64,1.56,2018-08-06,53.38999999999999,69.34999999999998,169.52,0.3159767746769058,2143.6896,26.317200000000003,19.95,16.57,37.71974071311718,0,Normal / No Flood
2018,8,7,17.42,23.6,88.65,1.39,2018-08-07,54.239999999999995,82.91999999999997,181.05,0.321165191740413,2092.1400000000003,24.2138,16.87,19.95,46.06611626035155,0,Normal / No Flood
2018,8,8,8.93,24.96,86.07,1.8,2018-08-08,43.21999999999999,90.25999999999998,186.17,0.2066173068024063,2148.3071999999997,16.074,17.42,16.87,52.91411029989843,0,Normal / No Flood
2018,8,9,6.15,25.86,80.85,1.42,2018-08-09,32.49999999999999,93.99999999999996,167.63000000000002,0.1892307692307692,2090.781,8.733,8.93,17.42,52.13423382010155,0,Normal / No Flood
2018,8,10,2.54,25.41,83.6,1.78,2018-08-10,17.619999999999994,88.42999999999996,129.81,0.1441543700340522,2124.276,4.5212,6.15,8.93,48.884896581742176,0,Normal / No Flood
2018,8,11,2.44,25.76,83.83,1.91,2018-08-11,11.129999999999994,74.29999999999998,110.42,0.2192273135669363,2159.4608000000003,4.6604,2.54,6.15,41.501263936414055,0,Normal / No Flood
2018,8,12,52.08,24.77,88.11,1.51,2018-08-12,57.05999999999999,106.42999999999998,160.14,0.9127234490010516,2182.4847,78.6408,2.44,2.54,32.83490634605468,0,Normal / No Flood
2018,8,13,64.4,23.33,90.09,0.86,2018-08-13,118.92,153.95999999999998,223.31,0.5415405314497141,2101.7997,55.38400000000001,52.08,2.44,66.7414844196172,1,Historical Disaster Record; 3-Day Saturated Runoff (118.9mm); 7-Day Antecedent Saturation (154.0mm)
2018,8,14,2.33,24.54,87.87,1.75,2018-08-14,118.81,138.87,221.79,0.0196111438431108,2156.3298,4.077500000000001,64.4,52.08,106.8733465992656,0,Normal / No Flood
2018,8,15,0.38,25.57,86.02,1.44,2018-08-15,67.10999999999999,130.32,220.58,0.0056623454030695,2199.5314,0.5472,2.33,64.4,88.07605966319531,0,Normal / No Flood
2018,8,16,0.08,25.27,87.4,0.93,2018-08-16,2.789999999999986,124.25,218.25,0.0286738351254481,2208.598,0.0744,0.38,2.33,72.75431032511719,0,Normal / No Flood
2018,8,17,12.75,25.61,84.21,1.32,2018-08-17,13.209999999999988,134.45999999999998,222.89,0.9651778955336876,2156.6180999999997,16.830000000000002,0.08,0.38,60.233347047359366,0,Normal / No Flood
2018,8,18,9.14,25.39,84.7,1.41,2018-08-18,21.969999999999985,141.16,215.46,0.416021847974511,2150.533,12.8874,12.75,0.08,61.34371905665624,0,Normal / No Flood
2018,8,19,3.12,25.36,86.93,1.87,2018-08-19,25.009999999999987,92.19999999999996,198.63,0.124750099960016,2204.5448,5.8344000000000005,9.14,12.75,59.24628431706249,0,Normal / No Flood
2018,8,20,7.85,25.73,85.78,1.38,2018-08-20,20.109999999999985,35.64999999999997,189.61,0.3903530581800102,2207.1194,10.832999999999998,3.12,9.14,38.82003512546874,0,Normal / No Flood
2018,8,21,29.32,24.79,90.85,1.52,2018-08-21,40.289999999999985,62.63999999999997,201.51,0.7277240009928024,2252.1715,44.5664,7.85,3.12,22.12114004413281,0,Normal / No Flood
2018,8,22,21.92,24.97,91.1,1.78,2018-08-22,59.08999999999999,84.17999999999998,214.5,0.3709595532238958,2274.767,39.0176,29.32,7.85,43.09006611417187,0,Normal / No Flood
2018,8,23,16.39,24.82,90.76,1.81,2018-08-23,67.63,100.48999999999998,224.74,0.2423480703829661,2252.6632,29.6659,21.92,29.32,55.15500979753124,0,Normal / No Flood
2018,8,24,15.12,24.96,86.25,1.75,2018-08-24,53.429999999999986,102.85999999999996,237.32,0.282987085906794,2152.8,26.459999999999997,16.39,21.92,60.79145908589844,0,Normal / No Flood
2018,8,25,3.26,25.26,84.22,1.93,2018-08-25,34.76999999999998,96.97999999999998,238.14,0.093758987633017,2127.3972,6.291799999999999,15.12,16.39,61.05048602876562,0,Normal / No Flood
2018,8,26,1.57,24.66,84.28,1.46,2018-08-26,19.949999999999985,95.42999999999996,187.63,0.0786967418546366,2078.3448,2.2922,3.26,15.12,52.17334972559374,0,Normal / No Flood
2018,8,27,8.57,25.22,84.75,1.59,2018-08-27,13.399999999999986,96.14999999999998,131.8,0.6395522388059708,2137.395,13.6263,1.57,3.26,44.83167682863281,0,Normal / No Flood
2018,8,28,4.59,25.17,83.14,1.12,2018-08-28,14.729999999999986,71.41999999999997,134.06,0.3116089613034626,2092.6338,5.1408000000000005,8.57,1.57,43.252374682781245,0,Normal / No Flood
2018,8,29,5.11,24.53,87.22,1.3,2018-08-29,18.269999999999985,54.60999999999997,138.79,0.2796934865900385,2139.5066,6.643000000000001,4.59,8.57,32.67659628621875,0,Normal / No Flood
2018,8,30,8.07,24.63,86.74,1.35,2018-08-30,17.769999999999985,46.28999999999997,146.78,0.4541361845807544,2136.4062,10.8945,5.11,4.59,26.145614534429683,0,Normal / No Flood
2018,8,31,3.3,25.65,81.52,1.35,2018-08-31,16.479999999999986,34.46999999999997,137.33,0.2002427184466021,2090.988,4.455,8.07,5.11,24.617152648874995,0,Normal / No Flood
2018,9,1,7.26,24.99,82.26,1.1,2018-09-01,18.629999999999985,38.46999999999997,135.45,0.3896940418679552,2055.6774,7.986000000000001,3.3,8.07,19.60952301295312,0,Normal / No Flood
2018,9,2,9.16,23.19,89.53,1.07,2018-09-02,19.719999999999985,46.059999999999974,141.48999999999998,0.4645030425963493,2076.2007000000003,9.8012,7.26,3.3,21.95077544938281,0,Normal / No Flood
2018,9,3,12.95,23.14,88.26,0.71,2018-09-03,29.369999999999983,50.43999999999997,146.59,0.4409261150834186,2042.3364,9.1945,9.16,7.26,26.016349007664065,0,Normal / No Flood
2018,9,4,4.41,23.85,86.71,1.15,2018-09-04,26.519999999999985,50.25999999999996,121.68,0.1662895927601811,2068.0335,5.0714999999999995,12.95,9.16,30.78615285692968,0,Normal / No Flood
2018,9,5,4.88,24.62,82.35,1.27,2018-09-05,22.239999999999984,50.029999999999966,104.64,0.2194244604316548,2027.457,6.1976,4.41,12.95,28.66599841846093,0,Normal / No Flood
2018,9,6,8.57,26.14,75.85,0.78,2018-09-06,17.859999999999985,50.529999999999966,96.82,0.4798432250839869,1982.719,6.6846000000000005,4.88,4.41,27.121672072742182,0,Normal / No Flood
2018,9,7,10.48,25.18,83.4,0.95,2018-09-07,23.929999999999986,57.709999999999965,92.18,0.4379440033430842,2100.012,9.956,8.57,4.88,28.138922724765624,0,Normal / No Flood
2018,9,8,15.02,24.36,87.56,0.9,2018-09-08,34.069999999999986,65.46999999999997,103.94,0.4408570589961845,2132.9616,13.518,10.48,8.57,31.926865583421872,0,Normal / No Flood
2018,9,9,11.53,24.12,89.52,1.44,2018-09-09,37.02999999999999,67.83999999999997,113.9,0.3113691601404267,2159.2224,16.603199999999998,15.02,10.48,37.92655453412499,0,Normal / No Flood
2018,9,10,9.03,24.21,89.03,1.26,2018-09-10,35.579999999999984,63.91999999999997,114.36,0.2537942664418213,2155.4163000000003,11.3778,11.53,15.02,39.54205814464843,0,Normal / No Flood
2018,9,11,7.61,24.12,87.99,1.64,2018-09-11,28.169999999999984,67.11999999999998,117.38,0.2701455449059284,2122.3188,12.4804,9.03,11.53,37.7574971236953,0,Normal / No Flood
2018,9,12,4.19,24.0,82.49,1.58,2018-09-12,20.829999999999988,66.42999999999998,116.46,0.201152184349496,1979.76,6.6202000000000005,7.61,9.03,37.360689339718746,0,Normal / No Flood
2018,9,13,12.7,23.4,80.98,1.37,2018-09-13,24.499999999999982,70.55999999999997,121.09,0.5183673469387757,1894.932,17.399,4.19,7.61,33.9883321765703,0,Normal / No Flood
2018,9,14,3.3,23.26,77.56,1.36,2018-09-14,20.189999999999987,63.37999999999997,121.09,0.1634472511144131,1804.0456,4.488,12.7,4.19,37.3498385505,0,Normal / No Flood
2018,9,15,0.05,22.55,78.78,1.56,2018-09-15,16.049999999999986,48.40999999999997,113.88,0.0031152647975077,1776.489,0.078,3.3,12.7,31.69666206551562,0,Normal / No Flood
2018,9,16,0.0,21.29,81.03,2.08,2018-09-16,3.3499999999999854,36.87999999999997,104.72,0.0,1725.1287,0.0,0.05,3.3,22.89185506960156,0,Normal / No Flood
2018,9,17,0.0,21.62,76.75,2.02,2018-09-17,0.0499999999999857,27.849999999999973,91.77,0.0,1659.335,0.0,0.0,0.05,16.316261055460934,0,Normal / No Flood
2018,9,18,0.0,21.59,75.89,1.84,2018-09-18,0.0,20.239999999999977,87.36,0.0,1638.4651,0.0,0.0,0.0,11.408232456039062,0,Normal / No Flood
2018,9,19,0.01,22.44,74.24,1.86,2018-09-19,0.0099999999999857,16.05999999999997,82.49,1.000000000001421,1665.9456,0.0186,0.0,0.0,7.623344692085936,0,Normal / No Flood
2018,9,20,0.05,23.79,72.19,1.16,2018-09-20,0.0599999999999857,3.4099999999999713,73.96999999999998,0.8333333333335307,1717.4000999999998,0.0579999999999999,0.01,0.0,5.346607688359374,0,Normal / No Flood
2018,9,21,2.55,24.01,78.06,1.04,2018-09-21,2.6099999999999857,2.6599999999999713,66.04,0.9770114942528788,1874.2206,2.6519999999999997,0.05,0.01,1.1264868671093748,0,Normal / No Flood
2018,9,22,50.5,21.52,87.65,1.02,2018-09-22,53.09999999999999,53.10999999999997,101.52,0.9510357815442564,1886.228,51.51,2.55,0.05,2.225795104414063,0,Normal / No Flood
2018,9,23,30.68,20.84,90.84,1.81,2018-09-23,83.72999999999999,83.78999999999996,120.67,0.366415860504001,1893.1056,55.5308,50.5,2.55,44.8033013125,1,Historical Disaster Record
2018,9,24,68.49,20.62,89.26,1.92,2018-09-24,149.67,152.27999999999997,180.13,0.4576067348165965,1840.5412,131.5008,30.68,50.5,64.16080611562501,1,Historical Disaster Record; IMD Heavy Rain (68.5mm); 3-Day Saturated Runoff (149.7mm); 7-Day Antecedent Saturation (152.3mm)
2018,9,25,28.54,21.42,87.13,1.66,2018-09-25,127.70999999999998,180.81999999999996,201.06,0.223475060684363,1866.3246,47.3764,68.49,30.68,112.75318519828124,1,Historical Disaster Record; 7-Day Antecedent Saturation (180.8mm)
2018,9,26,0.0,21.75,87.44,1.87,2018-09-26,97.02999999999996,180.80999999999997,196.87,0.0,1901.82,0.0,28.54,68.49,120.09920741853904,0,Normal / No Flood
2018,9,27,0.0,22.03,83.7,1.66,2018-09-27,28.539999999999985,180.75999999999996,184.17,0.0,1843.911,0.0,0.0,28.54,102.0816014005078,0,Normal / No Flood
2018,9,28,0.43,22.31,76.79,1.41,2018-09-28,0.4299999999999858,178.63999999999996,181.3,1.000000000000033,1713.1849,0.6063,0.0,0.0,86.75573666417966,0,Normal / No Flood
2018,9,29,0.24,22.03,74.67,1.43,2018-09-29,0.6699999999999857,128.38,181.49,0.3582089552238882,1644.9801000000002,0.3431999999999999,0.43,0.0,73.4130253257031,0,Normal / No Flood
2018,9,30,0.0,21.58,79.12,1.76,2018-09-30,0.6699999999999857,97.69999999999996,181.49,0.0,1707.4096,0.0,0.24,0.43,48.844300012374994,0,Normal / No Flood
2018,10,1,0.0,21.93,75.48,1.75,2018-10-01,0.2399999999999857,29.209999999999972,181.49,0.0,1655.2764,0.0,0.0,0.24,33.1576457023203,0,Normal / No Flood
2018,10,2,0.0,22.04,72.27,1.41,2018-10-02,0.0,0.6699999999999715,181.49,0.0,1592.8308,0.0,0.0,0.0,9.521122787046872,0,Normal / No Flood
2018,10,3,0.0,21.88,71.68,1.47,2018-10-03,0.0,0.6699999999999715,181.48,0.0,1568.3584,0.0,0.0,0.0,0.3160747843749999,0,Normal / No Flood
2018,10,4,0.0,20.95,70.4,1.36,2018-10-04,0.0,0.6699999999999715,181.43,0.0,1474.88,0.0,0.0,0.0,0.2686635667187499,0,Normal / No Flood
2018,10,5,0.0,20.52,69.84,1.49,2018-10-05,0.0,0.2399999999999715,178.88,0.0,1433.1168,0.0,0.0,0.0,0.2283640317109374,0,Normal / No Flood
2018,10,6,0.0,20.82,68.25,1.57,2018-10-06,0.0,0.0,128.38,0.0,1420.965,0.0,0.0,0.0,0.0769385011874999,0,Normal / No Flood
2018,10,7,0.0,20.25,68.48,1.52,2018-10-07,0.0,0.0,97.7,0.0,1386.72,0.0,0.0,0.0,0.0,0,Normal / No Flood
2018,10,8,0.0,20.17,70.24,1.61,2018-10-08,0.0,0.0,29.21,0.0,1416.7408,0.0,0.0,0.0,0.0,0,Normal / No Flood
2018,10,9,0.02,20.51,69.52,1.35,2018-10-09,0.0199999999999857,0.0199999999999715,0.69,1.0000000000007103,1425.8552,0.027,0.0,0.0,0.0,0,Normal / No Flood
2018,10,10,2.91,20.36,76.11,1.44,2018-10-10,2.929999999999986,2.9299999999999717,3.6,0.993174061433452,1549.5996,4.1904,0.02,0.0,0.017,0,Normal / No Flood
2018,10,11,7.09,20.11,80.83,1.44,2018-10-11,10.019999999999984,10.019999999999971,10.69,0.7075848303393224,1625.4913,10.2096,2.91,0.02,2.48795,0,Normal / No Flood
2018,10,12,0.0,18.62,72.8,1.27,2018-10-12,9.999999999999986,10.019999999999971,10.26,0.0,1355.536,0.0,7.09,2.91,8.141257499999998,0,Normal / No Flood
2018,10,13,0.0,18.31,71.62,1.4,2018-10-13,7.089999999999986,10.019999999999971,10.02,0.0,1311.3622,0.0,0.0,7.09,6.920068874999999,0,Normal / No Flood
2018,10,14,0.0,18.18,67.27,1.69,2018-10-14,0.0,10.019999999999971,10.02,0.0,1222.9686,0.0,0.0,0.0,5.8820585437499995,0,Normal / No Flood
2018,10,15,0.0,18.5,65.31,1.57,2018-10-15,0.0,10.019999999999971,10.02,0.0,1208.235,0.0,0.0,0.0,4.999749762187499,0,Normal / No Flood
2018,10,16,0.0,19.48,59.47,1.27,2018-10-16,0.0,9.999999999999972,10.02,0.0,1158.4756,0.0,0.0,0.0,4.249787297859375,0,Normal / No Flood
2018,10,17,0.0,20.45,58.2,1.18,2018-10-17,0.0,7.089999999999971,10.02,0.0,1190.19,0.0,0.0,0.0,3.606869392679687,0,Normal / No Flood
2018,10,18,0.0,20.16,57.13,1.11,2018-10-18,0.0,0.0,10.02,0.0,1151.7408,0.0,0.0,0.0,2.272891555914062,0,Normal / No Flood
2018,10,19,0.0,18.73,65.88,1.52,2018-10-19,0.0,0.0,10.02,0.0,1233.9324,0.0,0.0,0.0,0.0,0,Normal / No Flood
2018,10,20,0.0,18.34,62.62,1.36,2018-10-20,0.0,0.0,10.02,0.0,1148.4507999999998,0.0,0.0,0.0,0.0,0,Normal / No Flood
2018,10,21,0.0,17.85,61.9,1.46,2018-10-21,0.0,0.0,10.02,0.0,1104.915,0.0,0.0,0.0,0.0,0,Normal / No Flood
2018,10,22,0.0,17.62,62.07,1.68,2018-10-22,0.0,0.0,10.02,0.0,1093.6734,0.0,0.0,0.0,0.0,0,Normal / No Flood
2018,10,23,0.0,17.41,59.06,1.53,2018-10-23,0.0,0.0,10.0,0.0,1028.2346,0.0,0.0,0.0,0.0,0,Normal / No Flood
2018,10,24,0.0,17.13,60.32,1.53,2018-10-24,0.0,0.0,7.09,0.0,1033.2816,0.0,0.0,0.0,0.0,0,Normal / No Flood
2018,10,25,0.0,17.02,60.71,1.46,2018-10-25,0.0,0.0,0.0,0.0,1033.2842,0.0,0.0,0.0,0.0,0,Normal / No Flood
2018,10,26,0.0,17.28,61.41,1.54,2018-10-26,0.0,0.0,0.0,0.0,1061.1648,0.0,0.0,0.0,0.0,0,Normal / No Flood
2018,10,27,0.0,17.74,62.42,1.6,2018-10-27,0.0,0.0,0.0,0.0,1107.3308,0.0,0.0,0.0,0.0,0,Normal / No Flood
2018,10,28,0.0,17.76,64.45,1.64,2018-10-28,0.0,0.0,0.0,0.0,1144.632,0.0,0.0,0.0,0.0,0,Normal / No Flood
2018,10,29,0.0,18.68,64.47,1.52,2018-10-29,0.0,0.0,0.0,0.0,1204.2996,0.0,0.0,0.0,0.0,0,Normal / No Flood
2018,10,30,0.0,18.39,66.39,1.26,2018-10-30,0.0,0.0,0.0,0.0,1220.9121,0.0,0.0,0.0,0.0,0,Normal / No Flood
2018,10,31,0.0,18.44,65.57,1.22,2018-10-31,0.0,0.0,0.0,0.0,1209.1108,0.0,0.0,0.0,0.0,0,Normal / No Flood
2018,11,1,0.0,18.54,66.14,1.05,2018-11-01,0.0,0.0,0.0,0.0,1226.2356,0.0,0.0,0.0,0.0,0,Normal / No Flood
2018,11,2,1.67,18.25,70.88,1.44,2018-11-02,1.6699999999999855,1.6699999999999715,1.67,1.0000000000000084,1293.56,2.4048,0.0,0.0,0.0,0,Normal / No Flood
2018,11,3,11.1,16.1,81.16,1.92,2018-11-03,12.769999999999984,12.769999999999971,12.77,0.8692247454972601,1306.6760000000002,21.312,1.67,0.0,1.4195,0,Normal / No Flood
2018,11,4,0.43,15.65,79.02,1.37,2018-11-04,13.199999999999983,13.19999999999997,13.2,0.0325757575757576,1236.663,0.5891000000000001,11.1,1.67,10.641574999999998,0,Normal / No Flood
2018,11,5,0.0,14.99,69.49,1.34,2018-11-05,11.529999999999983,13.19999999999997,13.2,0.0,1041.6551,0.0,0.43,11.1,9.41083875,0,Normal / No Flood
2018,11,6,0.0,13.79,62.09,1.9,2018-11-06,0.4299999999999858,13.19999999999997,13.2,0.0,856.2211,0.0,0.0,0.43,7.999212937499999,0,Normal / No Flood
2018,11,7,0.0,15.21,49.58,1.32,2018-11-07,0.0,13.19999999999997,13.2,0.0,754.1118,0.0,0.0,0.0,6.799330996874999,0,Normal / No Flood
2018,11,8,0.0,15.75,54.77,1.33,2018-11-08,0.0,13.19999999999997,13.2,0.0,862.6275,0.0,0.0,0.0,5.779431347343749,0,Normal / No Flood
2018,11,9,0.0,16.22,52.6,1.15,2018-11-09,0.0,11.529999999999973,13.2,0.0,853.1719999999999,0.0,0.0,0.0,4.912516645242187,0,Normal / No Flood
2018,11,10,0.0,15.45,55.15,1.29,2018-11-10,0.0,0.4299999999999715,13.2,0.0,852.0675,0.0,0.0,0.0,3.720579971640624,0,Normal / No Flood
2018,11,11,0.0,16.78,50.94,1.31,2018-11-11,0.0,0.0,13.2,0.0,854.7732,0.0,0.0,0.0,0.1378481479609374,0,Normal / No Flood
2018,11,12,0.07,17.89,54.25,1.31,2018-11-12,0.0699999999999858,0.0699999999999715,13.27,1.000000000000203,970.5325,0.0917,0.0,0.0,0.0,0,Normal / No Flood
2018,11,13,0.56,16.95,64.04,1.36,2018-11-13,0.6299999999999859,0.6299999999999717,13.83,0.8888888888889088,1085.478,0.7616000000000002,0.07,0.0,0.0595,0,Normal / No Flood
2018,11,14,10.9,15.67,65.5,1.27,2018-11-14,11.529999999999989,11.529999999999973,24.73,0.945359930615786,1026.385,13.843,0.56,0.07,0.526575,0,Normal / No Flood
2018,11,15,0.15,13.59,72.05,1.58,2018-11-15,11.609999999999989,11.679999999999971,24.88,0.0129198966408268,979.1595,0.237,10.9,0.56,9.71258875,0,Normal / No Flood
2018,11,16,0.0,13.39,61.93,1.98,2018-11-16,11.049999999999986,11.679999999999971,23.21,0.0,829.2427,0.0,0.15,10.9,8.383200437499998,0,Normal / No Flood
2018,11,17,0.0,14.01,54.09,1.8,2018-11-17,0.1499999999999857,11.679999999999971,12.11,0.0,757.8009000000001,0.0,0.0,0.15,7.1257203718749995,0,Normal / No Flood
2018,11,18,0.0,15.18,52.0,1.34,2018-11-18,0.0,11.679999999999971,11.68,0.0,789.36,0.0,0.0,0.0,6.056862316093749,0,Normal / No Flood
2018,11,19,0.0,16.36,56.94,1.27,2018-11-19,0.0,11.609999999999973,11.68,0.0,931.5384,0.0,0.0,0.0,5.1483329686796875,0,Normal / No Flood
2018,11,20,0.0,15.19,61.28,1.72,2018-11-20,0.0,11.049999999999972,11.68,0.0,930.8432,0.0,0.0,0.0,4.357008686624999,0,Normal / No Flood
2018,11,21,0.0,14.91,58.06,1.65,2018-11-21,0.0,0.1499999999999715,11.68,0.0,865.6746,0.0,0.0,0.0,3.550862689609374,0,Normal / No Flood
2018,11,22,0.0,14.64,54.9,1.22,2018-11-22,0.0,0.0,11.68,0.0,803.736,0.0,0.0,0.0,0.0480865632421874,0,Normal / No Flood
2018,11,23,0.0,13.82,59.48,2.03,2018-11-23,0.0,0.0,11.68,0.0,822.0136,0.0,0.0,0.0,0.0,0,Normal / No Flood
2018,11,24,0.0,14.1,56.21,1.88,2018-11-24,0.0,0.0,11.68,0.0,792.561,0.0,0.0,0.0,0.0,0,Normal / No Flood
2018,11,25,0.0,14.81,54.16,1.46,2018-11-25,0.0,0.0,11.68,0.0,802.1096,0.0,0.0,0.0,0.0,0,Normal / No Flood
2018,11,26,0.0,15.03,53.35,1.6,2018-11-26,0.0,0.0,11.61,0.0,801.8505,0.0,0.0,0.0,0.0,0,Normal / No Flood
2018,11,27,0.0,15.19,57.11,0.89,2018-11-27,0.0,0.0,11.05,0.0,867.5009,0.0,0.0,0.0,0.0,0,Normal / No Flood
2018,11,28,0.0,15.61,61.34,1.1,2018-11-28,0.0,0.0,0.15,0.0,957.5174,0.0,0.0,0.0,0.0,0,Normal / No Flood
2018,11,29,0.0,14.04,60.12,1.35,2018-11-29,0.0,0.0,0.0,0.0,844.0847999999999,0.0,0.0,0.0,0.0,0,Normal / No Flood
2018,11,30,0.0,13.86,56.89,1.59,2018-11-30,0.0,0.0,0.0,0.0,788.4954,0.0,0.0,0.0,0.0,0,Normal / No Flood
2018,12,1,0.0,13.77,52.98,1.61,2018-12-01,0.0,0.0,0.0,0.0,729.5346,0.0,0.0,0.0,0.0,0,Normal / No Flood
2018,12,2,0.0,13.54,52.68,1.44,2018-12-02,0.0,0.0,0.0,0.0,713.2872,0.0,0.0,0.0,0.0,0,Normal / No Flood
2018,12,3,0.0,13.0,56.94,1.57,2018-12-03,0.0,0.0,0.0,0.0,740.22,0.0,0.0,0.0,0.0,0,Normal / No Flood
2018,12,4,0.0,13.1,56.59,1.27,2018-12-04,0.0,0.0,0.0,0.0,741.3290000000001,0.0,0.0,0.0,0.0,0,Normal / No Flood
2018,12,5,0.0,12.51,58.46,1.36,2018-12-05,0.0,0.0,0.0,0.0,731.3346,0.0,0.0,0.0,0.0,0,Normal / No Flood
2018,12,6,0.0,11.74,62.62,1.55,2018-12-06,0.0,0.0,0.0,0.0,735.1587999999999,0.0,0.0,0.0,0.0,0,Normal / No Flood
2018,12,7,0.0,10.96,60.24,1.63,2018-12-07,0.0,0.0,0.0,0.0,660.2304,0.0,0.0,0.0,0.0,0,Normal / No Flood
2018,12,8,0.0,11.61,57.08,1.24,2018-12-08,0.0,0.0,0.0,0.0,662.6987999999999,0.0,0.0,0.0,0.0,0,Normal / No Flood
2018,12,9,0.0,11.97,55.3,1.27,2018-12-09,0.0,0.0,0.0,0.0,661.941,0.0,0.0,0.0,0.0,0,Normal / No Flood
2018,12,10,0.01,12.33,56.32,1.43,2018-12-10,0.0099999999999857,0.0099999999999715,0.01,1.000000000001421,694.4256,0.0143,0.0,0.0,0.0,0,Normal / No Flood
2018,12,11,1.33,11.81,65.8,1.05,2018-12-11,1.339999999999986,1.3399999999999717,1.34,0.9925373134328463,777.098,1.3965,0.01,0.0,0.0085,0,Normal / No Flood
2018,12,12,7.3,9.1,82.43,1.38,2018-12-12,8.639999999999986,8.639999999999972,8.64,0.8449074074074088,750.113,10.074,1.33,0.01,1.137725,0,Normal / No Flood
2018,12,13,1.18,8.71,81.36,1.3,2018-12-13,9.809999999999986,9.819999999999972,9.82,0.1202854230377167,708.6456000000001,1.534,7.3,1.33,7.172066249999999,0,Normal / No Flood
2018,12,14,0.0,9.58,70.69,1.36,2018-12-14,8.479999999999986,9.819999999999972,9.82,0.0,677.2102,0.0,1.18,7.3,7.0992563125,0,Normal / No Flood
2018,12,15,0.0,9.81,54.66,1.54,2018-12-15,1.1799999999999855,9.819999999999972,9.82,0.0,536.2146,0.0,0.0,1.18,6.034367865624999,0,Normal / No Flood
2018,12,16,0.0,10.51,46.53,1.46,2018-12-16,0.0,9.819999999999972,9.82,0.0,489.0303,0.0,0.0,0.0,5.129212685781249,0,Normal / No Flood
2018,12,17,0.0,11.69,42.94,1.39,2018-12-17,0.0,9.809999999999972,9.82,0.0,501.9685999999999,0.0,0.0,0.0,4.359830782914062,0,Normal / No Flood
2018,12,18,0.0,11.0,45.32,1.58,2018-12-18,0.0,8.479999999999972,9.82,0.0,498.52,0.0,0.0,0.0,3.703131260226562,0,Normal / No Flood
2018,12,19,0.0,10.54,46.97,1.48,2018-12-19,0.0,1.1799999999999715,9.82,0.0,495.0638,0.0,0.0,0.0,2.785249172890624,0,Normal / No Flood
2018,12,20,0.0,10.56,43.78,1.51,2018-12-20,0.0,0.0,9.82,0.0,462.31680000000006,0.0,0.0,0.0,0.3782809641718749,0,Normal / No Flood
2018,12,21,0.0,10.36,39.17,1.55,2018-12-21,0.0,0.0,9.82,0.0,405.8012,0.0,0.0,0.0,0.0,0,Normal / No Flood
2018,12,22,0.0,11.08,36.85,1.19,2018-12-22,0.0,0.0,9.82,0.0,408.298,0.0,0.0,0.0,0.0,0,Normal / No Flood
2018,12,23,0.0,10.17,47.31,1.4,2018-12-23,0.0,0.0,9.82,0.0,481.1427000000001,0.0,0.0,0.0,0.0,0,Normal / No Flood
2018,12,24,0.0,9.89,49.3,1.21,2018-12-24,0.0,0.0,9.81,0.0,487.577,0.0,0.0,0.0,0.0,0,Normal / No Flood
2018,12,25,0.0,8.29,54.11,1.69,2018-12-25,0.0,0.0,8.48,0.0,448.5719,0.0,0.0,0.0,0.0,0,Normal / No Flood
2018,12,26,0.03,8.4,49.28,1.47,2018-12-26,0.0299999999999857,0.0299999999999715,1.21,1.0000000000004736,413.95200000000006,0.0441,0.0,0.0,0.0,0,Normal / No Flood
2018,12,27,0.04,6.95,54.51,1.76,2018-12-27,0.0699999999999858,0.0699999999999715,0.07,0.5714285714286874,378.8445,0.0704,0.03,0.0,0.0255,0,Normal / No Flood
2018,12,28,0.0,7.16,46.15,1.61,2018-12-28,0.0699999999999858,0.0699999999999715,0.07,0.0,330.43399999999997,0.0,0.04,0.03,0.055675,0,Normal / No Flood
2018,12,29,0.0,8.09,41.46,1.78,2018-12-29,0.0399999999999857,0.0699999999999715,0.07,0.0,335.4114,0.0,0.0,0.04,0.04732375,0,Normal / No Flood
2018,12,30,0.0,9.72,42.75,1.39,2018-12-30,0.0,0.0699999999999715,0.07,0.0,415.53,0.0,0.0,0.0,0.0402251874999999,0,Normal / No Flood
2018,12,31,0.0,9.88,50.31,1.84,2018-12-31,0.0,0.0699999999999715,0.07,0.0,497.0628,0.0,0.0,0.0,0.0341914093749999,0,Normal / No Flood
2019,1,1,0.02,10.73,45.48,1.29,2019-01-01,0.0199999999999857,0.0899999999999715,0.09,1.0000000000007103,488.0004,0.0258,0.0,0.0,0.0290626979687499,0,Normal / No Flood
2019,1,2,0.11,10.5,56.92,1.5,2019-01-02,0.1299999999999858,0.1699999999999715,0.2,0.8461538461539386,597.66,0.165,0.02,0.0,0.0417032932734375,0,Normal / No Flood
2019,1,3,0.0,9.17,60.45,1.65,2019-01-03,0.1299999999999858,0.1299999999999715,0.2,0.0,554.3265,0.0,0.11,0.02,0.12077308353125,0,Normal / No Flood
2019,1,4,0.07,9.89,51.31,1.27,2019-01-04,0.1799999999999857,0.1999999999999716,0.27,0.3888888888889196,507.4559,0.0889,0.0,0.11,0.0917574999999999,0,Normal / No Flood
2019,1,5,0.6,9.66,63.06,1.65,2019-01-05,0.6699999999999857,0.7999999999999716,0.87,0.8955223880597205,609.1596000000001,0.99,0.07,0.0,0.137493875,0,Normal / No Flood
2019,1,6,3.99,6.34,83.98,1.55,2019-01-06,4.659999999999986,4.789999999999972,4.86,0.8562231759656679,532.4332,6.184500000000001,0.6,0.07,0.62686979375,0,Normal / No Flood
2019,1,7,0.0,8.85,67.66,1.41,2019-01-07,4.589999999999986,4.789999999999972,4.86,0.0,598.7909999999999,0.0,3.99,0.6,3.9243393246875,0,Normal / No Flood
2019,1,8,0.0,10.11,57.2,1.47,2019-01-08,3.989999999999986,4.769999999999972,4.86,0.0,578.292,0.0,0.0,3.99,3.335688425984374,0,Normal / No Flood
2019,1,9,0.0,9.68,58.78,1.96,2019-01-09,0.0,4.659999999999972,4.83,0.0,568.9904,0.0,0.0,0.0,2.8298853515859377,0,Normal / No Flood
2019,1,10,0.0,10.4,50.11,1.14,2019-01-10,0.0,4.659999999999972,4.79,0.0,521.144,0.0,0.0,0.0,2.37542859109375,0,Normal / No Flood
2019,1,11,0.0,10.33,58.6,1.42,2019-01-11,0.0,4.589999999999971,4.79,0.0,605.338,0.0,0.0,0.0,2.019114302429687,0,Normal / No Flood
2019,1,12,0.77,10.02,62.92,1.17,2019-01-12,0.7699999999999858,4.759999999999971,5.5600000000000005,1.0000000000000184,630.4584,0.9009,0.0,0.0,1.6971728203124996,0,Normal / No Flood
2019,1,13,3.16,8.63,65.64,1.5,2019-01-13,3.929999999999986,3.929999999999972,8.72,0.8040712468193413,566.4732,4.74,0.77,0.0,1.9336025822421872,0,Normal / No Flood
2019,1,14,0.0,7.52,46.91,2.3,2019-01-14,3.929999999999986,3.929999999999972,8.72,0.0,352.7631999999999,0.0,3.16,0.77,3.242325,0,Normal / No Flood
2019,1,15,0.0,9.27,39.66,1.73,2019-01-15,3.159999999999986,3.929999999999972,8.700000000000001,0.0,367.6482,0.0,0.0,3.16,2.75597625,0,Normal / No Flood
2019,1,16,0.0,12.59,39.57,1.09,2019-01-16,0.0,3.929999999999972,8.590000000000002,0.0,498.1863,0.0,0.0,0.0,2.3425798125,0,Normal / No Flood
2019,1,17,0.0,11.28,54.11,1.56,2019-01-17,0.0,3.929999999999972,8.590000000000002,0.0,610.3607999999999,0.0,0.0,0.0,1.9911928406249997,0,Normal / No Flood
2019,1,18,0.0,11.02,43.48,1.54,2019-01-18,0.0,3.929999999999972,8.520000000000001,0.0,479.1496,0.0,0.0,0.0,1.69251391453125,0,Normal / No Flood
2019,1,19,0.0,13.02,56.81,1.14,2019-01-19,0.0,3.1599999999999717,7.92,0.0,739.6662,0.0,0.0,0.0,1.4386368273515624,0,Normal / No Flood
2019,1,20,0.06,14.84,52.65,1.14,2019-01-20,0.0599999999999857,0.0599999999999715,3.99,1.000000000000237,781.326,0.0683999999999999,0.0,0.0,1.0130235989687495,0,Normal / No Flood
2019,1,21,6.52,12.99,63.08,2.08,2019-01-21,6.579999999999985,6.579999999999971,10.51,0.9908814589665677,819.4091999999999,13.5616,0.06,0.0,0.051,0,Normal / No Flood
2019,1,22,36.5,7.4,89.13,3.21,2019-01-22,43.079999999999984,43.07999999999997,47.01,0.8472609099350049,659.562,117.165,6.52,0.06,5.58535,0,Normal / No Flood
2019,1,23,2.51,7.97,78.91,1.25,2019-01-23,45.52999999999998,45.58999999999997,49.52,0.055128486712058,628.9127,3.1374999999999997,36.5,6.52,35.772547499999995,0,Normal / No Flood
2019,1,24,0.05,7.91,69.11,1.53,2019-01-24,39.05999999999999,45.63999999999997,49.57,0.0012800819252432,546.6601,0.0765,2.51,36.5,32.540165374999994,0,Normal / No Flood
2019,1,25,5.69,5.31,71.46,1.2,2019-01-25,8.249999999999986,51.32999999999997,55.26,0.6896969696969709,379.4526,6.828,0.05,2.51,27.70164056875,0,Normal / No Flood
2019,1,26,0.05,6.08,58.3,1.24,2019-01-26,5.789999999999986,51.37999999999997,54.53999999999999,0.0086355785837651,354.464,0.062,5.69,0.05,28.3828944834375,0,Normal / No Flood
2019,1,27,0.36,6.27,57.82,1.2,2019-01-27,6.099999999999986,51.67999999999997,51.739999999999995,0.059016393442623,362.5314,0.432,0.05,5.69,24.16796031092187,0,Normal / No Flood
2019,1,28,0.02,6.66,55.55,1.75,2019-01-28,0.4299999999999858,45.17999999999997,51.76,0.0465116279069782,369.963,0.035,0.36,0.05,20.832416832781245,0,Normal / No Flood
2019,1,29,0.0,7.83,45.14,1.76,2019-01-29,0.3799999999999858,8.679999999999971,51.76,0.0,353.44620000000003,0.0,0.02,0.36,15.947916084609371,0,Normal / No Flood
2019,1,30,1.59,8.77,59.59,1.43,2019-01-30,1.609999999999986,7.759999999999971,53.35,0.9875776397515617,522.6043,2.2737,0.0,0.02,3.6098245079921862,0,Normal / No Flood
2019,1,31,4.01,9.65,74.03,1.98,2019-01-31,5.599999999999985,11.71999999999997,57.36,0.7160714285714304,714.3895,7.939799999999999,1.59,0.0,3.735899613945312,0,Normal / No Flood
2019,2,1,1.82,8.9,70.67,1.75,2019-02-01,7.419999999999986,7.849999999999971,59.18,0.245283018867925,628.9630000000001,3.185,4.01,1.59,6.570390145601562,0,Normal / No Flood
2019,2,2,0.0,10.33,62.86,1.36,2019-02-02,5.829999999999986,7.799999999999971,59.18,0.0,649.3438,0.0,1.82,4.01,5.581360536289062,0,Normal / No Flood
2019,2,3,0.0,11.11,52.45,1.35,2019-02-03,1.819999999999986,7.439999999999971,59.12,0.0,582.7195,0.0,0.0,1.82,4.73053192959375,0,Normal / No Flood
2019,2,4,0.0,12.77,45.29,1.27,2019-02-04,0.0,7.4199999999999715,52.6,0.0,578.3533,0.0,0.0,0.0,3.922855551140625,0,Normal / No Flood
2019,2,5,0.0,13.51,52.16,1.42,2019-02-05,0.0,7.4199999999999715,16.099999999999998,0.0,704.6815999999999,0.0,0.0,0.0,3.3289774079687495,0,Normal / No Flood
2019,2,6,0.41,12.83,69.14,2.86,2019-02-06,0.4099999999999857,6.239999999999972,14.0,1.0000000000000346,887.0662,1.1726,0.0,0.0,2.8296307967734373,0,Normal / No Flood
2019,2,7,36.87,10.9,90.94,4.17,2019-02-07,37.27999999999998,39.099999999999966,50.81999999999999,0.9890021459227472,991.246,153.7479,0.41,0.0,2.320426242445312,0,Normal / No Flood
2019,2,8,7.31,6.55,76.27,1.7,2019-02-08,44.58999999999998,44.589999999999975,52.440000000000005,0.1639381027136129,499.5685,12.427,36.87,0.41,32.21917530067187,0,Normal / No Flood
2019,2,9,0.01,7.93,61.99,1.64,2019-02-09,44.18999999999998,44.59999999999997,52.4,0.0002262955419778,491.5807,0.0163999999999999,7.31,36.87,33.103866249999996,0,Normal / No Flood
2019,2,10,0.0,8.89,58.22,1.22,2019-02-10,7.319999999999985,44.59999999999997,52.04,0.0,517.5758000000001,0.0,0.01,7.31,28.14678631249999,0,Normal / No Flood
2019,2,11,0.0,12.34,55.3,1.3,2019-02-11,0.0099999999999857,44.59999999999997,52.02,0.0,682.4019999999999,0.0,0.0,0.01,23.924768365624992,0,Normal / No Flood
2019,2,12,0.0,13.03,57.46,1.16,2019-02-12,0.0,44.59999999999997,52.02,0.0,748.7038,0.0,0.0,0.0,20.336053110781247,0,Normal / No Flood
2019,2,13,0.0,14.41,62.34,1.13,2019-02-13,0.0,44.189999999999976,50.43,0.0,898.3194000000001,0.0,0.0,0.0,17.285645144164057,0,Normal / No Flood
2019,2,14,12.43,13.64,74.8,2.19,2019-02-14,12.429999999999986,19.74999999999998,58.85,1.000000000000001,1020.272,27.2217,0.0,0.0,14.581077257273432,0,Normal / No Flood
2019,2,15,11.18,11.02,83.69,1.51,2019-02-15,23.609999999999985,23.61999999999998,68.21000000000001,0.4735281660313429,922.2638,16.8818,12.43,0.0,12.912690010492188,0,Normal / No Flood
2019,2,16,0.02,10.18,77.47,1.43,2019-02-16,23.629999999999985,23.629999999999978,68.23,0.0008463817181548,788.6446,0.0286,11.18,12.43,18.48688077088281,0,Normal / No Flood
2019,2,17,0.1,9.6,65.4,1.62,2019-02-17,11.299999999999985,23.72999999999998,68.33,0.0088495575221239,627.84,0.162,0.02,11.18,15.728123749999998,0,Normal / No Flood
2019,2,18,12.4,10.92,70.68,1.76,2019-02-18,12.519999999999984,36.12999999999998,80.73,0.99041533546326,771.8256000000001,21.824,0.1,0.02,13.453905187499998,0,Normal / No Flood
2019,2,19,3.89,10.36,74.15,2.16,2019-02-19,16.389999999999986,40.019999999999975,84.62,0.2373398413666872,768.194,8.4024,12.4,0.1,21.975819409375,0,Normal / No Flood
2019,2,20,4.97,11.45,69.07,2.77,2019-02-20,21.259999999999984,44.98999999999998,89.18,0.2337723424270933,790.8514999999999,13.7669,3.89,12.4,21.985946497968747,0,Normal / No Flood
2019,2,21,12.44,13.75,78.29,3.04,2019-02-21,21.299999999999983,44.99999999999998,64.75,0.5840375586854465,1076.4875000000002,37.8176,4.97,3.89,22.912554523273432,0,Normal / No Flood
2019,2,22,1.57,13.56,77.67,1.26,2019-02-22,18.979999999999983,35.38999999999998,59.010000000000005,0.0827186512118019,1053.2052,1.9782,12.44,4.97,26.66261411854687,0,Normal / No Flood
2019,2,23,0.0,11.46,66.76,1.64,2019-02-23,14.009999999999986,35.369999999999976,59.00000000000001,0.0,765.0696000000002,0.0,1.57,12.44,20.951277930828123,0,Normal / No Flood
2019,2,24,0.0,12.31,57.36,1.49,2019-02-24,1.569999999999986,35.26999999999998,59.00000000000001,0.0,706.1016000000001,0.0,0.0,1.57,17.803136430703123,0,Normal / No Flood
2019,2,25,0.0,10.83,57.08,1.29,2019-02-25,0.0,22.869999999999976,59.00000000000001,0.0,618.1764,0.0,0.0,0.0,15.105416913593746,0,Normal / No Flood
2019,2,26,2.69,10.62,61.84,2.06,2019-02-26,2.6899999999999857,21.669999999999977,61.690000000000005,1.000000000000005,656.7408,5.5414,0.0,0.0,9.460721866070312,0,Normal / No Flood
2019,2,27,7.83,6.73,81.03,1.58,2019-02-27,10.519999999999984,24.52999999999998,69.52000000000001,0.7442965779467691,545.3319,12.3714,2.69,0.0,9.26812544375781,0,Normal / No Flood
2019,2,28,0.04,8.12,69.1,1.67,2019-02-28,10.559999999999985,12.129999999999978,57.13,0.0037878787878787,561.0919999999999,0.0668,7.83,2.69,13.17912871775,0,Normal / No Flood
2019,3,1,0.0,10.1,62.94,1.76,2019-03-01,7.869999999999986,10.559999999999976,45.95,0.0,635.694,0.0,0.04,7.83,7.8464772786015615,0,Normal / No Flood
2019,3,2,10.61,10.59,71.88,2.24,2019-03-02,10.649999999999984,21.169999999999977,56.54,0.9962441314554004,761.2091999999999,23.7664,0.0,0.04,6.2416955624999995,0,Normal / No Flood
2019,3,3,6.42,11.6,77.6,1.41,2019-03-03,17.029999999999987,27.589999999999975,62.86000000000001,0.3769817968291253,900.1599999999999,9.0522,10.61,0.0,14.323941228125,0,Normal / No Flood
2019,3,4,6.33,12.29,77.01,1.34,2019-03-04,23.359999999999985,33.91999999999997,56.790000000000006,0.2709760273972604,946.4529,8.4822,6.42,10.61,17.63235004390625,0,Normal / No Flood
2019,3,5,0.44,11.7,74.6,1.4,2019-03-05,13.189999999999984,31.66999999999998,53.34000000000001,0.0333586050037907,872.8199999999999,0.616,6.33,6.42,20.367997537320303,0,Normal / No Flood
2019,3,6,0.0,11.92,68.7,1.63,2019-03-06,6.769999999999986,23.83999999999998,48.370000000000005,0.0,818.904,0.0,0.44,6.33,16.953798394367183,0,Normal / No Flood
2019,3,7,0.02,12.49,62.5,1.7,2019-03-07,0.4599999999999858,23.81999999999998,35.95,0.0434782608695665,780.625,0.034,0.0,0.44,12.277127824156247,0,Normal / No Flood
2019,3,8,0.16,12.17,57.99,1.28,2019-03-08,0.1799999999999857,23.97999999999998,34.540000000000006,0.8888888888889591,705.7383,0.2048,0.02,0.0,10.441659029531248,0,Normal / No Flood
2019,3,9,0.0,13.34,63.63,1.68,2019-03-09,0.1799999999999857,13.369999999999978,34.540000000000006,0.0,848.8242,0.0,0.16,0.02,9.01141017510156,0,Normal / No Flood
2019,3,10,0.0,13.98,58.87,1.48,2019-03-10,0.1599999999999858,6.949999999999979,34.540000000000006,0.0,823.0026,0.0,0.0,0.16,4.768574178171875,0,Normal / No Flood
2019,3,11,9.2,13.52,63.69,2.96,2019-03-11,9.199999999999983,9.81999999999998,43.74,1.0000000000000016,861.0888,27.232,0.0,0.0,2.303898880695312,0,Normal / No Flood
2019,3,12,0.5,14.09,68.3,1.6,2019-03-12,9.699999999999983,9.87999999999998,41.55,0.0515463917525774,962.347,0.8,9.2,0.0,8.05344902509375,0,Normal / No Flood
2019,3,13,0.43,13.69,64.4,1.32,2019-03-13,10.129999999999985,10.30999999999998,34.150000000000006,0.0424481737413623,881.6360000000001,0.5676,0.5,9.2,7.150535840312498,0,Normal / No Flood
2019,3,14,5.61,13.68,67.21,1.47,2019-03-14,6.539999999999986,15.899999999999975,39.720000000000006,0.8577981651376166,919.4328,8.2467,0.43,0.5,6.443455464265624,0,Normal / No Flood
2019,3,15,0.96,13.54,64.34,1.39,2019-03-15,6.999999999999986,16.69999999999998,40.68000000000001,0.1371428571428574,871.1636,1.3343999999999998,5.61,0.43,10.239987334125,0,Normal / No Flood
2019,3,16,0.07,15.62,57.16,1.32,2019-03-16,6.639999999999986,16.76999999999998,30.140000000000008,0.0105421686746988,892.8391999999999,0.0924,0.96,5.61,9.476390749999998,0,Normal / No Flood
2019,3,17,0.93,17.14,57.05,1.5,2019-03-17,1.9599999999999855,17.69999999999998,24.65000000000001,0.4744897959183708,977.837,1.395,0.07,0.96,8.1144321375,0,Normal / No Flood
2019,3,18,0.02,16.73,59.14,1.62,2019-03-18,1.0199999999999858,8.51999999999998,18.340000000000007,0.0196078431372551,989.4122,0.0324,0.93,0.07,7.687767316874998,0,Normal / No Flood
2019,3,19,0.01,17.03,54.85,1.56,2019-03-19,0.9599999999999858,8.02999999999998,17.910000000000007,0.0104166666666668,934.0955,0.0156,0.02,0.93,4.0446893889843745,0,Normal / No Flood
2019,3,20,3.92,17.26,58.61,2.4,2019-03-20,3.949999999999986,11.51999999999998,21.830000000000005,0.9924050632911428,1011.6086,9.408,0.01,0.02,3.3102407181171873,0,Normal / No Flood
2019,3,21,0.47,17.02,57.31,1.47,2019-03-21,4.399999999999986,6.37999999999998,22.280000000000005,0.1068181818181821,975.4162,0.6909,3.92,0.01,6.028533684632812,0,Normal / No Flood
2019,3,22,0.02,16.01,54.64,2.08,2019-03-22,4.409999999999986,5.43999999999998,22.140000000000008,0.0045351473922902,874.7864000000001,0.0416,0.47,3.92,3.9950817864687505,0,Normal / No Flood
2019,3,23,0.0,14.9,56.85,2.37,2019-03-23,0.4899999999999862,5.36999999999998,22.140000000000008,0.0,847.065,0.0,0.02,0.47,3.1512286144609365,0,Normal / No Flood
2019,3,24,0.09,17.14,60.93,1.82,2019-03-24,0.1099999999999862,4.52999999999998,22.230000000000008,0.8181818181819206,1044.3402,0.1638,0.0,0.02,2.6594699855390624,0,Normal / No Flood
2019,3,25,3.34,17.07,61.84,1.18,2019-03-25,3.429999999999986,7.84999999999998,16.370000000000008,0.9737609329446104,1055.6088,3.9412,0.09,0.0,2.083633299421875,0,Normal / No Flood
2019,3,26,0.03,17.86,57.42,2.4,2019-03-26,3.4599999999999858,7.86999999999998,15.900000000000007,0.0086705202312139,1025.5212,0.072,3.34,0.09,4.604638494007812,0,Normal / No Flood
2019,3,27,0.0,18.87,50.28,2.19,2019-03-27,3.369999999999986,3.94999999999998,15.470000000000008,0.0,948.7836,0.0,0.03,3.34,3.93671781465625,0,Normal / No Flood
2019,3,28,0.0,20.88,53.03,1.76,2019-03-28,0.0299999999999862,3.47999999999998,9.860000000000008,0.0,1107.2664,0.0,0.0,0.03,2.2780472843046873,0,Normal / No Flood
2019,3,29,0.0,22.37,51.82,1.99,2019-03-29,0.0,3.4599999999999804,8.900000000000007,0.0,1159.2134,0.0,0.0,0.0,1.8082696448906248,0,Normal / No Flood
2019,3,30,0.0,23.05,42.58,1.39,2019-03-30,0.0,3.4599999999999804,8.830000000000007,0.0,981.469,0.0,0.0,0.0,1.5315793876562498,0,Normal / No Flood
2019,3,31,0.0,21.52,38.58,1.91,2019-03-31,0.0,3.36999999999998,7.900000000000007,0.0,830.2416,0.0,0.0,0.0,1.301842479507812,0,Normal / No Flood
2019,4,1,0.0,20.29,40.88,2.17,2019-04-01,0.0,0.0299999999999804,7.880000000000007,0.0,829.4552,0.0,0.0,0.0,1.0820419603281246,0,Normal / No Flood
2019,4,2,0.0,21.4,38.06,1.93,2019-04-02,0.0,0.0,7.870000000000006,0.0,814.484,0.0,0.0,0.0,0.0096173126484374,0,Normal / No Flood
2019,4,3,0.0,22.2,40.85,2.26,2019-04-03,0.0,0.0,3.950000000000007,0.0,906.87,0.0,0.0,0.0,0.0,0,Normal / No Flood
2019,4,4,0.0,24.17,44.58,2.09,2019-04-04,0.0,0.0,3.480000000000006,0.0,1077.4986,0.0,0.0,0.0,0.0,0,Normal / No Flood
2019,4,5,0.0,24.15,48.52,1.58,2019-04-05,0.0,0.0,3.460000000000007,0.0,1171.758,0.0,0.0,0.0,0.0,0,Normal / No Flood
2019,4,6,0.05,24.31,49.24,1.81,2019-04-06,0.0499999999999862,0.0499999999999804,3.5100000000000073,1.0000000000002751,1197.0244,0.0905,0.0,0.0,0.0,0,Normal / No Flood
2019,4,7,0.01,24.52,40.78,1.71,2019-04-07,0.0599999999999862,0.0599999999999804,3.430000000000007,0.1666666666667049,999.9256,0.0171,0.05,0.0,0.0425,0,Normal / No Flood
2019,4,8,7.98,22.49,45.4,1.33,2019-04-08,8.039999999999987,8.039999999999981,8.070000000000007,0.9925373134328376,1021.046,10.6134,0.01,0.05,0.044625,0,Normal / No Flood
2019,4,9,0.15,23.18,43.19,1.85,2019-04-09,8.139999999999986,8.18999999999998,8.190000000000008,0.0184275184275184,1001.1442,0.2775,7.98,0.01,6.82093125,0,Normal / No Flood
2019,4,10,0.0,24.81,44.7,2.23,2019-04-10,8.129999999999987,8.18999999999998,8.190000000000008,0.0,1109.007,0.0,0.15,7.98,5.925291562499999,0,Normal / No Flood
2019,4,11,0.0,24.34,41.41,2.04,2019-04-11,0.1499999999999866,8.18999999999998,8.190000000000008,0.0,1007.9194,0.0,0.0,0.15,5.0364978281249995,0,Normal / No Flood
2019,4,12,0.0,24.78,43.17,1.77,2019-04-12,0.0,8.18999999999998,8.190000000000008,0.0,1069.7526,0.0,0.0,0.0,4.281023153906249,0,Normal / No Flood
2019,4,13,0.0,23.79,46.96,2.29,2019-04-13,0.0,8.13999999999998,8.190000000000008,0.0,1117.1784,0.0,0.0,0.0,3.638869680820312,0,Normal / No Flood
2019,4,14,0.0,24.58,43.72,2.34,2019-04-14,0.0,8.12999999999998,8.190000000000008,0.0,1074.6375999999998,0.0,0.0,0.0,3.079414702445312,0,Normal / No Flood
2019,4,15,0.0,25.86,40.55,2.14,2019-04-15,0.0,0.1499999999999804,8.190000000000008,0.0,1048.6229999999998,0.0,0.0,0.0,2.6147775918281244,0,Normal / No Flood
2019,4,16,1.9,21.4,59.78,1.7,2019-04-16,1.8999999999999864,1.8999999999999804,10.090000000000009,1.000000000000007,1279.292,3.23,0.0,0.0,0.0480865632421874,0,Normal / No Flood
2019,4,17,14.88,17.08,80.43,2.22,2019-04-17,16.779999999999987,16.77999999999998,24.97000000000001,0.8867699642431474,1373.7444,33.03360000000001,1.9,0.0,1.615,0,Normal / No Flood
2019,4,18,9.01,18.27,61.72,1.45,2019-04-18,25.789999999999985,25.78999999999998,33.98000000000001,0.3493602171384259,1127.6244,13.0645,14.88,1.9,14.02075,0,Normal / No Flood
2019,4,19,0.0,20.54,54.79,1.62,2019-04-19,23.889999999999983,25.78999999999998,33.98000000000001,0.0,1125.3866,0.0,9.01,14.88,19.5761375,0,Normal / No Flood
2019,4,20,0.0,22.27,49.8,1.67,2019-04-20,9.009999999999986,25.78999999999998,33.930000000000014,0.0,1109.0459999999998,0.0,0.0,9.01,16.639716874999998,0,Normal / No Flood
2019,4,21,0.0,23.98,46.13,2.08,2019-04-21,0.0,25.78999999999998,33.92000000000001,0.0,1106.1974,0.0,0.0,0.0,14.143759343749997,0,Normal / No Flood
2019,4,22,0.0,25.27,44.5,2.44,2019-04-22,0.0,25.78999999999998,25.940000000000012,0.0,1124.515,0.0,0.0,0.0,12.0221954421875,0,Normal / No Flood
2019,4,23,0.0,27.32,39.66,2.36,2019-04-23,0.0,23.889999999999983,25.790000000000006,0.0,1083.5112,0.0,0.0,0.0,10.218866125859376,0,Normal / No Flood
2019,4,24,0.87,27.69,39.89,2.06,2019-04-24,0.8699999999999858,9.87999999999998,26.660000000000007,1.0000000000000164,1104.5541,1.7922,0.0,0.0,8.168304209406248,0,Normal / No Flood
2019,4,25,1.26,27.51,37.85,1.72,2019-04-25,2.1299999999999857,2.1299999999999804,27.92000000000001,0.5915492957746519,1041.2535,2.1672,0.87,0.0,3.6278995654140616,0,Normal / No Flood
2019,4,26,0.7,27.15,38.81,2.38,2019-04-26,2.829999999999986,2.8299999999999805,28.620000000000008,0.247349823321556,1053.6915,1.666,1.26,0.87,1.6995749999999998,0,Normal / No Flood
2019,4,27,0.0,26.24,32.99,3.33,2019-04-27,1.9599999999999855,2.8299999999999805,28.620000000000008,0.0,865.6576,0.0,0.7,1.26,2.03963875,0,Normal / No Flood
2019,4,28,0.0,25.95,30.16,3.0,2019-04-28,0.699999999999986,2.8299999999999805,28.620000000000008,0.0,782.6519999999999,0.0,0.0,0.7,1.7336929375,0,Normal / No Flood
2019,4,29,0.0,26.88,25.42,2.28,2019-04-29,0.0,2.8299999999999805,28.620000000000008,0.0,683.2896000000001,0.0,0.0,0.0,1.4736389968749997,0,Normal / No Flood
2019,4,30,1.3,28.17,26.99,1.93,2019-04-30,1.299999999999986,4.12999999999998,28.02000000000001,1.0000000000000109,760.3083,2.509,0.0,0.0,1.2525931473437495,0,Normal / No Flood
2019,5,1,5.05,27.35,37.94,2.67,2019-05-01,6.349999999999985,8.309999999999981,18.190000000000005,0.7952755905511829,1037.659,13.4835,1.3,0.0,2.1697041752421873,0,Normal / No Flood
2019,5,2,2.58,26.92,36.04,2.0,2019-05-02,8.929999999999986,9.62999999999998,11.760000000000009,0.2889137737961931,970.1968,5.16,5.05,1.3,5.899681792171875,0,Normal / No Flood
2019,5,3,0.82,25.14,36.62,2.16,2019-05-03,8.449999999999987,9.74999999999998,12.580000000000007,0.0970414201183433,920.6268,1.7712,2.58,5.05,6.864391461796874,0,Normal / No Flood
2019,5,4,0.0,24.99,30.34,2.3,2019-05-04,3.3999999999999866,9.74999999999998,12.580000000000007,0.0,758.1966,0.0,0.82,2.58,6.3409893749999995,0,Normal / No Flood
2019,5,5,0.04,25.44,27.31,2.71,2019-05-05,0.8599999999999867,9.78999999999998,12.620000000000006,0.0465116279069774,694.7664,0.1084,0.0,0.82,5.389840968749999,0,Normal / No Flood
2019,5,6,0.01,26.66,24.05,2.64,2019-05-06,0.0499999999999866,9.79999999999998,12.630000000000006,0.2000000000000532,641.173,0.0264,0.04,0.0,4.6153648234375,0,Normal / No Flood
2019,5,7,0.0,27.36,25.38,2.45,2019-05-07,0.0499999999999866,8.49999999999998,12.630000000000006,0.0,694.3968,0.0,0.01,0.04,3.931560099921874,0,Normal / No Flood
2019,5,8,0.0,28.03,25.15,2.76,2019-05-08,0.0099999999999866,3.4499999999999806,11.760000000000009,0.0,704.9544999999999,0.0,0.0,0.01,2.9875884023828116,0,Normal / No Flood
2019,5,9,0.0,28.91,26.31,2.95,2019-05-09,0.0,0.8699999999999805,10.500000000000009,0.0,760.6220999999999,0.0,0.0,0.0,1.1633729905781247,0,Normal / No Flood
2019,5,10,1.72,29.33,34.44,2.01,2019-05-10,1.7199999999999869,1.7699999999999805,11.520000000000008,1.0000000000000078,1010.1251999999998,3.4571999999999994,0.0,0.0,0.2858414873906249,0,Normal / No Flood
2019,5,11,1.21,27.38,41.67,1.68,2019-05-11,2.9299999999999864,2.9799999999999804,12.730000000000008,0.4129692832764524,1140.9246,2.0328,1.72,0.0,1.48152303375,0,Normal / No Flood
2019,5,12,0.29,27.27,38.43,2.19,2019-05-12,3.2199999999999864,3.2299999999999804,13.020000000000008,0.0900621118012426,1047.9861,0.6350999999999999,1.21,1.72,2.2877945786875,0,Normal / No Flood
2019,5,13,2.38,28.07,37.66,1.84,2019-05-13,3.8799999999999866,5.59999999999998,15.400000000000006,0.6134020618556723,1057.1162,4.3792,0.29,1.21,2.1802257708828123,0,Normal / No Flood
2019,5,14,3.55,25.75,47.13,1.52,2019-05-14,6.219999999999986,9.14999999999998,17.650000000000006,0.5707395498392295,1213.5975,5.396,2.38,0.29,3.873467,0,Normal / No Flood
2019,5,15,1.19,27.03,40.09,1.51,2019-05-15,7.119999999999987,10.33999999999998,13.790000000000006,0.1671348314606744,1083.6327,1.7969,3.55,2.38,6.30994695,0,Normal / No Flood
2019,5,16,1.76,26.67,44.19,2.13,2019-05-16,6.499999999999987,12.09999999999998,12.970000000000006,0.2707692307692313,1178.5473,3.7488,1.19,3.55,6.374954907499999,0,Normal / No Flood
2019,5,17,6.9,25.6,49.98,1.77,2019-05-17,9.849999999999987,17.27999999999998,19.050000000000008,0.700507614213199,1279.488,12.213,1.76,1.19,6.914711671374999,0,Normal / No Flood
2019,5,18,0.75,24.92,48.81,1.78,2019-05-18,9.409999999999988,16.81999999999998,19.800000000000008,0.0797024442082891,1216.3452000000002,1.335,6.9,1.76,11.273821217601562,0,Normal / No Flood
2019,5,19,0.0,26.65,40.83,2.45,2019-05-19,7.649999999999987,16.52999999999998,19.76000000000001,0.0,1088.1194999999998,0.0,0.75,6.9,9.89053449966406,0,Normal / No Flood
2019,5,20,0.0,27.61,35.53,2.43,2019-05-20,0.7499999999999867,14.14999999999998,19.750000000000007,0.0,980.9833,0.0,0.0,0.75,8.327932072453125,0,Normal / No Flood
2019,5,21,0.0,28.36,30.77,2.07,2019-05-21,0.0,10.59999999999998,19.750000000000007,0.0,872.6372,0.0,0.0,0.0,6.430214811992186,0,Normal / No Flood
2019,5,22,0.0,29.66,29.51,2.07,2019-05-22,0.0,9.40999999999998,19.750000000000007,0.0,875.2666,0.0,0.0,0.0,4.498341226304687,0,Normal / No Flood
2019,5,23,3.39,29.21,39.87,2.0,2019-05-23,3.389999999999987,11.03999999999998,23.140000000000008,1.000000000000004,1164.6027,6.78,0.0,0.0,3.4993263175624993,0,Normal / No Flood
2019,5,24,4.49,26.38,54.77,2.09,2019-05-24,7.879999999999987,8.629999999999981,25.910000000000007,0.5697969543147218,1444.8326,9.3841,3.39,0.0,5.3763440458593745,0,Normal / No Flood
2019,5,25,0.23,25.74,46.7,2.3,2019-05-25,8.109999999999987,8.109999999999982,24.930000000000007,0.0283600493218249,1202.058,0.529,4.49,3.39,6.506207816210937,0,Normal / No Flood
2019,5,26,0.06,27.85,36.0,2.28,2019-05-26,4.779999999999986,8.16999999999998,24.700000000000006,0.0125523012552301,1002.6,0.1367999999999999,0.23,4.49,5.521408749999999,0,Normal / No Flood
2019,5,27,0.01,28.71,27.92,2.43,2019-05-27,0.2999999999999858,8.179999999999982,22.33000000000001,0.0333333333333349,801.5832,0.0243,0.06,0.23,4.7441974375,0,Normal / No Flood
2019,5,28,0.0,29.07,22.85,2.5,2019-05-28,0.0699999999999857,8.179999999999982,18.78000000000001,0.0,664.2495,0.0,0.01,0.06,4.041067821874999,0,Normal / No Flood
2019,5,29,0.0,30.81,22.46,2.61,2019-05-29,0.0099999999999857,8.179999999999982,17.590000000000007,0.0,691.9926,0.0,0.0,0.01,3.4349076485937498,0,Normal / No Flood
2019,5,30,0.0,31.84,23.17,2.58,2019-05-30,0.0,4.7899999999999805,15.830000000000007,0.0,737.7328,0.0,0.0,0.0,2.919671501304687,0,Normal / No Flood
2019,5,31,0.0,32.74,20.5,2.34,2019-05-31,0.0,0.2999999999999804,8.930000000000007,0.0,671.1700000000001,0.0,0.0,0.0,1.5579778962265622,0,Normal / No Flood
2019,6,1,0.06,33.95,19.55,1.94,2019-06-01,0.0599999999999857,0.1299999999999804,8.240000000000006,1.000000000000237,663.7225000000001,0.1163999999999999,0.0,0.0,0.1007987543671874,0,Normal / No Flood
2019,6,2,1.38,32.47,24.8,2.6,2019-06-02,1.4399999999999855,1.4499999999999804,9.620000000000006,0.9583333333333428,805.256,3.5879999999999996,0.06,0.0,0.0740061204531249,0,Normal / No Flood
2019,6,3,3.36,32.0,26.28,2.29,2019-06-03,4.799999999999986,4.79999999999998,12.980000000000008,0.7000000000000021,840.96,7.6944,1.38,0.06,1.2195557708828124,0,Normal / No Flood
2019,6,4,0.67,30.98,28.44,2.07,2019-06-04,5.409999999999986,5.46999999999998,13.650000000000007,0.1238447319778191,881.0712000000001,1.3869,3.36,1.38,3.8898975,0,Normal / No Flood
2019,6,5,0.01,32.59,21.65,1.9,2019-06-05,4.039999999999985,5.47999999999998,13.660000000000004,0.0024752475247524,705.5735000000001,0.019,0.67,3.36,3.875912875,0,Normal / No Flood
2019,6,6,0.56,33.01,24.98,1.26,2019-06-06,1.239999999999986,6.0399999999999805,10.830000000000007,0.4516129032258116,824.5898,0.7056000000000001,0.01,0.67,3.3030259437499994,0,Normal / No Flood
2019,6,7,0.25,30.98,27.57,2.01,2019-06-07,0.8199999999999859,6.2899999999999805,6.590000000000007,0.304878048780493,854.1186,0.5025,0.56,0.01,3.283572052187499,0,Normal / No Flood
2019,6,8,0.03,32.03,22.97,2.48,2019-06-08,0.8399999999999859,6.259999999999981,6.390000000000007,0.0357142857142863,735.7291,0.0744,0.25,0.56,3.003536244359375,0,Normal / No Flood
2019,6,9,0.0,32.67,22.27,2.88,2019-06-09,0.2799999999999858,4.879999999999981,6.330000000000007,0.0,727.5609000000001,0.0,0.03,0.25,2.562156376203124,0,Normal / No Flood
2019,6,10,0.0,33.45,19.22,2.57,2019-06-10,0.0299999999999857,1.5199999999999805,6.320000000000007,0.0,642.909,0.0,0.0,0.03,1.8017959952187497,0,Normal / No Flood
2019,6,11,0.88,35.12,18.47,1.99,2019-06-11,0.8799999999999858,1.7299999999999804,7.200000000000007,1.0000000000000162,648.6664,1.7512,0.0,0.0,0.6159584318046875,0,Normal / No Flood
2019,6,12,12.0,31.82,35.29,2.4,2019-06-12,12.879999999999988,13.71999999999998,19.200000000000006,0.9316770186335414,1122.9278,28.799999999999997,0.88,0.0,1.0889960152578126,0,Normal / No Flood
2019,6,13,0.14,31.19,34.19,2.16,2019-06-13,13.019999999999987,13.29999999999998,19.340000000000007,0.010752688172043,1066.3861,0.3024,12.0,0.88,11.12292170771875,0,Normal / No Flood
2019,6,14,0.0,31.52,19.61,2.26,2019-06-14,12.139999999999986,13.04999999999998,19.340000000000007,0.0,618.1071999999999,0.0,0.14,12.0,9.42088875753906,0,Normal / No Flood
2019,6,15,0.0,32.18,21.73,2.47,2019-06-15,0.1399999999999858,13.019999999999982,19.28000000000001,0.0,699.2714,0.0,0.0,0.14,7.939632812648435,0,Normal / No Flood
2019,6,16,0.23,30.58,38.67,3.07,2019-06-16,0.2299999999999858,13.24999999999998,18.13000000000001,1.0000000000000615,1182.5286,0.7061,0.0,0.0,6.7405131749999985,0,Normal / No Flood
2019,6,17,8.61,29.97,45.01,2.64,2019-06-17,8.839999999999986,21.859999999999975,23.380000000000003,0.9739819004524902,1348.9497,22.7304,0.23,0.0,5.924936198749999,0,Normal / No Flood
2019,6,18,7.67,26.31,58.03,2.25,2019-06-18,16.509999999999984,28.64999999999998,30.38000000000001,0.4645669291338587,1526.7693,17.2575,8.61,0.23,12.354695768937498,0,Normal / No Flood
2019,6,19,0.23,28.4,46.66,1.9,2019-06-19,16.509999999999984,16.879999999999978,30.600000000000005,0.0139309509388249,1325.1439999999998,0.437,7.67,8.61,16.7811997415625,0,Normal / No Flood
2019,6,20,2.69,27.91,50.12,1.76,2019-06-20,10.589999999999986,19.42999999999998,32.730000000000004,0.2540132200188861,1398.8492,4.7344,0.23,7.67,11.189633479859374,0,Normal / No Flood
2019,6,21,0.45,29.73,42.74,1.94,2019-06-21,3.369999999999986,19.87999999999998,32.93000000000001,0.1335311572700302,1270.6602,0.873,2.69,0.23,11.759539784375,0,Normal / No Flood
2019,6,22,0.32,31.12,35.77,1.74,2019-06-22,3.4599999999999858,20.19999999999998,33.220000000000006,0.0924855491329483,1113.1624000000002,0.5568,0.45,2.69,10.378108816718749,0,Normal / No Flood
2019,6,23,0.56,30.49,40.01,2.19,2019-06-23,1.329999999999986,20.52999999999998,33.78,0.4210526315789519,1219.9048999999998,1.2264000000000002,0.32,0.45,9.093392494210937,0,Normal / No Flood
2019,6,24,10.09,29.03,55.3,2.07,2019-06-24,10.969999999999986,22.00999999999998,43.870000000000005,0.919781221513219,1605.359,20.8863,0.56,0.32,8.14271079932031,0,Normal / No Flood
2019,6,25,5.51,27.8,66.9,1.5,2019-06-25,16.159999999999986,19.84999999999998,48.5,0.3409653465346537,1859.82,8.265,10.09,0.56,13.151660758835936,0,Normal / No Flood
2019,6,26,0.06,30.8,42.82,2.57,2019-06-26,15.659999999999986,19.67999999999998,36.56,0.003831417624521,1318.856,0.1541999999999999,5.51,10.09,13.772409317960935,0,Normal / No Flood
2019,6,27,0.85,31.27,39.22,2.76,2019-06-27,6.419999999999986,17.839999999999982,37.27000000000001,0.1323987538940813,1226.4094,2.3459999999999996,0.06,5.51,11.694875099507811,0,Normal / No Flood
2019,6,28,0.04,31.41,37.82,2.63,2019-06-28,0.9499999999999856,17.42999999999998,37.31000000000001,0.0421052631578953,1187.9262,0.1052,0.85,0.06,9.930144322226562,0,Normal / No Flood
2019,6,29,0.04,32.47,36.75,2.24,2019-06-29,0.9299999999999856,17.149999999999977,37.35000000000001,0.0430107526881727,1193.2725,0.0896,0.04,0.85,8.352001937624998,0,Normal / No Flood
2019,6,30,2.2,32.92,37.13,1.71,2019-06-30,2.279999999999986,18.78999999999998,39.32000000000001,0.9649122807017604,1222.3196,3.762,0.04,0.04,7.04600467896875,0,Normal / No Flood
2019,7,1,0.63,32.48,37.14,1.86,2019-07-01,2.869999999999986,9.32999999999998,31.340000000000003,0.2195121951219523,1206.3072,1.1718000000000002,2.2,0.04,7.70650928310156,0,Normal / No Flood
2019,7,2,0.0,32.92,33.75,1.84,2019-07-02,2.829999999999986,3.81999999999998,23.670000000000005,0.0,1111.05,0.0,0.63,2.2,4.336603492992186,0,Normal / No Flood
2019,7,3,3.45,32.4,38.53,1.87,2019-07-03,4.079999999999986,7.20999999999998,26.890000000000008,0.8455882352941206,1248.372,6.451500000000001,0.0,0.63,2.1846901760781248,0,Normal / No Flood
2019,7,4,13.42,30.01,57.8,1.59,2019-07-04,16.869999999999987,19.77999999999998,37.620000000000005,0.7954949614700658,1734.578,21.3378,3.45,0.0,4.773137218164062,0,Normal / No Flood
2019,7,5,2.58,30.96,50.55,1.81,2019-07-05,19.449999999999985,22.319999999999983,39.75000000000001,0.1326478149100258,1565.028,4.6698,13.42,3.45,15.23254968915625,0,Normal / No Flood
2019,7,6,5.94,30.07,56.19,1.76,2019-07-06,21.939999999999987,28.21999999999998,45.370000000000005,0.2707383773928898,1689.6333,10.4544,2.58,13.42,15.129767614781247,0,Normal / No Flood
2019,7,7,9.2,28.83,65.07,1.72,2019-07-07,17.719999999999985,35.219999999999985,54.010000000000005,0.5191873589164789,1875.9680999999996,15.823999999999998,5.94,2.58,17.898402851562498,0,Normal / No Flood
2019,7,8,2.77,30.7,55.81,1.55,2019-07-08,17.909999999999986,37.35999999999998,46.690000000000005,0.1546621998883306,1713.367,4.2935,9.2,5.94,22.434163268742186,0,Normal / No Flood
2019,7,9,20.46,28.43,68.96,2.0,2019-07-09,32.429999999999986,57.81999999999998,61.64000000000001,0.6308973172987977,1960.5327999999995,40.92,2.77,9.2,21.251869747656244,0,Normal / No Flood
2019,7,10,10.8,28.82,61.59,1.7,2019-07-10,34.02999999999999,65.16999999999999,72.38000000000001,0.3173670290919778,1775.0238000000002,18.36,20.46,2.77,35.4550892855078,0,Normal / No Flood
2019,7,11,14.89,29.36,57.56,1.63,2019-07-11,46.14999999999999,66.63999999999999,86.42000000000002,0.3226435536294691,1689.9616,24.2707,10.8,20.46,38.376733581296875,0,Normal / No Flood
2019,7,12,7.06,29.06,61.53,1.83,2019-07-12,32.749999999999986,71.11999999999999,93.44,0.2155725190839695,1788.0618,12.9198,14.89,10.8,41.61990069807812,0,Normal / No Flood
2019,7,13,16.45,28.1,67.37,1.82,2019-07-13,38.399999999999984,81.62999999999998,109.85,0.4283854166666668,1893.097,29.939,7.06,14.89,40.67489003876562,0,Normal / No Flood
2019,7,14,31.7,25.86,78.07,1.86,2019-07-14,55.20999999999998,104.12999999999998,139.35000000000002,0.574171345770694,2018.8902,58.962,16.45,7.06,46.937562814218744,0,Normal / No Flood
2019,7,15,25.73,25.09,79.66,1.38,2019-07-15,73.87999999999998,127.09,164.45000000000002,0.3482674607471576,1998.6694,35.5074,31.7,16.45,64.33501556172655,1,Historical Disaster Record; 7-Day Antecedent Saturation (127.1mm)
2019,7,16,17.26,25.07,77.6,1.32,2019-07-16,74.68999999999998,123.89,181.71,0.2310884991297363,1945.432,22.783200000000004,25.73,31.7,75.80046447310937,0,Normal / No Flood
2019,7,17,4.3,24.82,78.82,1.32,2019-07-17,47.289999999999985,117.39,182.56,0.0909283146542609,1956.3124,5.676,17.26,25.73,73.52623865984374,0,Normal / No Flood
2019,7,18,1.69,26.02,75.73,1.03,2019-07-18,23.249999999999982,104.18999999999998,170.83,0.0726881720430108,1970.4946,1.7407,4.3,17.26,63.20940519044531,0,Normal / No Flood
2019,7,19,2.82,26.28,76.96,1.78,2019-07-19,8.809999999999985,99.94999999999996,171.07,0.3200908059023842,2022.5088,5.0196,1.69,4.3,51.10711049404687,0,Normal / No Flood
2019,7,20,3.69,26.72,75.24,1.68,2019-07-20,8.199999999999985,87.18999999999997,168.82,0.4500000000000008,2010.4128,6.199199999999999,2.82,1.69,43.914260813164056,0,Normal / No Flood
2019,7,21,1.32,27.06,73.08,1.57,2019-07-21,7.829999999999986,56.80999999999999,160.94,0.1685823754789275,1977.5448,2.0724,3.69,2.82,35.98115255429687,0,Normal / No Flood
2019,7,22,0.17,27.57,71.47,1.54,2019-07-22,5.1799999999999855,31.249999999999982,158.34,0.0328185328185329,1970.4279,0.2618,1.32,3.69,23.06803002741406,0,Normal / No Flood
2019,7,23,0.2,28.38,69.13,1.72,2019-07-23,1.689999999999986,14.189999999999982,138.07999999999998,0.1183431952662731,1961.9094,0.344,0.17,1.32,12.741144314046874,0,Normal / No Flood
2019,7,24,3.27,28.56,67.8,1.84,2019-07-24,3.639999999999986,13.159999999999982,130.55,0.8983516483516518,1936.368,6.0168,0.2,0.17,6.296786204765624,0,Normal / No Flood
2019,7,25,9.47,26.04,79.42,1.67,2019-07-25,12.939999999999989,20.939999999999984,125.13,0.7318392581143748,2068.0968,15.8149,3.27,0.2,6.960059016382812,0,Normal / No Flood
2019,7,26,26.66,25.28,83.54,1.31,2019-07-26,39.39999999999999,44.77999999999998,144.73000000000002,0.6766497461928935,2111.8912,34.9246,9.47,3.27,13.505041176609376,0,Normal / No Flood
2019,7,27,22.71,24.96,85.44,2.06,2019-07-27,58.83999999999999,63.79999999999998,150.99,0.3859619306594155,2132.5824,46.7826,26.66,9.47,33.371861719507805,0,Normal / No Flood
2019,7,28,1.14,26.55,78.33,1.49,2019-07-28,50.509999999999984,63.61999999999998,120.43,0.0225697881607602,2079.6615,1.6986,22.71,26.66,46.664092424187494,0,Normal / No Flood
2019,7,29,3.2,26.56,81.16,1.23,2019-07-29,27.049999999999983,66.64999999999998,97.9,0.1182994454713494,2155.6096,3.936,1.14,22.71,40.27379106750781,0,Normal / No Flood
2019,7,30,2.82,26.15,81.06,1.68,2019-07-30,7.159999999999986,69.26999999999998,83.46000000000001,0.3938547486033527,2119.719,4.7376,3.2,1.14,36.90639901812499,0,Normal / No Flood
2019,7,31,7.41,25.2,84.71,1.7,2019-07-31,13.429999999999986,73.40999999999998,86.57000000000001,0.5517498138495911,2134.692,12.597,2.82,3.2,33.71294106039843,0,Normal / No Flood
2019,8,1,13.85,25.2,87.93,1.93,2019-08-01,24.079999999999988,77.78999999999998,98.73000000000002,0.5751661129568109,2215.836,26.7305,7.41,2.82,34.063455884460936,0,Normal / No Flood
2019,8,2,14.02,25.93,83.09,1.33,2019-08-02,35.27999999999999,65.14999999999998,109.93,0.3973922902494332,2154.5237,18.6466,13.85,7.41,38.14595222967187,0,Normal / No Flood
2019,8,3,6.01,25.44,82.99,1.21,2019-08-03,33.87999999999999,48.449999999999974,112.25,0.1773907910271547,2111.2656,7.272099999999999,14.02,13.85,37.07646199767969,0,Normal / No Flood
2019,8,4,15.93,26.44,78.07,1.63,2019-08-04,35.95999999999999,63.23999999999998,126.86,0.4429922135706342,2064.1708,25.9659,6.01,14.02,30.435232874390625,0,Normal / No Flood
2019,8,5,4.87,26.59,81.31,1.47,2019-08-05,26.809999999999988,64.90999999999997,131.56,0.1816486385676987,2162.0329,7.1589,15.93,6.01,39.0998087446875,0,Normal / No Flood
2019,8,6,13.45,26.51,80.82,1.13,2019-08-06,34.249999999999986,75.53999999999998,144.81,0.3927007299270074,2142.5382,15.198499999999996,4.87,15.93,36.50236775285937,0,Normal / No Flood
2019,8,7,8.31,25.65,80.0,1.21,2019-08-07,26.62999999999999,76.43999999999997,149.85000000000002,0.3120540743522345,2052.0,10.0551,13.45,4.87,41.69108930932031,0,Normal / No Flood
2019,8,8,2.18,26.38,71.78,0.99,2019-08-08,23.939999999999987,64.76999999999998,142.56,0.0910609857978279,1893.5564,2.1582000000000003,8.31,13.45,40.48177112238281,0,Normal / No Flood
2019,8,9,7.89,25.57,82.4,1.29,2019-08-09,18.37999999999999,58.63999999999998,123.79,0.4292709466811754,2106.9680000000003,10.1781,2.18,8.31,32.488511682234375,0,Normal / No Flood
2019,8,10,1.85,25.64,85.42,1.05,2019-08-10,11.919999999999986,54.47999999999998,102.93,0.1552013422818794,2190.1688,1.9425,7.89,2.18,30.50141776885156,0,Normal / No Flood
2019,8,11,11.6,25.82,85.65,1.12,2019-08-11,21.339999999999986,50.149999999999984,113.39,0.5435801312089975,2211.483,12.992,1.85,7.89,25.86103704803906,0,Normal / No Flood
2019,8,12,5.22,25.79,86.39,1.74,2019-08-12,18.669999999999984,50.49999999999998,115.41,0.2795929298339584,2227.9981,9.0828,11.6,1.85,27.501107426960935,0,Normal / No Flood
2019,8,13,16.9,25.88,87.11,1.38,2019-08-13,33.719999999999985,53.94999999999998,129.49,0.5011862396204035,2254.4067999999997,23.321999999999996,5.22,11.6,26.485912455976557,0,Normal / No Flood
2019,8,14,6.24,25.49,84.33,1.24,2019-08-14,28.359999999999985,51.87999999999998,128.32,0.220028208744711,2149.5717,7.7376,16.9,5.22,33.21302802580468,0,Normal / No Flood
2019,8,15,4.37,25.0,88.21,1.21,2019-08-15,27.509999999999984,54.06999999999998,118.84,0.1588513267902581,2205.25,5.2877,6.24,16.9,31.27067755885937,0,Normal / No Flood
2019,8,16,23.0,24.38,89.17,1.38,2019-08-16,33.609999999999985,69.17999999999998,127.82,0.6843201428146388,2173.9646,31.74,4.37,6.24,29.700546580445305,0,Normal / No Flood
2019,8,17,52.49,24.39,87.24,1.22,2019-08-17,79.85999999999999,119.81999999999996,174.3,0.6572752316553971,2127.7836,64.0378,23.0,4.37,42.645514350820314,1,Historical Disaster Record; 3-Day Saturated Runoff (79.9mm)
2019,8,18,73.07,23.41,92.42,2.92,2019-08-18,148.55999999999997,181.28999999999996,231.44,0.4918551427032849,2163.5522,213.36439999999996,52.49,23.0,80.361079726875,1,Historical Disaster Record; IMD Heavy Rain (73.1mm); 3-Day Saturated Runoff (148.6mm); 7-Day Antecedent Saturation (181.3mm)
2019,8,19,4.51,24.93,84.31,1.09,2019-08-19,130.06999999999996,180.57999999999996,231.08,0.034673637272238,2101.8483,4.9159,73.07,52.49,127.25552767739065,1,Historical Disaster Record
2019,8,20,0.04,24.26,84.71,1.98,2019-08-20,77.61999999999998,163.71999999999997,217.67,0.0005153311002318,2055.0646,0.0792,4.51,73.07,110.5782979850781,0,Normal / No Flood
2019,8,21,2.24,24.37,77.77,1.83,2019-08-21,6.789999999999986,159.71999999999997,211.6,0.3298969072164955,1895.2549,4.099200000000001,0.04,4.51,89.42046341415623,0,Normal / No Flood
2019,8,22,0.16,24.95,72.68,1.05,2019-08-22,2.439999999999986,155.50999999999996,209.58,0.0655737704918036,1813.366,0.168,2.24,0.04,76.21105302578906,0,Normal / No Flood
2019,8,23,9.63,25.7,76.21,1.14,2019-08-23,12.029999999999989,142.14,211.32,0.800498753117208,1958.597,10.9782,0.16,2.24,63.72461147749999,0,Normal / No Flood
2019,8,24,9.93,25.67,78.98,1.08,2019-08-24,19.719999999999985,99.57999999999996,219.4,0.5035496957403655,2027.4166,10.7244,9.63,0.16,56.08413767997655,0,Normal / No Flood
2019,8,25,5.0,24.27,86.89,1.21,2019-08-25,24.559999999999988,31.50999999999997,212.8,0.2035830618892509,2108.8203,6.05,9.93,9.63,41.80898936867968,0,Normal / No Flood
2019,8,26,3.69,25.36,79.42,1.12,2019-08-26,18.619999999999987,30.689999999999973,211.27,0.1981740064446832,2014.0912,4.1328000000000005,5.0,9.93,19.876758298773435,0,Normal / No Flood
2019,8,27,0.08,25.95,80.09,1.02,2019-08-27,8.769999999999985,30.729999999999972,194.45,0.0091220068415051,2078.3355,0.0816,3.69,5.0,18.802812286031248,0,Normal / No Flood
2019,8,28,0.09,26.66,77.75,1.25,2019-08-28,3.8599999999999857,28.579999999999973,188.3,0.0233160621761658,2072.815,0.1124999999999999,0.08,3.69,16.039490822124996,0,Normal / No Flood
2019,8,29,3.93,26.3,82.83,1.15,2019-08-29,4.099999999999985,32.34999999999997,187.86,0.9585365853658572,2178.429,4.5195,0.09,0.08,13.099688422718748,0,Normal / No Flood
2019,8,30,2.29,25.51,87.02,1.44,2019-08-30,6.309999999999986,25.00999999999997,167.15,0.362916006339145,2219.8802,3.2976,3.93,0.09,14.431636675304686,0,Normal / No Flood
2019,8,31,5.28,25.53,86.25,1.61,2019-08-31,11.499999999999986,20.35999999999997,119.94,0.4591304347826093,2201.9625,8.500800000000002,2.29,3.93,11.58930741788281,0,Normal / No Flood
2019,9,1,9.38,25.18,85.27,1.15,2019-09-01,16.94999999999999,24.739999999999977,56.250000000000014,0.5533923303834812,2147.0986,10.787,5.28,2.29,11.6330803915625,0,Normal / No Flood
2019,9,2,3.48,25.42,87.07,1.5,2019-09-02,18.139999999999983,24.529999999999973,55.22000000000001,0.1918412348401324,2213.3194,5.22,9.38,5.28,16.498665707632814,0,Normal / No Flood
2019,9,3,4.77,25.19,86.5,1.46,2019-09-03,17.62999999999999,29.219999999999978,59.95000000000002,0.2705615428247307,2178.935,6.964199999999999,3.48,9.38,15.97637581409375,0,Normal / No Flood
2019,9,4,12.87,25.33,84.7,1.27,2019-09-04,21.119999999999983,41.99999999999997,70.58000000000001,0.6093750000000004,2145.451,16.3449,4.77,3.48,17.612620199976558,0,Normal / No Flood
2019,9,5,8.57,25.21,86.99,1.19,2019-09-05,26.209999999999987,46.63999999999997,78.99000000000002,0.3269744372376957,2193.0179,10.1983,12.87,4.77,25.88570302272656,0,Normal / No Flood
2019,9,6,3.36,25.39,86.34,1.28,2019-09-06,24.799999999999983,47.70999999999997,72.72000000000001,0.135483870967742,2192.1726000000003,4.3008,8.57,12.87,28.216459805914063,0,Normal / No Flood
2019,9,7,1.15,25.3,86.17,1.27,2019-09-07,13.079999999999986,43.57999999999997,63.94000000000001,0.0879204892966361,2180.101,1.4605,3.36,8.57,26.2159875326875,0,Normal / No Flood
2019,9,8,0.27,24.81,81.62,1.37,2019-09-08,4.779999999999985,34.46999999999997,59.210000000000015,0.0564853556485357,2024.9922,0.3699,1.15,3.36,21.82233943057813,0,Normal / No Flood
2019,9,9,0.0,24.75,80.46,1.73,2019-09-09,1.4199999999999855,30.98999999999997,55.52000000000001,0.0,1991.385,0.0,0.27,1.15,16.222527391125,0,Normal / No Flood
2019,9,10,0.16,24.54,78.67,1.7,2019-09-10,0.4299999999999858,26.37999999999997,55.600000000000016,0.3720930232558262,1930.5618,0.272,0.0,0.27,12.84088125532031,0,Normal / No Flood
2019,9,11,1.52,25.56,77.14,1.33,2019-09-11,1.679999999999986,15.029999999999973,57.030000000000015,0.9047619047619124,1971.6984,2.0216000000000003,0.16,0.0,9.750969262585937,0,Normal / No Flood
2019,9,12,0.63,25.56,77.45,1.26,2019-09-12,2.309999999999986,7.089999999999971,53.73000000000002,0.2727272727272744,1979.622,0.7938000000000001,1.52,0.16,6.073370815945312,0,Normal / No Flood
2019,9,13,0.23,25.66,78.33,0.99,2019-09-13,2.3799999999999857,3.959999999999971,51.67000000000001,0.0966386554621854,2009.9478,0.2277,0.63,1.52,3.362621393968749,0,Normal / No Flood
2019,9,14,1.03,25.46,78.04,1.34,2019-09-14,1.889999999999986,3.839999999999971,47.420000000000016,0.544973544973549,1986.8984000000005,1.3802,0.23,0.63,2.1381600207421876,0,Normal / No Flood
2019,9,15,1.55,24.34,82.02,1.46,2019-09-15,2.8099999999999863,5.119999999999972,39.59000000000001,0.5516014234875471,1996.3668,2.263,1.03,0.23,2.3795719138359375,0,Normal / No Flood
2019,9,16,0.09,24.32,77.41,1.7,2019-09-16,2.669999999999986,5.2099999999999715,36.20000000000002,0.0337078651685395,1882.6112,0.153,1.55,1.03,3.2665636849999995,0,Normal / No Flood
2019,9,17,0.07,24.3,68.12,1.47,2019-09-17,1.709999999999986,5.119999999999972,31.500000000000018,0.0409356725146202,1655.3160000000005,0.1029,0.09,1.55,2.8530791322499995,0,Normal / No Flood
2019,9,18,0.5,23.67,70.73,1.31,2019-09-18,0.659999999999986,4.099999999999972,19.130000000000017,0.7575757575757736,1674.1791000000003,0.655,0.07,0.09,2.44101877840625,0,Normal / No Flood
2019,9,19,0.84,22.69,83.04,1.38,2019-09-19,1.409999999999986,4.309999999999972,11.400000000000016,0.5957446808510698,1884.1776,1.1591999999999998,0.5,0.07,2.0856803635859373,0,Normal / No Flood
2019,9,20,1.71,23.25,81.53,1.23,2019-09-20,3.0499999999999856,5.7899999999999725,9.750000000000014,0.5606557377049207,1895.5725,2.1033,0.84,0.5,2.315159278273437,0,Normal / No Flood
2019,9,21,2.69,23.97,74.47,1.03,2019-09-21,5.239999999999986,7.449999999999972,11.290000000000012,0.5133587786259556,1785.0458999999998,2.7707,1.71,0.84,3.3587125657734367,0,Normal / No Flood
2019,9,22,9.31,23.3,78.44,1.02,2019-09-22,13.709999999999988,15.209999999999972,20.330000000000016,0.6790663749088264,1827.652,9.4962,2.69,1.71,4.860740440117187,0,Normal / No Flood
2019,9,23,0.59,23.25,78.41,1.27,2019-09-23,12.589999999999986,15.709999999999972,20.920000000000016,0.0468625893566322,1823.0325,0.7493,9.31,2.69,11.62276906028906,0,Normal / No Flood
2019,9,24,0.84,23.29,81.49,1.19,2019-09-24,10.739999999999986,16.479999999999972,21.600000000000016,0.0782122905027934,1897.9021,0.9996,0.59,9.31,10.356329553992188,0,Normal / No Flood
2019,9,25,1.34,23.4,81.89,1.28,2019-09-25,2.769999999999986,17.319999999999972,21.420000000000016,0.4837545126353815,1916.226,1.7152,0.84,0.59,9.497805784140626,0,Normal / No Flood
2019,9,26,8.72,22.91,86.28,1.3,2019-09-26,10.899999999999986,25.199999999999974,29.51000000000002,0.800000000000001,1976.6748,11.336000000000002,1.34,0.84,9.075889654,0,Normal / No Flood
2019,9,27,7.4,22.41,87.41,1.38,2019-09-27,17.459999999999987,30.889999999999972,36.68000000000002,0.4238258877434138,1958.8581,10.212,8.72,1.34,14.897614164867187,0,Normal / No Flood
2019,9,28,30.16,21.98,84.46,1.18,2019-09-28,46.27999999999999,58.35999999999997,65.81000000000002,0.6516853932584271,1856.4308,35.5888,7.4,8.72,18.48701324232031,0,Normal / No Flood
2019,9,29,9.02,21.31,86.61,1.21,2019-09-29,46.579999999999984,58.06999999999997,73.28000000000002,0.1936453413482181,1845.6591,10.9142,30.16,7.4,40.61696174361718,0,Normal / No Flood
2019,9,30,21.07,21.56,86.08,0.96,2019-09-30,60.249999999999986,78.54999999999997,94.26000000000002,0.3497095435684648,1855.8848,20.2272,9.02,30.16,39.65453069396093,0,Normal / No Flood
2019,10,1,3.42,21.22,87.56,1.17,2019-10-01,33.509999999999984,81.12999999999997,97.61000000000004,0.1020590868397493,1858.0232,4.001399999999999,21.07,9.02,51.45508168009375,0,Normal / No Flood
2019,10,2,0.02,21.11,82.73,1.16,2019-10-02,24.509999999999987,79.80999999999997,97.13000000000002,0.0008159934720522,1746.4303,0.0232,3.42,21.07,46.41492738704687,0,Normal / No Flood
2019,10,3,2.02,20.86,78.63,1.16,2019-10-03,5.459999999999986,73.10999999999997,98.31000000000002,0.3699633699633709,1640.2217999999998,2.3432,0.02,3.42,39.104550975437505,0,Normal / No Flood
2019,10,4,0.03,20.82,65.56,0.91,2019-10-04,2.0699999999999856,65.73999999999997,96.63,0.0144927536231885,1364.9592,0.0273,2.02,0.02,32.579750950781246,0,Normal / No Flood
2019,10,5,0.0,19.64,66.07,1.38,2019-10-05,2.0499999999999856,35.57999999999998,93.94,0.0,1297.6147999999998,0.0,0.03,2.02,25.701858422875,0,Normal / No Flood
2019,10,6,0.05,20.42,68.67,0.97,2019-10-06,0.0799999999999857,26.60999999999997,84.68,0.625000000000111,1402.2414,0.0485,0.0,0.03,13.62826542426562,0,Normal / No Flood
2019,10,7,0.91,20.63,70.87,1.43,2019-10-07,0.959999999999986,6.449999999999972,85.00000000000001,0.9479166666666806,1462.0481,1.3013,0.05,0.0,9.168661074773436,0,Normal / No Flood
2019,10,8,0.16,20.85,67.85,1.22,2019-10-08,1.119999999999986,3.1899999999999715,84.32000000000002,0.1428571428571446,1414.6725,0.1952,0.91,0.05,2.8254865509843743,0,Normal / No Flood
2019,10,9,1.73,20.4,71.17,1.17,2019-10-09,2.7999999999999856,4.899999999999972,84.71000000000001,0.617857142857146,1451.868,2.0241,0.16,0.91,1.605745972703125,0,Normal / No Flood
2019,10,10,0.0,19.59,70.66,1.28,2019-10-10,1.8899999999999857,2.8799999999999715,75.99000000000001,0.0,1384.2294,0.0,1.73,0.16,2.829934266296875,0,Normal / No Flood
2019,10,11,0.0,19.96,72.24,1.22,2019-10-11,1.7299999999999858,2.8499999999999717,68.59,0.0,1441.9104,0.0,0.0,1.73,1.8550132657734373,0,Normal / No Flood
2019,10,12,0.0,19.86,69.68,1.34,2019-10-12,0.0,2.8499999999999717,38.430000000000014,0.0,1383.8448,0.0,0.0,0.0,1.5685865601562496,0,Normal / No Flood
2019,10,13,0.0,19.92,71.98,1.63,2019-10-13,0.0,2.7999999999999714,29.410000000000014,0.0,1433.8416000000002,0.0,0.0,0.0,1.3332985761328122,0,Normal / No Flood
2019,10,14,0.01,20.63,72.09,1.43,2019-10-14,0.0099999999999857,1.8999999999999715,8.350000000000014,1.000000000001421,1487.2167,0.0143,0.0,0.0,1.1196792634609374,0,Normal / No Flood
2019,10,15,0.01,20.13,66.41,1.29,2019-10-15,0.0199999999999857,1.7499999999999716,4.940000000000014,0.5000000000003553,1336.8332999999998,0.0129,0.01,0.0,0.7122609961562498,0,Normal / No Flood
2019,10,16,0.0,19.86,61.77,1.31,2019-10-16,0.0199999999999857,0.0199999999999715,4.920000000000014,0.0,1226.7522,0.0,0.01,0.01,0.5703233627265624,0,Normal / No Flood
2019,10,17,0.28,19.95,60.28,1.3,2019-10-17,0.2899999999999858,0.2999999999999716,3.180000000000014,0.9655172413793576,1202.586,0.364,0.0,0.01,0.01336625,0,Normal / No Flood
2019,10,18,0.19,19.37,60.28,1.37,2019-10-18,0.4699999999999858,0.4899999999999716,3.3400000000000145,0.4042553191489483,1167.6236,0.2603,0.28,0.0,0.2493613125,0,Normal / No Flood
2019,10,19,0.04,20.32,54.87,1.46,2019-10-19,0.5099999999999858,0.5299999999999716,3.3800000000000145,0.0784313725490218,1114.9584,0.0584,0.19,0.28,0.373457115625,0,Normal / No Flood
2019,10,20,0.0,18.91,56.46,1.35,2019-10-20,0.2299999999999858,0.5299999999999716,3.3300000000000143,0.0,1067.6586,0.0,0.04,0.19,0.35143854828125,0,Normal / No Flood
2019,10,21,0.0,18.29,54.77,1.43,2019-10-21,0.0399999999999857,0.5199999999999716,2.420000000000014,0.0,1001.7433,0.0,0.0,0.04,0.2987227660390625,0,Normal / No Flood
2019,10,22,0.0,18.46,53.71,1.8,2019-10-22,0.0,0.5099999999999716,2.2600000000000144,0.0,991.4866,0.0,0.0,0.0,0.2511894458828124,0,Normal / No Flood
2019,10,23,0.0,18.8,52.46,1.7,2019-10-23,0.0,0.5099999999999716,0.5300000000000142,0.0,986.248,0.0,0.0,0.0,0.2107861237499999,0,Normal / No Flood
2019,10,24,0.0,18.76,52.05,1.5,2019-10-24,0.0,0.2299999999999716,0.5300000000000142,0.0,976.458,0.0,0.0,0.0,0.1791682051874999,0,Normal / No Flood
2019,10,25,0.0,18.11,57.78,1.4,2019-10-25,0.0,0.0399999999999715,0.5300000000000142,0.0,1046.3958,0.0,0.0,0.0,0.0759956273984374,0,Normal / No Flood
2019,10,26,0.0,17.9,59.04,1.44,2019-10-26,0.0,0.0,0.5300000000000142,0.0,1056.8159999999998,0.0,0.0,0.0,0.0128230835312499,0,Normal / No Flood
2019,10,27,0.0,18.17,57.97,1.64,2019-10-27,0.0,0.0,0.5300000000000142,0.0,1053.3149,0.0,0.0,0.0,0.0,0,Normal / No Flood
2019,10,28,0.0,18.93,56.24,1.32,2019-10-28,0.0,0.0,0.5200000000000142,0.0,1064.6232,0.0,0.0,0.0,0.0,0,Normal / No Flood
2019,10,29,0.0,19.43,57.2,1.57,2019-10-29,0.0,0.0,0.5100000000000142,0.0,1111.396,0.0,0.0,0.0,0.0,0,Normal / No Flood
2019,10,30,0.0,19.34,57.75,1.63,2019-10-30,0.0,0.0,0.5100000000000142,0.0,1116.885,0.0,0.0,0.0,0.0,0,Normal / No Flood
2019,10,31,0.0,19.08,57.24,1.84,2019-10-31,0.0,0.0,0.2300000000000142,0.0,1092.1391999999998,0.0,0.0,0.0,0.0,0,Normal / No Flood
2019,11,1,0.0,19.43,52.78,1.46,2019-11-01,0.0,0.0,0.0400000000000142,0.0,1025.5154,0.0,0.0,0.0,0.0,0,Normal / No Flood
2019,11,2,0.0,18.98,54.69,1.28,2019-11-02,0.0,0.0,0.0,0.0,1038.0162,0.0,0.0,0.0,0.0,0,Normal / No Flood
2019,11,3,0.31,17.77,59.37,1.13,2019-11-03,0.3099999999999858,0.3099999999999716,0.3100000000000142,1.0000000000000455,1055.0049,0.3502999999999999,0.0,0.0,0.0,0,Normal / No Flood
2019,11,4,0.0,17.83,62.43,1.64,2019-11-04,0.3099999999999858,0.3099999999999716,0.3100000000000142,0.0,1113.1269,0.0,0.31,0.0,0.2635,0,Normal / No Flood
2019,11,5,0.0,17.31,55.23,2.05,2019-11-05,0.3099999999999858,0.3099999999999716,0.3100000000000142,0.0,956.0313,0.0,0.0,0.31,0.2239749999999999,0,Normal / No Flood
2019,11,6,0.02,17.5,49.52,1.25,2019-11-06,0.0199999999999857,0.3299999999999716,0.3300000000000142,1.0000000000007103,866.6,0.025,0.0,0.0,0.1903787499999999,0,Normal / No Flood
2019,11,7,10.77,16.04,59.33,2.07,2019-11-07,10.789999999999983,11.099999999999971,11.100000000000014,0.998146431881373,951.6532,22.293899999999997,0.02,0.0,0.1788219374999999,0,Normal / No Flood
2019,11,8,1.73,16.4,70.75,1.22,2019-11-08,12.519999999999984,12.829999999999972,12.830000000000014,0.1381789137380193,1160.3,2.1106,10.77,0.02,9.306498646875,0,Normal / No Flood
2019,11,9,0.0,17.32,55.06,1.39,2019-11-09,12.499999999999986,12.829999999999972,12.830000000000014,0.0,953.6392,0.0,1.73,10.77,9.381023849843748,0,Normal / No Flood
2019,11,10,0.0,16.89,50.87,1.46,2019-11-10,1.7299999999999858,12.519999999999971,12.830000000000014,0.0,859.1943,0.0,0.0,1.73,7.973870272367186,0,Normal / No Flood
2019,11,11,0.0,16.5,49.73,0.97,2019-11-11,0.0,12.519999999999971,12.830000000000014,0.0,820.545,0.0,0.0,0.0,6.693317668749999,0,Normal / No Flood
2019,11,12,0.0,16.44,47.94,1.16,2019-11-12,0.0,12.519999999999971,12.830000000000014,0.0,788.1336,0.0,0.0,0.0,5.6893200184375,0,Normal / No Flood
2019,11,13,0.0,16.54,45.86,1.15,2019-11-13,0.0,12.499999999999972,12.830000000000014,0.0,758.5243999999999,0.0,0.0,0.0,4.835922015671874,0,Normal / No Flood
2019,11,14,0.08,18.06,39.85,0.85,2019-11-14,0.0799999999999857,1.8099999999999716,12.910000000000014,1.0000000000001776,719.691,0.068,0.0,0.0,4.105083902820311,0,Normal / No Flood
2019,11,15,0.03,17.47,50.02,1.25,2019-11-15,0.1099999999999857,0.1099999999999715,12.940000000000014,0.2727272727273079,873.8494,0.0375,0.08,0.0,0.6225983627265623,0,Normal / No Flood
2019,11,16,0.1,17.34,54.16,2.15,2019-11-16,0.2099999999999858,0.2099999999999716,13.040000000000012,0.4761904761905084,939.1344,0.215,0.03,0.08,0.0833,0,Normal / No Flood
2019,11,17,0.0,16.93,54.59,1.92,2019-11-17,0.1299999999999858,0.2099999999999716,12.730000000000013,0.0,924.2087,0.0,0.1,0.03,0.155805,0,Normal / No Flood
2019,11,18,0.0,15.57,53.27,1.4,2019-11-18,0.0999999999999858,0.2099999999999716,12.730000000000013,0.0,829.4139,0.0,0.0,0.1,0.1324342499999999,0,Normal / No Flood
2019,11,19,0.0,15.85,51.93,1.37,2019-11-19,0.0,0.2099999999999716,12.730000000000013,0.0,823.0905,0.0,0.0,0.0,0.1125691124999999,0,Normal / No Flood
2019,11,20,0.0,15.73,50.24,1.13,2019-11-20,0.0,0.2099999999999716,12.710000000000012,0.0,790.2752,0.0,0.0,0.0,0.0956837456249999,0,Normal / No Flood
2019,11,21,0.0,15.16,53.68,1.11,2019-11-21,0.0,0.1299999999999715,1.9400000000000144,0.0,813.7888,0.0,0.0,0.0,0.0813311837812499,0,Normal / No Flood
2019,11,22,0.42,16.55,55.93,1.15,2019-11-22,0.4199999999999858,0.5199999999999716,0.6300000000000142,1.0000000000000338,925.6415,0.4829999999999999,0.0,0.0,0.0473322642109374,0,Normal / No Flood
2019,11,23,1.04,16.06,68.52,1.48,2019-11-23,1.4599999999999858,1.4599999999999715,1.670000000000014,0.7123287671232946,1100.4311999999998,1.5392,0.42,0.0,0.3890577088281249,0,Normal / No Flood
2019,11,24,0.0,15.73,58.56,1.23,2019-11-24,1.4599999999999858,1.4599999999999715,1.670000000000014,0.0,921.1488,0.0,1.04,0.42,1.18745,0,Normal / No Flood
2019,11,25,0.0,14.96,50.53,1.62,2019-11-25,1.0399999999999858,1.4599999999999715,1.670000000000014,0.0,755.9288,0.0,0.0,1.04,1.0093325,0,Normal / No Flood
2019,11,26,9.41,13.15,62.51,2.66,2019-11-26,9.409999999999986,10.869999999999973,11.080000000000014,1.0000000000000016,822.0065,25.030600000000003,0.0,0.0,0.8579326249999999,0,Normal / No Flood
2019,11,27,7.7,12.13,80.94,2.59,2019-11-27,17.109999999999985,18.569999999999972,18.780000000000015,0.4500292226767975,981.8022,19.943,9.41,0.0,8.72774273125,0,Normal / No Flood
2019,11,28,4.95,13.18,85.26,1.62,2019-11-28,22.059999999999988,23.519999999999975,23.650000000000016,0.2243880326382594,1123.7268,8.019,7.7,9.41,13.9635813215625,0,Normal / No Flood
2019,11,29,0.66,13.71,74.45,1.6,2019-11-29,13.309999999999986,23.75999999999997,24.280000000000015,0.0495867768595041,1020.7095,1.056,4.95,7.7,16.076544123328123,0,Normal / No Flood
2019,11,30,0.0,13.01,54.85,1.38,2019-11-30,5.609999999999986,22.71999999999997,24.180000000000017,0.0,713.5985000000001,0.0,0.66,4.95,14.111616484312496,0,Normal / No Flood
2019,12,1,0.0,13.24,51.34,1.31,2019-12-01,0.6599999999999858,22.71999999999997,24.180000000000017,0.0,679.7416000000001,0.0,0.0,0.66,11.711483865625,0,Normal / No Flood
2019,12,2,0.0,12.37,49.96,1.32,2019-12-02,0.0,22.71999999999997,24.180000000000017,0.0,618.0052,0.0,0.0,0.0,9.954761285781249,0,Normal / No Flood
2019,12,3,0.0,12.34,41.86,1.66,2019-12-03,0.0,13.309999999999972,24.180000000000017,0.0,516.5524,0.0,0.0,0.0,8.461547092914062,0,Normal / No Flood
2019,12,4,0.0,13.42,36.77,1.14,2019-12-04,0.0,5.609999999999972,24.180000000000017,0.0,493.4534,0.0,0.0,0.0,4.628179188359374,0,Normal / No Flood
2019,12,5,0.0,13.56,40.73,1.37,2019-12-05,0.0,0.6599999999999716,24.180000000000017,0.0,552.2988,0.0,0.0,0.0,1.8357752673046872,0,Normal / No Flood
2019,12,6,0.0,14.21,39.85,1.29,2019-12-06,0.0,0.0,23.760000000000016,0.0,566.2685,0.0,0.0,0.0,0.2115808782656249,0,Normal / No Flood
2019,12,7,0.0,14.22,43.3,1.42,2019-12-07,0.0,0.0,22.720000000000013,0.0,615.726,0.0,0.0,0.0,0.0,0,Normal / No Flood
2019,12,8,0.0,13.07,43.12,1.42,2019-12-08,0.0,0.0,22.720000000000013,0.0,563.5784,0.0,0.0,0.0,0.0,0,Normal / No Flood
2019,12,9,0.0,12.13,45.32,1.22,2019-12-09,0.0,0.0,22.720000000000013,0.0,549.7316000000001,0.0,0.0,0.0,0.0,0,Normal / No Flood
2019,12,10,0.0,12.51,45.74,1.23,2019-12-10,0.0,0.0,13.310000000000016,0.0,572.2074,0.0,0.0,0.0,0.0,0,Normal / No Flood
2019,12,11,0.06,12.32,51.14,1.19,2019-12-11,0.0599999999999857,0.0599999999999715,5.670000000000014,1.000000000000237,630.0448,0.0713999999999999,0.0,0.0,0.0,0,Normal / No Flood
2019,12,12,12.49,10.11,79.05,1.74,2019-12-12,12.549999999999986,12.549999999999972,13.210000000000017,0.9952191235059772,799.1954999999999,21.7326,0.06,0.0,0.051,0,Normal / No Flood
2019,12,13,20.6,9.03,89.07,2.12,2019-12-13,33.14999999999999,33.14999999999998,33.15000000000002,0.6214177978883864,804.3020999999999,43.672,12.49,0.06,10.65985,0,Normal / No Flood
2019,12,14,0.17,9.18,75.26,1.26,2019-12-14,33.259999999999984,33.31999999999997,33.320000000000014,0.0051112447384245,690.8868,0.2142,20.6,12.49,26.5708725,0,Normal / No Flood
2019,12,15,0.07,9.53,65.02,1.38,2019-12-15,20.839999999999986,33.38999999999997,33.390000000000015,0.0033589251439539,619.6406,0.0966,0.17,20.6,22.729741625,0,Normal / No Flood
2019,12,16,0.0,8.95,55.02,1.48,2019-12-16,0.2399999999999858,33.38999999999997,33.390000000000015,0.0,492.429,0.0,0.07,0.17,19.37978038125,0,Normal / No Flood
2019,12,17,0.0,8.38,44.63,1.61,2019-12-17,0.0699999999999858,33.38999999999997,33.390000000000015,0.0,373.9994,0.0,0.0,0.07,16.472813324062496,0,Normal / No Flood
2019,12,18,0.0,9.14,41.82,1.26,2019-12-18,0.0,33.32999999999997,33.390000000000015,0.0,382.2348,0.0,0.0,0.0,14.001891325453125,0,Normal / No Flood
2019,12,19,0.0,9.74,53.21,1.36,2019-12-19,0.0,20.83999999999997,33.390000000000015,0.0,518.2654,0.0,0.0,0.0,11.88525819513281,0,Normal / No Flood
2019,12,20,0.25,11.62,60.95,1.44,2019-12-20,0.2499999999999858,0.4899999999999715,33.640000000000015,1.0000000000000568,708.239,0.36,0.0,0.0,6.699062808124999,0,Normal / No Flood
2019,12,21,0.06,10.01,69.15,1.39,2019-12-21,0.3099999999999858,0.3799999999999715,33.70000000000002,0.193548387096783,692.1915,0.0833999999999999,0.25,0.0,0.2933985711015625,0,Normal / No Flood
2019,12,22,0.0,9.88,51.38,1.48,2019-12-22,0.3099999999999858,0.3099999999999715,33.70000000000002,0.0,507.6344000000001,0.0,0.06,0.25,0.2540653961796875,0,Normal / No Flood
2019,12,23,0.0,10.34,38.93,1.15,2019-12-23,0.0599999999999857,0.3099999999999715,33.70000000000002,0.0,402.5362,0.0,0.0,0.06,0.1968812499999999,0,Normal / No Flood
2019,12,24,0.0,8.7,46.28,1.46,2019-12-24,0.0,0.3099999999999715,33.70000000000002,0.0,402.636,0.0,0.0,0.0,0.1673490624999999,0,Normal / No Flood
2019,12,25,0.0,8.07,41.68,1.53,2019-12-25,0.0,0.3099999999999715,33.640000000000015,0.0,336.3576,0.0,0.0,0.0,0.1422467031249999,0,Normal / No Flood
2019,12,26,0.0,6.71,46.47,1.85,2019-12-26,0.0,0.3099999999999715,21.150000000000016,0.0,311.8137,0.0,0.0,0.0,0.1209096976562499,0,Normal / No Flood
2019,12,27,0.0,6.34,39.46,1.45,2019-12-27,0.0,0.0599999999999715,0.5500000000000143,0.0,250.1764,0.0,0.0,0.0,0.1027732430078124,0,Normal / No Flood
2019,12,28,0.0,7.26,43.12,1.14,2019-12-28,0.0,0.0,0.3800000000000141,0.0,313.0512,0.0,0.0,0.0,0.0192346252968749,0,Normal / No Flood
2019,12,29,0.0,8.53,43.15,1.15,2019-12-29,0.0,0.0,0.3100000000000141,0.0,368.06949999999995,0.0,0.0,0.0,0.0,0,Normal / No Flood
2019,12,30,0.0,8.99,43.38,1.49,2019-12-30,0.0,0.0,0.3100000000000141,0.0,389.98620000000005,0.0,0.0,0.0,0.0,0,Normal / No Flood
2019,12,31,0.0,7.89,48.46,1.77,2019-12-31,0.0,0.0,0.3100000000000141,0.0,382.3494,0.0,0.0,0.0,0.0,0,Normal / No Flood
2020,1,1,0.0,9.32,45.82,1.66,2020-01-01,0.0,0.0,0.3100000000000141,0.0,427.0424,0.0,0.0,0.0,0.0,0,Normal / No Flood
2020,1,2,0.03,9.74,57.09,1.22,2020-01-02,0.0299999999999857,0.0299999999999715,0.3400000000000142,1.0000000000004736,556.0566,0.0366,0.0,0.0,0.0,0,Normal / No Flood
2020,1,3,0.68,10.12,64.78,1.44,2020-01-03,0.7099999999999859,0.7099999999999715,0.7700000000000142,0.9577464788732586,655.5735999999999,0.9792,0.03,0.0,0.0255,0,Normal / No Flood
2020,1,4,3.56,8.72,64.47,1.39,2020-01-04,4.269999999999986,4.269999999999971,4.270000000000014,0.8337236533957872,562.1784,4.9483999999999995,0.68,0.03,0.5996750000000001,0,Normal / No Flood
2020,1,5,0.05,8.09,60.28,1.68,2020-01-05,4.289999999999986,4.319999999999972,4.3200000000000145,0.0116550116550116,487.6652,0.084,3.56,0.68,3.53572375,0,Normal / No Flood
2020,1,6,7.25,8.39,74.03,1.54,2020-01-06,10.859999999999983,11.569999999999972,11.570000000000014,0.6675874769797431,621.1117,11.165,0.05,3.56,3.0478651875,0,Normal / No Flood
2020,1,7,23.88,6.88,87.73,1.58,2020-01-07,31.179999999999986,35.449999999999974,35.45000000000002,0.7658755612572165,603.5824,37.7304,7.25,0.05,8.753185409375,0,Normal / No Flood
2020,1,8,20.14,5.75,91.61,1.12,2020-01-08,51.26999999999998,55.589999999999975,55.59000000000002,0.3928223132436124,526.7575,22.556800000000003,23.88,7.25,27.73820759796875,0,Normal / No Flood
2020,1,9,0.0,4.44,64.18,1.54,2020-01-09,44.01999999999998,55.559999999999974,55.59000000000002,0.0,284.95920000000007,0.0,20.14,23.88,40.69647645827343,0,Normal / No Flood
2020,1,10,0.0,5.91,47.58,1.8,2020-01-10,20.139999999999983,54.87999999999997,55.59000000000002,0.0,281.1978,0.0,0.0,20.14,34.583830273781246,0,Normal / No Flood
2020,1,11,0.04,9.19,43.53,1.29,2020-01-11,0.0399999999999822,51.35999999999997,55.63000000000002,1.000000000000444,400.0407,0.0516,0.0,0.0,29.210962175687495,0,Normal / No Flood
2020,1,12,0.43,12.22,63.7,1.29,2020-01-12,0.4699999999999822,51.739999999999974,56.06000000000002,0.9148936170213112,778.4140000000001,0.5547,0.04,0.0,23.89325158019531,0,Normal / No Flood
2020,1,13,17.79,10.37,70.81,2.73,2020-01-13,18.25999999999998,62.27999999999997,73.85000000000001,0.9742606790799572,734.2996999999999,48.5667,0.43,0.04,20.661139316914056,0,Normal / No Flood
2020,1,14,0.04,7.82,81.91,1.31,2020-01-14,18.25999999999998,38.439999999999976,73.89000000000001,0.0021905805038335,640.5362,0.0524,17.79,0.43,30.707912112843747,0,Normal / No Flood
2020,1,15,0.0,8.64,81.17,1.68,2020-01-15,17.82999999999998,18.29999999999997,73.89000000000001,0.0,701.3088,0.0,0.04,17.79,19.62865155798437,0,Normal / No Flood
2020,1,16,1.93,9.14,76.29,1.35,2020-01-16,1.9699999999999824,20.22999999999997,75.79,0.97969543147209,697.2906000000002,2.6055,0.0,0.04,11.196394649999998,0,Normal / No Flood
2020,1,17,2.57,8.54,72.67,0.91,2020-01-17,4.499999999999982,22.79999999999997,77.68000000000002,0.5711111111111133,620.6017999999999,2.3387,1.93,0.0,11.157435452499998,0,Normal / No Flood
2020,1,18,0.79,8.3,70.41,1.2,2020-01-18,5.289999999999981,23.54999999999997,74.91000000000001,0.1493383742911158,584.403,0.948,2.57,1.93,11.668320134625,0,Normal / No Flood
2020,1,19,0.0,7.14,57.47,1.5,2020-01-19,3.359999999999982,23.11999999999997,74.86000000000001,0.0,410.3357999999999,0.0,0.79,2.57,10.578672493429686,0,Normal / No Flood
2020,1,20,0.04,8.72,52.32,1.14,2020-01-20,0.8299999999999819,5.369999999999972,67.65000000000002,0.0481927710843384,456.2304,0.0455999999999999,0.0,0.79,8.874700693648435,0,Normal / No Flood
2020,1,21,0.42,7.94,69.04,1.81,2020-01-21,0.4599999999999817,5.749999999999972,44.19000000000001,0.9130434782609056,548.1776000000001,0.7602,0.04,0.0,2.729889149156249,0,Normal / No Flood
2020,1,22,0.0,8.97,65.85,1.49,2020-01-22,0.4599999999999817,5.749999999999972,24.05000000000001,0.0,590.6745,0.0,0.42,0.04,2.6665061557812493,0,Normal / No Flood
2020,1,23,0.0,7.35,57.98,2.08,2020-01-23,0.4199999999999818,3.819999999999972,24.05000000000001,0.0,426.153,0.0,0.0,0.42,2.266530232414062,0,Normal / No Flood
2020,1,24,0.0,8.74,48.96,2.0,2020-01-24,0.0,1.2499999999999716,24.05000000000001,0.0,427.9104,0.0,0.0,0.0,1.400643984226562,0,Normal / No Flood
2020,1,25,0.0,9.94,46.67,1.15,2020-01-25,0.0,0.4599999999999715,24.010000000000012,0.0,463.8998,0.0,0.0,0.0,0.4902467372421873,0,Normal / No Flood
2020,1,26,0.01,10.08,64.08,1.68,2020-01-26,0.0099999999999817,0.4699999999999715,23.590000000000018,1.0000000000018208,645.9264,0.0168,0.0,0.0,0.2014422118749999,0,Normal / No Flood
2020,1,27,0.79,10.14,59.86,1.49,2020-01-27,0.7999999999999818,1.2199999999999716,6.590000000000014,0.9875000000000224,606.9804,1.1771,0.01,0.0,0.1797258800937499,0,Normal / No Flood
2020,1,28,14.4,8.38,82.01,2.58,2020-01-28,15.199999999999982,15.199999999999973,20.950000000000017,0.9473684210526327,687.2438000000001,37.152,0.79,0.01,0.813367377078125,0,Normal / No Flood
2020,1,29,6.84,8.53,77.45,1.5,2020-01-29,22.02999999999998,22.03999999999997,27.790000000000013,0.310485701316387,660.6485,10.26,14.4,0.79,12.81691625,0,Normal / No Flood
2020,1,30,0.0,7.03,70.25,1.65,2020-01-30,21.23999999999998,22.03999999999997,25.860000000000017,0.0,493.8575,0.0,6.84,14.4,16.7083788125,0,Normal / No Flood
2020,1,31,0.0,7.73,58.05,1.34,2020-01-31,6.83999999999998,22.03999999999997,23.290000000000013,0.0,448.7265,0.0,0.0,6.84,14.202121990625,0,Normal / No Flood
2020,2,1,0.53,7.15,66.85,1.32,2020-02-01,0.5299999999999805,22.569999999999972,23.030000000000015,1.0000000000000369,477.9775,0.6996000000000001,0.0,0.0,12.071803692031247,0,Normal / No Flood
2020,2,2,0.0,7.66,59.14,1.89,2020-02-02,0.5299999999999805,22.55999999999997,23.030000000000015,0.0,453.0124,0.0,0.53,0.0,10.711533138226562,0,Normal / No Flood
2020,2,3,0.0,9.14,47.51,1.26,2020-02-03,0.5299999999999805,21.76999999999997,22.990000000000016,0.0,434.2414,0.0,0.0,0.53,9.102078262242186,0,Normal / No Flood
2020,2,4,0.0,8.13,56.07,1.85,2020-02-04,0.0,7.369999999999972,22.570000000000014,0.0,455.8491,0.0,0.0,0.0,7.521499008124998,0,Normal / No Flood
2020,2,5,0.0,8.29,62.61,1.45,2020-02-05,0.0,0.5299999999999716,22.570000000000014,0.0,519.0369,0.0,0.0,0.0,2.46941059634375,0,Normal / No Flood
2020,2,6,0.0,8.09,62.03,1.26,2020-02-06,0.0,0.5299999999999716,22.570000000000014,0.0,501.8227,0.0,0.0,0.0,0.235163815625,0,Normal / No Flood
2020,2,7,0.0,7.72,62.65,0.99,2020-02-07,0.0,0.5299999999999716,22.570000000000014,0.0,483.658,0.0,0.0,0.0,0.1998892432812499,0,Normal / No Flood
2020,2,8,0.0,8.27,58.98,1.89,2020-02-08,0.0,0.0,22.570000000000014,0.0,487.7646,0.0,0.0,0.0,0.1699058567890624,0,Normal / No Flood
2020,2,9,0.0,9.92,47.97,1.55,2020-02-09,0.0,0.0,22.560000000000013,0.0,475.8624,0.0,0.0,0.0,0.0,0,Normal / No Flood
2020,2,10,0.0,10.22,53.04,1.56,2020-02-10,0.0,0.0,21.770000000000017,0.0,542.0688,0.0,0.0,0.0,0.0,0,Normal / No Flood
2020,2,11,0.0,11.43,50.82,1.45,2020-02-11,0.0,0.0,7.370000000000014,0.0,580.8726,0.0,0.0,0.0,0.0,0,Normal / No Flood
2020,2,12,0.0,13.71,55.49,2.33,2020-02-12,0.0,0.0,0.5300000000000142,0.0,760.7679,0.0,0.0,0.0,0.0,0,Normal / No Flood
2020,2,13,0.0,16.43,60.85,2.36,2020-02-13,0.0,0.0,0.5300000000000142,0.0,999.7655,0.0,0.0,0.0,0.0,0,Normal / No Flood
2020,2,14,0.0,13.74,66.53,2.36,2020-02-14,0.0,0.0,0.5300000000000142,0.0,914.1222,0.0,0.0,0.0,0.0,0,Normal / No Flood
2020,2,15,0.0,13.39,47.95,2.22,2020-02-15,0.0,0.0,0.0,0.0,642.0505,0.0,0.0,0.0,0.0,0,Normal / No Flood
2020,2,16,0.0,13.61,41.57,1.86,2020-02-16,0.0,0.0,0.0,0.0,565.7677,0.0,0.0,0.0,0.0,0,Normal / No Flood
2020,2,17,0.0,13.03,41.3,2.12,2020-02-17,0.0,0.0,0.0,0.0,538.1389999999999,0.0,0.0,0.0,0.0,0,Normal / No Flood
2020,2,18,0.0,13.74,41.62,1.9,2020-02-18,0.0,0.0,0.0,0.0,571.8588,0.0,0.0,0.0,0.0,0,Normal / No Flood
2020,2,19,0.0,14.91,40.13,2.64,2020-02-19,0.0,0.0,0.0,0.0,598.3383,0.0,0.0,0.0,0.0,0,Normal / No Flood
2020,2,20,8.32,15.18,49.76,2.65,2020-02-20,8.31999999999998,8.319999999999972,8.320000000000014,1.0000000000000024,755.3567999999999,22.048,0.0,0.0,0.0,0,Normal / No Flood
2020,2,21,4.79,11.1,74.68,2.03,2020-02-21,13.109999999999982,13.109999999999973,13.110000000000014,0.365369946605645,828.9480000000001,9.7237,8.32,0.0,7.072,0,Normal / No Flood
2020,2,22,0.03,12.69,69.3,1.49,2020-02-22,13.13999999999998,13.139999999999972,13.140000000000017,0.002283105022831,879.4169999999999,0.0447,4.79,8.32,10.0827,0,Normal / No Flood
2020,2,23,4.2,13.9,64.25,1.32,2020-02-23,9.019999999999982,17.33999999999997,17.340000000000014,0.4656319290465641,893.075,5.5440000000000005,0.03,4.79,8.595794999999999,0,Normal / No Flood
2020,2,24,0.94,14.09,61.52,1.4,2020-02-24,5.16999999999998,18.279999999999973,18.280000000000015,0.1818181818181825,866.8168000000001,1.3159999999999998,4.2,0.03,10.87642575,0,Normal / No Flood
2020,2,25,0.64,13.99,62.42,1.38,2020-02-25,5.779999999999981,18.919999999999973,18.920000000000016,0.1107266435986163,873.2558,0.8832,0.94,4.2,10.0439618875,0,Normal / No Flood
2020,2,26,0.06,14.23,63.63,1.91,2020-02-26,1.6399999999999804,18.979999999999972,18.980000000000015,0.0365853658536589,905.4549,0.1146,0.64,0.94,9.081367604374998,0,Normal / No Flood
2020,2,27,0.0,14.22,63.19,1.02,2020-02-27,0.6999999999999804,10.659999999999972,18.980000000000015,0.0,898.5618000000001,0.0,0.06,0.64,7.770162463718749,0,Normal / No Flood
2020,2,28,0.76,15.16,61.04,1.86,2020-02-28,0.8199999999999804,6.629999999999972,19.740000000000016,0.9268292682927052,925.3664,1.4136000000000002,0.0,0.06,4.337516925835937,0,Normal / No Flood
2020,2,29,7.52,15.17,65.55,2.27,2020-02-29,8.27999999999998,14.119999999999973,27.260000000000012,0.9082125603864756,994.3935,17.0704,0.76,0.0,3.027659772023437,0,Normal / No Flood
2020,3,1,0.2,14.99,62.75,1.3,2020-03-01,8.479999999999979,10.119999999999973,27.460000000000015,0.0235849056603774,940.6225,0.26,7.52,0.76,8.957336090468749,0,Normal / No Flood
2020,3,2,0.0,14.78,58.84,1.58,2020-03-02,7.71999999999998,9.179999999999971,27.460000000000015,0.0,869.6552,0.0,0.2,7.52,6.639275471734375,0,Normal / No Flood
2020,3,3,0.0,15.1,57.61,1.47,2020-03-03,0.1999999999999804,8.539999999999973,27.460000000000015,0.0,869.911,0.0,0.0,0.2,5.387243057437499,0,Normal / No Flood
2020,3,4,1.47,15.42,54.99,1.6,2020-03-04,1.4699999999999804,9.94999999999997,28.930000000000017,1.000000000000013,847.9458000000001,2.352,0.0,0.0,4.404762662796874,0,Normal / No Flood
2020,3,5,2.38,13.57,66.85,2.44,2020-03-05,3.84999999999998,12.329999999999972,22.990000000000013,0.6181818181818214,907.1545,5.8072,1.47,0.0,4.977198831874999,0,Normal / No Flood
2020,3,6,19.31,12.73,71.16,3.8,2020-03-06,23.15999999999998,30.87999999999997,37.51000000000001,0.8337651122625223,905.8668,73.37799999999999,2.38,1.47,6.25361900709375,0,Normal / No Flood
2020,3,7,9.26,10.6,77.57,2.87,2020-03-07,30.94999999999998,32.61999999999997,46.74000000000001,0.2991922455573507,822.2419999999998,26.5762,19.31,2.38,21.521983356999993,0,Normal / No Flood
2020,3,8,0.21,12.93,69.89,1.61,2020-03-08,28.779999999999976,32.62999999999997,42.75000000000001,0.0072967338429464,903.6777,0.3381,9.26,19.31,24.115557105156245,0,Normal / No Flood
2020,3,9,0.0,13.73,56.63,2.1,2020-03-09,9.469999999999985,32.62999999999997,41.81000000000001,0.0,777.5299000000001,0.0,0.21,9.26,20.622225434374997,0,Normal / No Flood
2020,3,10,0.0,14.5,52.02,1.73,2020-03-10,0.2099999999999822,32.62999999999997,41.17000000000001,0.0,754.2900000000001,0.0,0.0,0.21,17.528891619218747,0,Normal / No Flood
2020,3,11,14.12,13.97,67.34,3.16,2020-03-11,14.11999999999998,45.27999999999997,55.23,1.000000000000001,940.7398,44.6192,0.0,0.0,14.899557876335932,0,Normal / No Flood
2020,3,12,15.48,14.69,84.09,3.42,2020-03-12,29.59999999999998,58.379999999999974,70.71000000000001,0.5229729729729733,1235.2821,52.9416,14.12,0.0,24.266063123078123,0,Normal / No Flood
2020,3,13,17.65,12.95,79.63,2.18,2020-03-13,47.24999999999998,56.71999999999997,87.60000000000002,0.3735449735449737,1031.2085,38.477,15.48,14.12,33.135626205023435,0,Normal / No Flood
2020,3,14,9.11,12.4,63.28,1.51,2020-03-14,42.23999999999998,56.56999999999997,89.19,0.2156723484848485,784.672,13.7561,17.65,15.48,37.90599023576562,0,Normal / No Flood
2020,3,15,1.0,12.87,66.92,1.42,2020-03-15,27.759999999999977,57.35999999999997,89.99000000000001,0.0360230547550432,861.2604,1.42,9.11,17.65,37.44032943853905,0,Normal / No Flood
2020,3,16,0.0,14.18,68.3,1.74,2020-03-16,10.109999999999978,57.35999999999997,89.99000000000001,0.0,968.494,0.0,1.0,9.11,32.6170570125,0,Normal / No Flood
2020,3,17,0.0,15.37,72.31,2.03,2020-03-17,0.9999999999999788,57.35999999999997,89.99000000000001,0.0,1111.4047,0.0,0.0,1.0,27.724498460624993,0,Normal / No Flood
2020,3,18,0.21,15.86,69.3,1.99,2020-03-18,0.2099999999999786,43.44999999999997,88.73000000000002,1.0000000000001017,1099.098,0.4179,0.0,0.0,23.565823691531243,0,Normal / No Flood
2020,3,19,0.07,16.29,63.91,1.29,2020-03-19,0.2799999999999787,28.03999999999997,86.42,0.250000000000019,1041.0938999999998,0.0903,0.21,0.0,16.361883924249998,0,Normal / No Flood
2020,3,20,0.0,17.93,53.12,1.15,2020-03-20,0.2799999999999787,10.38999999999997,67.11000000000001,0.0,952.4416,0.0,0.07,0.21,9.74894800800781,0,Normal / No Flood
2020,3,21,4.71,17.01,63.0,1.47,2020-03-21,4.779999999999979,5.989999999999972,62.56000000000002,0.9853556485355692,1071.63,6.9237,0.0,0.07,3.4771480398671866,0,Normal / No Flood
2020,3,22,0.65,17.4,60.96,1.51,2020-03-22,5.359999999999979,5.639999999999972,63.000000000000014,0.1212686567164183,1060.704,0.9815,4.71,0.0,4.47668715078125,0,Normal / No Flood
2020,3,23,0.0,17.73,58.22,1.49,2020-03-23,5.359999999999979,5.639999999999972,63.000000000000014,0.0,1032.2406,0.0,0.65,4.71,4.085193553124999,0,Normal / No Flood
2020,3,24,6.5,19.41,59.84,1.17,2020-03-24,7.149999999999979,12.139999999999972,69.50000000000001,0.9090909090909116,1161.4944,7.605,0.0,0.65,3.4724145201562493,0,Normal / No Flood
2020,3,25,0.01,18.85,60.35,1.63,2020-03-25,6.5099999999999785,11.939999999999973,55.39000000000001,0.0015360983102918,1137.5975,0.0163,6.5,0.0,8.47655234213281,0,Normal / No Flood
2020,3,26,0.08,16.77,66.21,1.95,2020-03-26,6.5899999999999785,11.949999999999973,39.990000000000016,0.0121396054628224,1110.3417,0.156,0.01,6.5,7.156346480554687,0,Normal / No Flood
2020,3,27,14.39,15.29,78.32,2.0,2020-03-27,14.47999999999998,26.339999999999975,36.73000000000002,0.9937845303867416,1197.5127999999995,28.78,0.08,0.01,6.13182017171875,0,Normal / No Flood
2020,3,28,1.42,16.17,71.66,1.65,2020-03-28,15.88999999999998,23.049999999999972,29.040000000000013,0.0893643801132789,1158.7422,2.343,14.39,0.08,17.443547145960938,0,Normal / No Flood
2020,3,29,0.0,16.68,62.31,2.43,2020-03-29,15.80999999999998,22.399999999999977,28.040000000000013,0.0,1039.3308,0.0,1.42,14.39,14.75058470113281,0,Normal / No Flood
2020,3,30,0.0,16.24,58.25,1.75,2020-03-30,1.4199999999999786,22.399999999999977,28.040000000000013,0.0,945.98,0.0,0.0,1.42,12.360878154687498,0,Normal / No Flood
2020,3,31,3.56,17.19,64.96,2.44,2020-03-31,3.5599999999999787,19.459999999999972,31.600000000000016,1.000000000000006,1116.6624,8.6864,0.0,0.0,10.506746431484371,0,Normal / No Flood
2020,4,1,0.45,18.64,61.03,1.86,2020-04-01,4.0099999999999785,19.89999999999997,31.840000000000018,0.1122194513715716,1137.5992,0.8370000000000001,3.56,0.0,10.185546054007812,0,Normal / No Flood
2020,4,2,0.06,16.95,62.09,2.18,2020-04-02,4.069999999999979,19.87999999999997,31.830000000000013,0.0147420147420148,1052.4255,0.1308,0.45,3.56,9.03748924065625,0,Normal / No Flood
2020,4,3,0.0,16.68,55.42,2.1,2020-04-03,0.5099999999999787,5.489999999999972,31.830000000000013,0.0,924.4056,0.0,0.06,0.45,7.711066612554687,0,Normal / No Flood
2020,4,4,0.0,18.3,56.05,2.15,2020-04-04,0.0599999999999786,4.069999999999972,27.12000000000001,0.0,1025.715,0.0,0.0,0.06,2.6332679653593747,0,Normal / No Flood
2020,4,5,0.04,18.4,51.62,1.6,2020-04-05,0.0399999999999786,4.109999999999972,26.510000000000016,1.000000000000533,949.808,0.064,0.0,0.0,1.8513412249999996,0,Normal / No Flood
2020,4,6,0.18,19.75,48.94,2.06,2020-04-06,0.2199999999999786,4.289999999999972,26.690000000000015,0.8181818181818974,966.565,0.3708,0.04,0.0,1.6076400412499996,0,Normal / No Flood
2020,4,7,1.03,18.81,55.02,2.34,2020-04-07,1.249999999999979,1.7599999999999716,21.220000000000013,0.824000000000014,1034.9262,2.4102,0.18,0.04,1.5194940350625,0,Normal / No Flood
2020,4,8,0.54,19.25,54.01,1.56,2020-04-08,1.749999999999979,1.8499999999999717,21.750000000000018,0.3085714285714323,1039.6925,0.8424,1.03,0.18,1.1970036606640624,0,Normal / No Flood
2020,4,9,0.0,20.12,50.65,1.87,2020-04-09,1.5699999999999787,1.7899999999999716,21.670000000000016,0.0,1019.078,0.0,0.54,1.03,1.3538323752968748,0,Normal / No Flood
2020,4,10,0.0,22.0,48.53,2.08,2020-04-10,0.5399999999999787,1.7899999999999716,7.2800000000000145,0.0,1067.66,0.0,0.0,0.54,1.1344080874999998,0,Normal / No Flood
2020,4,11,0.0,22.52,47.11,2.04,2020-04-11,0.0,1.7899999999999716,5.8600000000000145,0.0,1060.9172,0.0,0.0,0.0,0.9642468743749998,0,Normal / No Flood
2020,4,12,0.0,23.04,53.77,2.52,2020-04-12,0.0,1.7499999999999716,5.8600000000000145,0.0,1238.8608,0.0,0.0,0.0,0.8196098432187499,0,Normal / No Flood
2020,4,13,0.0,24.56,52.98,2.07,2020-04-13,0.0,1.5699999999999716,5.8600000000000145,0.0,1301.1888,0.0,0.0,0.0,0.685768745734375,0,Normal / No Flood
2020,4,14,0.0,26.11,46.82,1.47,2020-04-14,0.0,0.5399999999999716,2.300000000000014,0.0,1222.4702,0.0,0.0,0.0,0.5338551393671874,0,Normal / No Flood
2020,4,15,0.33,25.84,41.71,2.0,2020-04-15,0.3299999999999787,0.3299999999999716,2.1800000000000144,1.0000000000000646,1077.7864,0.66,0.0,0.0,0.1731116276718749,0,Normal / No Flood
2020,4,16,0.03,24.88,39.73,1.83,2020-04-16,0.3599999999999786,0.3599999999999715,2.150000000000014,0.0833333333333382,988.4824,0.0549,0.33,0.0,0.2805,0,Normal / No Flood
2020,4,17,13.94,20.68,53.86,1.8,2020-04-17,14.299999999999978,14.29999999999997,16.090000000000014,0.9748251748251764,1113.8248,25.092,0.03,0.33,0.263925,0,Normal / No Flood
2020,4,18,8.51,22.07,54.73,1.95,2020-04-18,22.479999999999976,22.80999999999997,24.600000000000016,0.3785587188612103,1207.8911,16.5945,13.94,0.03,12.07333625,0,Normal / No Flood
2020,4,19,4.69,21.86,56.29,1.75,2020-04-19,27.139999999999976,27.49999999999997,29.250000000000018,0.172807663964628,1230.4994,8.207500000000001,8.51,13.94,17.495835812499998,0,Normal / No Flood
2020,4,20,5.7,19.59,61.04,1.34,2020-04-20,18.899999999999977,33.199999999999974,34.77000000000002,0.3015873015873019,1195.7736,7.638000000000001,4.69,8.51,18.857960440625003,0,Normal / No Flood
2020,4,21,1.46,20.08,59.3,1.75,2020-04-21,11.84999999999998,34.65999999999997,35.20000000000002,0.1232067510548525,1190.744,2.5549999999999997,5.7,4.69,20.87426637453125,0,Normal / No Flood
2020,4,22,0.04,22.0,50.27,1.64,2020-04-22,7.199999999999979,34.36999999999997,34.70000000000002,0.0055555555555555,1105.94,0.0655999999999999,1.46,5.7,18.98412641835155,0,Normal / No Flood
2020,4,23,0.0,23.34,50.93,2.31,2020-04-23,1.499999999999979,34.33999999999997,34.70000000000002,0.0,1188.7062,0.0,0.04,1.46,16.080585582335935,0,Normal / No Flood
2020,4,24,0.0,24.27,45.71,1.66,2020-04-24,0.0399999999999786,20.399999999999977,34.70000000000002,0.0,1109.3817,0.0,0.0,0.04,13.660323029234371,0,Normal / No Flood
2020,4,25,7.62,23.39,53.93,1.55,2020-04-25,7.619999999999979,19.509999999999973,42.320000000000014,1.0000000000000029,1261.4227,11.811,0.0,0.0,7.812756655804687,0,Normal / No Flood
2020,4,26,7.77,20.71,66.8,2.36,2020-04-26,15.38999999999998,22.58999999999997,50.09000000000002,0.5048732943469793,1383.428,18.3372,7.62,0.0,10.798948789351565,0,Normal / No Flood
2020,4,27,17.45,19.75,67.28,3.19,2020-04-27,32.839999999999975,34.339999999999975,67.54000000000002,0.5313641900121806,1328.78,55.665499999999994,7.77,7.62,14.505625908515626,0,Normal / No Flood
2020,4,28,0.11,21.83,58.03,1.5,2020-04-28,25.329999999999977,32.989999999999974,67.65000000000002,0.0043426766679826,1266.7949,0.165,17.45,7.77,25.609086029515623,0,Normal / No Flood
2020,4,29,0.0,23.29,57.55,1.54,2020-04-29,17.559999999999977,32.949999999999974,67.32000000000002,0.0,1340.3394999999998,0.0,0.11,17.45,21.463386958531245,0,Normal / No Flood
2020,4,30,1.41,24.55,58.32,1.6,2020-04-30,1.5199999999999787,34.35999999999997,68.70000000000002,0.9276315789473814,1431.756,2.256,0.0,0.11,18.23297929375,0,Normal / No Flood
2020,5,1,0.0,25.47,56.02,1.86,2020-05-01,1.4099999999999786,34.35999999999997,54.76000000000002,0.0,1426.8294,0.0,1.41,0.0,16.696532399687495,0,Normal / No Flood
2020,5,2,1.27,26.49,51.84,1.35,2020-05-02,2.6799999999999784,28.00999999999997,47.52000000000001,0.4738805970149292,1373.2416,1.7145,0.0,1.41,14.192052539734371,0,Normal / No Flood
2020,5,3,8.3,25.96,51.21,1.57,2020-05-03,9.56999999999998,28.53999999999997,51.13000000000001,0.8672936259143176,1329.4116,13.031000000000002,1.27,0.0,11.06636685797656,0,Normal / No Flood
2020,5,4,1.14,24.02,54.98,1.34,2020-05-04,10.70999999999998,12.229999999999972,46.57000000000001,0.1064425770308125,1320.6196,1.5276,8.3,1.27,14.344160449726562,0,Normal / No Flood
2020,5,5,0.05,24.15,53.3,1.38,2020-05-05,9.48999999999998,12.169999999999972,45.16000000000001,0.0052687038988408,1287.195,0.0689999999999999,1.14,8.3,8.406576720335938,0,Normal / No Flood
2020,5,6,1.65,24.61,45.72,1.49,2020-05-06,2.8399999999999785,13.819999999999972,46.77000000000001,0.5809859154929621,1125.1692,2.4585,0.05,1.14,7.15811625453125,0,Normal / No Flood
2020,5,7,2.57,23.05,48.94,2.29,2020-05-07,4.269999999999978,14.979999999999972,49.34000000000001,0.6018735362997688,1128.067,5.8853,1.65,0.05,7.486898816351562,0,Normal / No Flood
2020,5,8,0.0,25.26,43.13,2.21,2020-05-08,4.219999999999979,14.979999999999972,49.34000000000001,0.0,1089.4638000000002,0.0,2.57,1.65,8.16415235359375,0,Normal / No Flood
2020,5,9,0.27,26.82,43.14,1.8,2020-05-09,2.8399999999999785,13.979999999999972,41.99000000000001,0.0950704225352119,1157.0148,0.486,0.0,2.57,6.939529500554686,0,Normal / No Flood
2020,5,10,6.7,25.82,50.44,1.47,2020-05-10,6.969999999999979,12.37999999999997,40.92000000000001,0.9612625538020116,1302.3608,9.849,0.27,0.0,5.782037108671874,0,Normal / No Flood
2020,5,11,3.92,24.68,52.14,1.91,2020-05-11,10.88999999999998,15.159999999999972,27.390000000000015,0.3599632690541788,1286.8152,7.4872,6.7,0.27,8.348060184546874,0,Normal / No Flood
2020,5,12,2.6,24.85,53.05,1.78,2020-05-12,13.21999999999998,17.709999999999972,29.880000000000013,0.1966717095310139,1318.2925,4.628,3.92,6.7,10.117211958320311,0,Normal / No Flood
2020,5,13,1.19,25.1,52.28,1.41,2020-05-13,7.709999999999979,17.24999999999997,31.070000000000014,0.1543450064850847,1312.228,1.6778999999999995,2.6,3.92,10.796005638320311,0,Normal / No Flood
2020,5,14,2.2,25.12,54.43,1.56,2020-05-14,5.989999999999979,16.87999999999997,31.860000000000017,0.3672787979966624,1367.2816,3.4320000000000004,1.19,2.6,9.73849542625781,0,Normal / No Flood
2020,5,15,0.0,26.34,42.24,2.26,2020-05-15,3.389999999999979,16.87999999999997,31.860000000000017,0.0,1112.6016,0.0,2.2,1.19,9.447420462968749,0,Normal / No Flood
2020,5,16,0.0,25.81,42.36,2.44,2020-05-16,2.199999999999979,16.60999999999997,30.590000000000018,0.0,1093.3116,0.0,0.0,2.2,8.030307393523437,0,Normal / No Flood
2020,5,17,0.0,25.89,38.95,1.86,2020-05-17,0.0,9.909999999999972,22.290000000000013,0.0,1008.4155,0.0,0.0,0.0,6.752188842734374,0,Normal / No Flood
2020,5,18,0.0,26.46,34.32,2.38,2020-05-18,0.0,5.989999999999972,21.150000000000013,0.0,908.1072,0.0,0.0,0.0,3.913673998562499,0,Normal / No Flood
2020,5,19,0.0,25.5,32.6,2.35,2020-05-19,0.0,3.3899999999999717,21.100000000000012,0.0,831.3000000000001,0.0,0.0,0.0,2.2584600406249997,0,Normal / No Flood
2020,5,20,0.0,26.11,31.75,2.16,2020-05-20,0.0,2.199999999999972,19.450000000000017,0.0,828.9925,0.0,0.0,0.0,1.2112156694296874,0,Normal / No Flood
2020,5,21,0.0,27.96,30.91,2.93,2020-05-21,0.0,0.0,16.880000000000013,0.0,864.2436,0.0,0.0,0.0,0.7052695942187499,0,Normal / No Flood
2020,5,22,0.0,29.98,29.68,2.1,2020-05-22,0.0,0.0,16.880000000000013,0.0,889.8064,0.0,0.0,0.0,0.0,0,Normal / No Flood
2020,5,23,1.05,30.97,31.93,2.15,2020-05-23,1.0499999999999787,1.0499999999999716,17.660000000000014,1.0000000000000202,988.8721,2.2575,0.0,0.0,0.0,0,Normal / No Flood
2020,5,24,0.45,30.2,33.77,2.69,2020-05-24,1.499999999999979,1.4999999999999716,11.410000000000016,0.3000000000000042,1019.854,1.2105,1.05,0.0,0.8925,0,Normal / No Flood
2020,5,25,0.04,30.41,32.33,2.76,2020-05-25,1.5399999999999787,1.5399999999999716,7.5300000000000145,0.0259740259740263,983.1553,0.1104,0.45,1.05,1.141125,0,Normal / No Flood
2020,5,26,0.05,31.29,30.88,2.26,2020-05-26,0.5399999999999787,1.5899999999999717,4.980000000000014,0.0925925925925962,966.2352,0.1129999999999999,0.04,0.45,1.00395625,0,Normal / No Flood
2020,5,27,3.79,31.72,31.78,2.23,2020-05-27,3.8799999999999786,5.3799999999999715,7.580000000000014,0.9768041237113456,1008.0616,8.4517,0.05,0.04,0.8958628124999999,0,Normal / No Flood
2020,5,28,8.97,28.39,43.16,3.45,2020-05-28,12.80999999999998,14.349999999999971,14.350000000000016,0.700234192037472,1225.3124,30.946500000000004,3.79,0.05,3.982983390625,0,Normal / No Flood
2020,5,29,3.32,27.57,46.28,2.28,2020-05-29,16.079999999999977,17.66999999999997,17.670000000000012,0.2064676616915425,1275.9396000000002,7.5695999999999986,8.97,3.79,11.010035882031248,0,Normal / No Flood
2020,5,30,24.74,23.4,65.41,1.85,2020-05-30,37.02999999999997,41.35999999999997,42.41000000000001,0.668106940318661,1530.5939999999998,45.769,3.32,8.97,12.180530499726563,0,Normal / No Flood
2020,5,31,18.47,23.1,70.33,2.02,2020-05-31,46.52999999999997,59.37999999999997,60.88000000000001,0.3969482054588439,1624.623,37.3094,24.74,3.32,31.09633587347656,0,Normal / No Flood
2020,6,1,7.63,23.96,60.77,1.49,2020-06-01,50.839999999999975,66.96999999999997,68.51,0.1500786782061369,1456.0492000000002,11.3687,18.47,24.74,42.008764756187496,0,Normal / No Flood
2020,6,2,2.59,25.03,52.18,1.67,2020-06-02,28.689999999999976,69.50999999999996,71.10000000000001,0.0902753572673406,1306.0654,4.3252999999999995,7.63,18.47,42.1820504217578,0,Normal / No Flood
2020,6,3,13.58,25.2,55.61,1.29,2020-06-03,23.79999999999998,79.29999999999995,84.68,0.5705882352941182,1401.3719999999998,17.5182,2.59,7.63,38.042618332242185,0,Normal / No Flood
2020,6,4,5.9,25.98,53.99,1.77,2020-06-04,22.06999999999998,76.22999999999996,90.58,0.2673312188491167,1402.6602,10.443,13.58,2.59,42.8464864925078,0,Normal / No Flood
2020,6,5,16.53,23.91,67.72,1.09,2020-06-05,36.00999999999998,89.43999999999997,107.11,0.4590391557900586,1619.1852,18.0177,5.9,13.58,38.99027350903125,0,Normal / No Flood
2020,6,6,16.65,23.49,66.35,1.29,2020-06-06,39.07999999999998,81.34999999999997,122.71,0.4260491299897648,1558.5614999999998,21.4785,16.53,5.9,46.28756393954687,0,Normal / No Flood
2020,6,7,2.73,24.97,61.69,1.38,2020-06-07,35.909999999999975,65.60999999999997,124.99,0.0760233918128655,1540.3992999999998,3.7674,16.65,16.53,46.755513759148435,0,Normal / No Flood
2020,6,8,1.58,26.31,58.49,1.52,2020-06-08,20.959999999999976,59.55999999999997,126.53,0.075381679389313,1538.8719,2.4016,2.73,16.65,37.02978669780468,0,Normal / No Flood
2020,6,9,0.35,27.59,55.73,1.85,2020-06-09,4.659999999999979,57.319999999999965,126.83,0.0751072961373394,1537.5907,0.6475,1.58,2.73,30.73921598708593,0,Normal / No Flood
2020,6,10,0.99,28.58,51.55,2.06,2020-06-10,2.9199999999999786,44.72999999999997,124.03000000000002,0.3390410958904134,1473.2989999999998,2.0394,0.35,1.58,25.72008312917187,0,Normal / No Flood
2020,6,11,0.39,29.23,47.25,1.5,2020-06-11,1.7299999999999789,39.21999999999996,115.45,0.2254335260115634,1381.1175,0.585,0.99,0.35,19.00314932976562,0,Normal / No Flood
2020,6,12,0.0,29.76,45.34,1.74,2020-06-12,1.3799999999999786,22.68999999999996,112.13,0.0,1349.3184,0.0,0.39,0.99,14.87648283257031,0,Normal / No Flood
2020,6,13,1.4,30.22,42.77,1.38,2020-06-13,1.7899999999999787,7.439999999999964,88.79000000000002,0.7821229050279422,1292.5094,1.9319999999999995,0.0,0.39,8.14074202878906,0,Normal / No Flood
2020,6,14,0.67,29.58,44.93,1.77,2020-06-14,2.0699999999999785,5.379999999999964,70.99000000000002,0.3236714975845444,1329.0294,1.1859000000000002,1.4,0.0,3.572663482570312,0,Normal / No Flood
2020,6,15,0.33,29.92,39.66,1.85,2020-06-15,2.3999999999999786,4.129999999999964,63.69000000000001,0.1375000000000012,1186.6272,0.6105,0.67,1.4,2.862364826828125,0,Normal / No Flood
2020,6,16,0.13,29.98,34.29,1.69,2020-06-16,1.1299999999999788,3.909999999999964,61.23000000000001,0.1150442477876127,1028.0142,0.2197,0.33,0.67,2.282975073242187,0,Normal / No Flood
2020,6,17,2.68,29.56,41.08,1.74,2020-06-17,3.139999999999979,5.599999999999964,50.33000000000001,0.8535031847133816,1214.3248,4.663200000000001,0.13,0.33,1.955657128492187,0,Normal / No Flood
2020,6,18,0.19,30.41,43.23,1.93,2020-06-18,2.9999999999999787,5.399999999999964,44.62000000000001,0.0633333333333337,1314.6243,0.3666999999999999,2.68,0.13,3.670542939429687,0,Normal / No Flood
2020,6,19,2.17,30.82,41.98,1.47,2020-06-19,5.039999999999979,7.569999999999965,30.260000000000012,0.4305555555555573,1293.8236,3.1898999999999997,0.19,2.68,3.17519019375,0,Normal / No Flood
2020,6,20,9.07,30.11,45.73,1.72,2020-06-20,11.429999999999978,15.239999999999965,22.680000000000017,0.7935258092738423,1376.9303,15.6004,2.17,0.19,4.5434116646875005,0,Normal / No Flood
2020,6,21,4.95,28.99,49.36,1.45,2020-06-21,16.18999999999998,19.519999999999964,24.900000000000013,0.3057442865966649,1430.9463999999998,7.1775,9.07,2.17,11.189913179929686,0,Normal / No Flood
2020,6,22,8.6,27.74,58.68,1.36,2020-06-22,22.619999999999976,27.789999999999964,31.920000000000016,0.380194518125553,1627.7832,11.696,4.95,9.07,13.53635755116406,0,Normal / No Flood
2020,6,23,4.3,28.6,60.91,1.56,2020-06-23,17.849999999999977,31.959999999999965,35.87000000000001,0.2408963585434176,1742.026,6.708,8.6,4.95,18.72598204522656,0,Normal / No Flood
2020,6,24,7.65,27.76,71.02,2.07,2020-06-24,20.54999999999998,36.92999999999997,42.530000000000015,0.3722627737226281,1971.5152,15.8355,4.3,8.6,19.536660970187494,0,Normal / No Flood
2020,6,25,1.31,27.44,67.86,1.53,2020-06-25,13.259999999999977,38.04999999999997,43.45000000000001,0.098793363499246,1862.0784,2.0043,7.65,4.3,22.37838721755469,0,Normal / No Flood
2020,6,26,0.44,28.34,57.39,1.99,2020-06-26,9.399999999999975,36.319999999999965,43.890000000000015,0.0468085106382979,1626.4326,0.8756,1.31,7.65,20.08335593516406,0,Normal / No Flood
2020,6,27,0.29,30.06,53.39,2.1,2020-06-27,2.039999999999977,27.539999999999964,42.780000000000015,0.1421568627450996,1604.9034,0.609,0.44,1.31,16.853548105554683,0,Normal / No Flood
2020,6,28,0.8,31.56,49.03,1.86,2020-06-28,1.529999999999977,23.389999999999965,42.91000000000001,0.522875816993472,1547.3868,1.4880000000000002,0.29,0.44,12.100526827617186,0,Normal / No Flood
2020,6,29,3.64,29.64,50.24,2.15,2020-06-29,4.729999999999977,18.429999999999964,46.22000000000001,0.7695560253699826,1489.1136,7.826,0.8,0.29,9.616619704531248,0,Normal / No Flood
2020,6,30,0.0,29.91,46.65,1.55,2020-06-30,4.439999999999976,14.129999999999963,46.09000000000002,0.0,1395.3015,0.0,3.64,0.8,8.924708233515624,0,Normal / No Flood
2020,7,1,1.21,29.3,58.91,1.42,2020-07-01,4.8499999999999766,7.689999999999965,44.62000000000001,0.2494845360824754,1726.063,1.7182,0.0,3.64,6.414292740820311,0,Normal / No Flood
2020,7,2,3.64,30.24,56.13,2.05,2020-07-02,4.8499999999999766,10.019999999999966,48.070000000000014,0.7505154639175294,1697.3712,7.462,1.21,0.0,4.396096313148437,0,Normal / No Flood
2020,7,3,8.52,31.3,48.8,1.6,2020-07-03,13.369999999999976,18.09999999999997,54.420000000000016,0.637247569184743,1527.44,13.632,3.64,1.21,6.4737192783749995,0,Normal / No Flood
2020,7,4,31.84,29.39,60.32,1.29,2020-07-04,43.99999999999997,49.64999999999996,77.19000000000003,0.7236363636363641,1772.8048,41.0736,8.52,3.64,12.62476555560156,0,Normal / No Flood
2020,7,5,15.53,27.61,62.6,1.55,2020-07-05,55.88999999999997,64.37999999999997,87.77000000000001,0.2778672392198963,1728.386,24.0715,31.84,8.52,37.71602846999999,0,Normal / No Flood
2020,7,6,0.57,28.01,57.55,1.3,2020-07-06,47.939999999999976,61.30999999999997,79.74000000000002,0.0118898623279098,1611.9755,0.741,15.53,31.84,45.04113177946874,0,Normal / No Flood
2020,7,7,14.49,26.49,74.45,1.16,2020-07-07,30.589999999999975,75.79999999999997,89.93,0.4736842105263162,1972.1805,16.8084,0.57,15.53,37.77759650140624,0,Normal / No Flood
2020,7,8,26.42,25.83,81.54,1.48,2020-07-08,41.479999999999976,101.00999999999996,108.70000000000002,0.6369334619093543,2106.1782,39.101600000000005,14.49,0.57,44.42745702619531,0,Normal / No Flood
2020,7,9,4.13,27.44,77.0,1.49,2020-07-09,45.03999999999998,101.49999999999996,111.52000000000002,0.091696269982238,2112.88,6.1537,26.42,14.49,59.89062493696874,0,Normal / No Flood
2020,7,10,2.42,28.61,69.8,2.43,2020-07-10,32.96999999999997,95.39999999999996,113.5,0.0734000606612072,1996.978,5.8806,4.13,26.42,53.425665685281245,0,Normal / No Flood
2020,7,11,24.48,28.11,68.19,2.19,2020-07-11,31.029999999999973,88.03999999999996,137.69000000000003,0.7889139542378351,1916.8209,53.6112,2.42,4.13,45.14719655915624,0,Normal / No Flood
2020,7,12,22.71,26.09,79.51,1.57,2020-07-12,49.60999999999997,95.21999999999996,159.6,0.4577706107639591,2074.4159,35.654700000000005,24.48,2.42,50.50701875803905,0,Normal / No Flood
2020,7,13,0.0,26.72,73.44,1.93,2020-07-13,47.18999999999997,94.64999999999998,155.96,0.0,1962.3168,0.0,22.71,24.48,58.00268809047655,0,Normal / No Flood
2020,7,14,9.64,27.44,73.26,1.69,2020-07-14,32.34999999999997,89.79999999999997,165.60000000000002,0.2979907264296756,2010.2544000000005,16.2916,0.0,22.71,49.14696527763281,0,Normal / No Flood
2020,7,15,0.58,27.41,70.95,1.05,2020-07-15,10.219999999999972,63.959999999999965,164.97,0.0567514677103719,1944.7395,0.609,9.64,0.0,46.02053277817187,0,Normal / No Flood
2020,7,16,1.84,26.98,75.33,1.56,2020-07-16,12.059999999999972,61.669999999999966,163.17000000000002,0.1525704809286902,2032.4034,2.8704,0.58,9.64,32.411253189914056,0,Normal / No Flood
2020,7,17,0.89,27.26,78.05,1.48,2020-07-17,3.3099999999999716,60.139999999999965,155.54000000000002,0.2688821752265884,2127.643,1.3172,1.84,0.58,27.988179343015624,0,Normal / No Flood
2020,7,18,7.91,27.94,77.03,1.34,2020-07-18,10.639999999999972,43.56999999999997,131.61,0.7434210526315809,2152.2182000000003,10.5994,0.89,1.84,23.887025370968743,0,Normal / No Flood
2020,7,19,2.08,27.14,79.85,2.07,2020-07-19,10.879999999999972,22.93999999999997,118.16000000000004,0.1911764705882357,2167.129,4.3056,7.91,0.89,20.356903512367182,0,Normal / No Flood
2020,7,20,5.97,27.64,70.65,1.91,2020-07-20,15.959999999999972,28.909999999999965,123.56000000000002,0.3740601503759405,1952.7660000000003,11.4027,2.08,7.91,12.883108161875,0,Normal / No Flood
2020,7,21,15.48,25.48,80.25,1.58,2020-07-21,23.529999999999973,34.749999999999964,124.55000000000004,0.657883552911178,2044.77,24.4584,5.97,2.08,16.025141937593748,0,Normal / No Flood
2020,7,22,1.62,25.14,75.18,1.75,2020-07-22,23.069999999999975,35.789999999999964,99.75,0.070221066319896,1890.0252000000005,2.835,15.48,5.97,24.152561985578124,0,Normal / No Flood
2020,7,23,0.63,25.88,70.69,1.57,2020-07-23,17.729999999999972,34.57999999999996,96.25,0.0355329949238579,1829.4572,0.9891,1.62,15.48,21.74863318321875,0,Normal / No Flood
2020,7,24,0.55,26.05,74.84,1.1,2020-07-24,2.7999999999999736,34.23999999999996,94.38000000000002,0.1964285714285732,1949.582,0.6050000000000001,0.63,1.62,18.520455639664057,0,Normal / No Flood
2020,7,25,4.08,26.17,78.69,1.31,2020-07-25,5.259999999999973,30.409999999999965,73.98000000000002,0.7756653992395477,2059.3173,5.3448,0.55,0.63,15.967370726429683,0,Normal / No Flood
2020,7,26,7.36,26.37,80.47,1.17,2020-07-26,11.989999999999974,35.68999999999996,58.63000000000001,0.613844870725606,2121.9939,8.6112,4.08,0.55,14.884865064406249,0,Normal / No Flood
2020,7,27,2.62,27.14,75.64,2.18,2020-07-27,14.059999999999974,32.33999999999997,61.250000000000014,0.1863442389758182,2052.8696,5.711600000000001,7.36,4.08,18.34135501266406,0,Normal / No Flood
2020,7,28,8.09,27.45,73.03,2.1,2020-07-28,18.069999999999975,24.949999999999964,59.70000000000001,0.4477033757609303,2004.6735,16.989,2.62,7.36,16.19038332628125,0,Normal / No Flood
2020,7,29,12.75,27.95,70.71,1.44,2020-07-29,23.459999999999972,36.07999999999996,71.87,0.5434782608695659,1976.3444999999997,18.36,8.09,2.62,16.42017249973437,0,Normal / No Flood
2020,7,30,40.73,25.48,85.48,1.43,2020-07-30,61.569999999999965,76.17999999999995,110.76,0.661523469222024,2178.0304,58.2439,12.75,8.09,24.353211974210936,0,Normal / No Flood
2020,7,31,13.16,25.42,87.96,1.72,2020-07-31,66.63999999999997,88.78999999999996,123.03,0.1974789915966387,2235.9432,22.6352,40.73,12.75,55.149061147304685,0,Normal / No Flood
2020,8,1,12.45,25.98,84.86,1.67,2020-08-01,66.33999999999997,97.15999999999995,127.57,0.1876695809466385,2204.6628,20.7915,13.16,40.73,57.91283218643749,0,Normal / No Flood
2020,8,2,1.7,26.02,84.24,2.33,2020-08-02,27.309999999999977,91.49999999999996,127.19,0.0622482607103625,2191.9248,3.961,12.45,13.16,58.69664601631249,0,Normal / No Flood
2020,8,3,0.87,26.94,80.57,2.34,2020-08-03,15.019999999999978,89.74999999999996,122.09,0.0579227696404794,2170.5558,2.0358,1.7,12.45,49.331618849578106,0,Normal / No Flood
2020,8,4,6.13,27.58,73.5,2.16,2020-08-04,8.699999999999978,87.78999999999996,112.74,0.7045977011494271,2027.13,13.2408,0.87,1.7,41.95745084653905,0,Normal / No Flood
2020,8,5,4.98,27.48,71.5,1.37,2020-08-05,11.97999999999998,80.01999999999997,116.10000000000002,0.415692821368949,1964.82,6.822600000000001,6.13,0.87,38.66988487199218,0,Normal / No Flood
2020,8,6,3.85,26.98,77.22,1.16,2020-08-06,14.95999999999998,43.139999999999965,119.32,0.2573529411764709,2083.3956,4.466,4.98,6.13,33.628147946945305,0,Normal / No Flood
2020,8,7,2.69,26.92,80.5,1.51,2020-08-07,11.519999999999978,32.669999999999966,121.46,0.2335069444444449,2167.06,4.0619,3.85,4.98,20.757886670062497,0,Normal / No Flood
2020,8,8,1.36,27.23,81.17,1.65,2020-08-08,7.899999999999979,21.579999999999966,118.74,0.1721518987341777,2210.2591,2.244,2.69,3.85,16.344728360039056,0,Normal / No Flood
2020,8,9,10.02,26.68,85.16,1.76,2020-08-09,14.06999999999998,29.899999999999963,121.4,0.7121535181236684,2272.0688,17.6352,1.36,2.69,11.656512069296872,0,Normal / No Flood
2020,8,10,13.39,26.48,87.05,1.65,2020-08-10,24.76999999999998,42.419999999999966,132.17000000000002,0.5405732741219221,2305.084,22.0935,10.02,1.36,17.961801366335933,1,Historical Disaster Record
2020,8,11,24.71,26.26,87.88,1.94,2020-08-11,48.119999999999976,60.999999999999964,148.79000000000002,0.513507896924356,2307.7288,47.9374,13.39,10.02,26.41196440460157,0,Normal / No Flood
2020,8,12,25.65,26.13,90.1,2.93,2020-08-12,63.749999999999986,81.66999999999996,161.69,0.4023529411764706,2354.3129999999996,75.1545,24.71,13.39,41.783302825421856,0,Normal / No Flood
2020,8,13,23.89,26.25,89.04,1.98,2020-08-13,74.24999999999999,101.70999999999998,144.85000000000002,0.3217508417508418,2337.3,47.3022,25.65,24.71,55.96130458691406,0,Normal / No Flood
2020,8,14,8.78,25.64,85.38,1.44,2020-08-14,58.31999999999997,107.79999999999995,140.47000000000003,0.1505486968449932,2189.1432,12.643199999999998,23.89,25.65,66.82452037747655,0,Normal / No Flood
2020,8,15,14.0,26.04,85.35,1.26,2020-08-15,46.66999999999997,120.43999999999996,142.02000000000004,0.2999785729590745,2222.5139999999997,17.64,8.78,23.89,63.5308428085,0,Normal / No Flood
2020,8,16,8.43,25.62,88.98,1.31,2020-08-16,31.20999999999998,118.84999999999997,148.75,0.2701057353412369,2279.6676,11.0433,14.0,8.78,65.53062927317188,0,Normal / No Flood
2020,8,17,1.0,25.51,90.21,1.16,2020-08-17,23.42999999999998,106.45999999999997,148.88,0.0426803243704652,2301.2571,1.16,8.43,14.0,60.13617982130468,0,Normal / No Flood
2020,8,18,8.97,26.33,88.51,1.64,2020-08-18,18.399999999999977,90.71999999999996,151.72000000000003,0.4875000000000006,2330.4683,14.7108,1.0,8.43,48.31710471783593,0,Normal / No Flood
2020,8,19,5.96,26.37,89.55,1.72,2020-08-19,15.929999999999978,71.02999999999996,152.70000000000002,0.3741368487131204,2361.4335,10.2512,8.97,1.0,41.960798136445305,0,Normal / No Flood
2020,8,20,20.01,23.84,93.39,1.5,2020-08-20,34.93999999999998,67.14999999999996,168.86000000000004,0.5726960503720667,2226.4176,30.015,5.96,8.97,33.743296448726554,1,Historical Disaster Record
2020,8,21,24.7,24.55,82.46,1.33,2020-08-21,50.66999999999998,83.06999999999996,190.87,0.4874679297414646,2024.393,32.851,20.01,5.96,39.18050333823437,0,Normal / No Flood
2020,8,22,17.07,25.38,83.29,1.52,2020-08-22,61.77999999999998,86.13999999999996,206.58,0.276303010683069,2113.9002,25.9464,24.7,20.01,51.90596102765624,0,Normal / No Flood
2020,8,23,2.59,24.73,86.0,1.27,2020-08-23,44.359999999999985,80.29999999999997,199.15,0.0583859332732191,2126.78,3.2893,17.07,24.7,54.81469952296093,0,Normal / No Flood
2020,8,24,2.2,25.41,86.02,1.35,2020-08-24,21.859999999999975,81.49999999999997,187.96000000000004,0.10064043915828,2185.7682,2.9700000000000006,2.59,17.07,46.4968994684375,0,Normal / No Flood
2020,8,25,4.47,24.79,90.66,1.34,2020-08-25,9.259999999999978,76.99999999999997,167.72000000000003,0.4827213822894179,2247.4613999999997,5.9898,2.2,2.59,41.1198740231328,0,Normal / No Flood
2020,8,26,14.3,25.23,88.19,1.14,2020-08-26,20.969999999999978,85.33999999999996,156.37,0.6819265617548887,2225.0337,16.302,4.47,2.2,36.3071529100625,0,Normal / No Flood
2020,8,27,14.72,25.38,86.67,1.3,2020-08-27,33.48999999999998,80.04999999999995,147.20000000000002,0.4395341893102421,2199.6846,19.136000000000003,14.3,4.47,41.39203644432031,0,Normal / No Flood
2020,8,28,11.17,24.57,88.41,1.52,2020-08-28,40.18999999999998,66.51999999999997,149.59000000000003,0.2779298332918637,2172.2337,16.9784,14.72,14.3,42.24269557164062,0,Normal / No Flood
2020,8,29,1.03,24.79,85.6,1.22,2020-08-29,26.919999999999977,50.47999999999997,136.62000000000003,0.038261515601783,2122.024,1.2566,11.17,14.72,38.67027526742969,0,Normal / No Flood
2020,8,30,7.92,24.6,87.17,1.39,2020-08-30,20.11999999999998,55.80999999999997,136.11,0.3936381709741555,2144.382,11.0088,1.03,11.17,29.093820714898435,0,Normal / No Flood
2020,8,31,0.41,24.58,86.4,2.21,2020-08-31,9.359999999999978,54.01999999999997,135.52,0.0438034188034189,2123.712,0.9061,7.92,1.03,30.755997147812497,0,Normal / No Flood
2020,9,1,0.03,24.88,87.34,1.5,2020-09-01,8.35999999999998,49.57999999999997,126.58,0.0035885167464114,2173.0192,0.045,0.41,7.92,25.89161842055468,0,Normal / No Flood
2020,9,2,0.17,25.0,88.39,1.49,2020-09-02,0.6099999999999787,35.44999999999996,120.79000000000002,0.2786885245901737,2209.75,0.2533,0.03,0.41,20.815343010546872,0,Normal / No Flood
2020,9,3,7.23,24.7,86.84,1.15,2020-09-03,7.429999999999979,27.959999999999965,108.01000000000002,0.9730820995962344,2144.948,8.3145,0.17,0.03,13.940927050906248,0,Normal / No Flood
2020,9,4,0.47,25.28,83.07,0.95,2020-09-04,7.869999999999979,17.259999999999962,83.78000000000002,0.0597204574332911,2100.0096,0.4464999999999999,7.23,0.17,13.984227464695312,0,Normal / No Flood
2020,9,5,1.48,24.57,86.79,1.2,2020-09-05,9.179999999999978,17.709999999999965,68.19000000000001,0.1612200435729851,2132.4303,1.776,0.47,7.23,9.242374180304688,0,Normal / No Flood
2020,9,6,5.28,24.64,86.44,1.29,2020-09-06,7.229999999999979,15.069999999999965,70.88000000000002,0.7302904564315374,2129.8816,6.8112,1.48,0.47,8.83335281246875,0,Normal / No Flood
2020,9,7,0.25,24.6,85.03,1.62,2020-09-07,7.009999999999979,14.909999999999966,68.93000000000002,0.0356633380884451,2091.7380000000003,0.405,5.28,1.48,9.838224932289062,0,Normal / No Flood
2020,9,8,0.53,24.51,86.18,1.53,2020-09-08,6.059999999999979,15.409999999999965,64.99000000000002,0.0874587458745877,2112.2718000000004,0.8109000000000001,0.25,5.28,8.463270077179688,0,Normal / No Flood
2020,9,9,0.0,24.26,85.32,1.77,2020-09-09,0.7799999999999787,15.239999999999965,50.69000000000001,0.0,2069.8632,0.0,0.53,0.25,7.636104849851562,0,Normal / No Flood
2020,9,10,0.0,24.04,80.78,1.69,2020-09-10,0.5299999999999787,8.009999999999964,35.97000000000001,0.0,1941.9512,0.0,0.0,0.53,6.444365733117186,0,Normal / No Flood
2020,9,11,0.0,24.67,68.97,1.5,2020-09-11,0.0,7.539999999999965,24.800000000000015,0.0,1701.4899,0.0,0.0,0.0,3.5076043771171874,0,Normal / No Flood
2020,9,12,1.77,24.53,73.44,1.36,2020-09-12,1.7699999999999787,7.8299999999999645,25.540000000000017,1.000000000000012,1801.4832,2.4072,0.0,0.0,2.8533931737812495,0,Normal / No Flood
2020,9,13,0.39,25.29,77.12,1.3,2020-09-13,2.159999999999979,2.9399999999999644,18.010000000000016,0.1805555555555573,1950.3648,0.507,1.77,0.0,3.5265982206562496,0,Normal / No Flood
2020,9,14,1.67,25.16,79.14,1.35,2020-09-14,3.829999999999979,4.359999999999964,19.270000000000017,0.4360313315926917,1991.1624,2.2545,0.39,1.77,1.8903585153515623,0,Normal / No Flood
2020,9,15,0.0,24.96,80.05,1.8,2020-09-15,2.0599999999999787,3.829999999999964,19.240000000000016,0.0,1998.048,0.0,1.67,0.39,2.9581821067890623,0,Normal / No Flood
2020,9,16,0.0,25.59,78.49,1.92,2020-09-16,1.6699999999999786,3.829999999999965,19.070000000000014,0.0,2008.5591,0.0,0.0,1.67,2.3700348124999993,0,Normal / No Flood
2020,9,17,0.05,25.56,77.64,1.98,2020-09-17,0.0499999999999786,3.879999999999965,11.890000000000017,1.0000000000004263,1984.4784,0.099,0.0,0.0,2.0145295906249996,0,Normal / No Flood
2020,9,18,0.01,25.24,74.39,1.88,2020-09-18,0.0599999999999786,3.8899999999999646,11.430000000000014,0.1666666666667258,1877.6036,0.0188,0.05,0.0,1.7548501520312496,0,Normal / No Flood
2020,9,19,0.0,25.28,67.92,1.56,2020-09-19,0.0599999999999786,2.1199999999999646,9.950000000000015,0.0,1717.0176,0.0,0.01,0.05,1.500122629226562,0,Normal / No Flood
2020,9,20,0.0,24.86,69.62,1.5,2020-09-20,0.0099999999999786,1.7299999999999645,4.670000000000014,0.0,1730.7532,0.0,0.0,0.01,0.7927960055234373,0,Normal / No Flood
2020,9,21,0.02,25.15,66.81,1.28,2020-09-21,0.0199999999999786,0.0799999999999644,4.440000000000014,1.0000000000010658,1680.2715,0.0256,0.0,0.0,0.5676052999296873,0,Normal / No Flood
2020,9,22,0.6,25.61,68.9,1.02,2020-09-22,0.6199999999999787,0.6799999999999644,4.510000000000014,0.9677419354839042,1764.529,0.612,0.02,0.0,0.044405328125,0,Normal / No Flood
2020,9,23,3.18,25.52,71.71,1.34,2020-09-23,3.799999999999979,3.859999999999965,7.690000000000014,0.8368421052631626,1830.0391999999997,4.2612000000000005,0.6,0.02,0.5477445289062499,0,Normal / No Flood
2020,9,24,0.07,24.74,73.49,1.96,2020-09-24,3.849999999999979,3.879999999999965,7.760000000000014,0.0181818181818182,1818.1425999999997,0.1372,3.18,0.6,3.168582849570313,0,Normal / No Flood
2020,9,25,0.01,24.39,71.98,2.03,2020-09-25,3.259999999999979,3.879999999999965,7.770000000000014,0.0030674846625767,1755.5922,0.0203,0.07,3.18,2.7391708958828125,0,Normal / No Flood
2020,9,26,0.22,23.78,58.29,1.4,2020-09-26,0.2999999999999787,4.099999999999964,6.220000000000014,0.7333333333333854,1386.1362,0.308,0.01,0.07,2.33407035625,0,Normal / No Flood
2020,9,27,0.0,23.23,54.1,1.65,2020-09-27,0.2299999999999787,4.099999999999964,5.830000000000013,0.0,1256.7430000000002,0.0,0.22,0.01,2.1709598028124995,0,Normal / No Flood
2020,9,28,0.0,22.99,55.46,1.7,2020-09-28,0.2199999999999786,4.0799999999999645,4.160000000000014,0.0,1275.0254,0.0,0.0,0.22,1.845315832390625,0,Normal / No Flood
2020,9,29,0.0,22.74,52.74,1.96,2020-09-29,0.0,3.479999999999964,4.160000000000014,0.0,1199.3076,0.0,0.0,0.0,1.5630686470312498,0,Normal / No Flood
2020,9,30,0.0,22.49,54.51,2.02,2020-09-30,0.0,0.2999999999999645,4.160000000000014,0.0,1225.9299,0.0,0.0,0.0,1.1651140349531248,0,Normal / No Flood
2020,10,1,0.0,22.91,50.37,1.81,2020-10-01,0.0,0.2299999999999644,4.110000000000014,0.0,1153.9767,0.0,0.0,0.0,0.1238270600859375,0,Normal / No Flood
2020,10,2,0.0,23.87,47.09,1.42,2020-10-02,0.0,0.2199999999999644,4.100000000000014,0.0,1124.0383000000002,0.0,0.0,0.0,0.0861786643203124,0,Normal / No Flood
2020,10,3,0.0,23.65,49.59,1.54,2020-10-03,0.0,0.0,4.100000000000014,0.0,1172.8035,0.0,0.0,0.0,0.0705269594218749,0,Normal / No Flood
2020,10,4,0.0,23.56,49.43,1.37,2020-10-04,0.0,0.0,4.100000000000014,0.0,1164.5708,0.0,0.0,0.0,0.0,0,Normal / No Flood
2020,10,5,0.0,23.45,46.05,1.9,2020-10-05,0.0,0.0,4.080000000000014,0.0,1079.8725,0.0,0.0,0.0,0.0,0,Normal / No Flood
2020,10,6,0.0,23.29,41.71,1.7,2020-10-06,0.0,0.0,3.4800000000000137,0.0,971.4259,0.0,0.0,0.0,0.0,0,Normal / No Flood
2020,10,7,0.0,22.83,39.8,1.54,2020-10-07,0.0,0.0,0.3000000000000142,0.0,908.634,0.0,0.0,0.0,0.0,0,Normal / No Flood
2020,10,8,0.0,22.61,38.71,1.5,2020-10-08,0.0,0.0,0.2300000000000142,0.0,875.2331,0.0,0.0,0.0,0.0,0,Normal / No Flood
2020,10,9,0.0,23.27,42.49,1.36,2020-10-09,0.0,0.0,0.2200000000000142,0.0,988.7423,0.0,0.0,0.0,0.0,0,Normal / No Flood
2020,10,10,0.0,23.36,45.8,1.52,2020-10-10,0.0,0.0,0.0,0.0,1069.888,0.0,0.0,0.0,0.0,0,Normal / No Flood
2020,10,11,0.0,23.5,43.84,1.42,2020-10-11,0.0,0.0,0.0,0.0,1030.24,0.0,0.0,0.0,0.0,0,Normal / No Flood
2020,10,12,0.0,23.97,43.37,1.21,2020-10-12,0.0,0.0,0.0,0.0,1039.5789,0.0,0.0,0.0,0.0,0,Normal / No Flood
2020,10,13,0.0,24.27,46.57,1.3,2020-10-13,0.0,0.0,0.0,0.0,1130.2539,0.0,0.0,0.0,0.0,0,Normal / No Flood
2020,10,14,0.0,23.85,46.38,1.21,2020-10-14,0.0,0.0,0.0,0.0,1106.1630000000002,0.0,0.0,0.0,0.0,0,Normal / No Flood
2020,10,15,0.0,23.24,45.35,1.27,2020-10-15,0.0,0.0,0.0,0.0,1053.934,0.0,0.0,0.0,0.0,0,Normal / No Flood
2020,10,16,0.0,22.93,43.23,1.4,2020-10-16,0.0,0.0,0.0,0.0,991.2639,0.0,0.0,0.0,0.0,0,Normal / No Flood
2020,10,17,0.0,22.42,42.93,1.43,2020-10-17,0.0,0.0,0.0,0.0,962.4906,0.0,0.0,0.0,0.0,0,Normal / No Flood
2020,10,18,0.0,22.02,41.89,1.8,2020-10-18,0.0,0.0,0.0,0.0,922.4178,0.0,0.0,0.0,0.0,0,Normal / No Flood
2020,10,19,0.0,21.51,39.33,1.64,2020-10-19,0.0,0.0,0.0,0.0,845.9883,0.0,0.0,0.0,0.0,0,Normal / No Flood
2020,10,20,0.0,20.53,36.03,1.73,2020-10-20,0.0,0.0,0.0,0.0,739.6959,0.0,0.0,0.0,0.0,0,Normal / No Flood
2020,10,21,0.0,20.69,35.29,1.66,2020-10-21,0.0,0.0,0.0,0.0,730.1501000000001,0.0,0.0,0.0,0.0,0,Normal / No Flood
2020,10,22,0.0,20.7,39.39,1.57,2020-10-22,0.0,0.0,0.0,0.0,815.3729999999999,0.0,0.0,0.0,0.0,0,Normal / No Flood
2020,10,23,0.0,20.74,39.83,1.41,2020-10-23,0.0,0.0,0.0,0.0,826.0741999999999,0.0,0.0,0.0,0.0,0,Normal / No Flood
2020,10,24,0.0,20.71,40.0,1.48,2020-10-24,0.0,0.0,0.0,0.0,828.4000000000001,0.0,0.0,0.0,0.0,0,Normal / No Flood
2020,10,25,0.0,19.9,39.42,1.73,2020-10-25,0.0,0.0,0.0,0.0,784.458,0.0,0.0,0.0,0.0,0,Normal / No Flood
2020,10,26,0.02,18.72,39.19,2.01,2020-10-26,0.0199999999999786,0.0199999999999644,0.0200000000000142,1.0000000000010658,733.6367999999999,0.0402,0.0,0.0,0.0,0,Normal / No Flood
2020,10,27,0.0,18.66,38.36,1.72,2020-10-27,0.0199999999999786,0.0199999999999644,0.0200000000000142,0.0,715.7976,0.0,0.02,0.0,0.017,0,Normal / No Flood
2020,10,28,0.0,19.51,34.89,1.46,2020-10-28,0.0199999999999786,0.0199999999999644,0.0200000000000142,0.0,680.7039000000001,0.0,0.0,0.02,0.01445,0,Normal / No Flood
2020,10,29,0.0,19.54,35.75,1.5,2020-10-29,0.0,0.0199999999999644,0.0200000000000142,0.0,698.555,0.0,0.0,0.0,0.0122824999999999,0,Normal / No Flood
2020,10,30,0.0,19.43,37.64,1.56,2020-10-30,0.0,0.0199999999999644,0.0200000000000142,0.0,731.3452,0.0,0.0,0.0,0.0104401249999999,0,Normal / No Flood
2020,10,31,0.0,19.77,39.78,1.51,2020-10-31,0.0,0.0199999999999644,0.0200000000000142,0.0,786.4506,0.0,0.0,0.0,0.00887410625,0,Normal / No Flood
2020,11,1,0.06,19.76,42.02,1.29,2020-11-01,0.0599999999999786,0.0799999999999644,0.0800000000000142,1.0000000000003553,830.3152000000001,0.0774,0.0,0.0,0.0075429903124999,0,Normal / No Flood
2020,11,2,0.68,19.17,43.59,1.37,2020-11-02,0.7399999999999787,0.7399999999999645,0.7600000000000142,0.9189189189189456,835.6203000000002,0.9316,0.06,0.0,0.057411541765625,0,Normal / No Flood
2020,11,3,0.0,19.01,46.24,1.35,2020-11-03,0.7399999999999788,0.7399999999999646,0.7600000000000142,0.0,879.0224000000001,0.0,0.68,0.06,0.6213500000000001,0,Normal / No Flood
2020,11,4,0.0,18.03,45.65,1.89,2020-11-04,0.6799999999999788,0.7399999999999646,0.7600000000000142,0.0,823.0695000000001,0.0,0.0,0.68,0.5281475,0,Normal / No Flood
2020,11,5,0.0,17.92,39.06,1.88,2020-11-05,0.0,0.7399999999999646,0.7600000000000142,0.0,699.9552000000001,0.0,0.0,0.0,0.448925375,0,Normal / No Flood
2020,11,6,0.0,17.36,36.16,1.94,2020-11-06,0.0,0.7399999999999646,0.7600000000000142,0.0,627.7375999999999,0.0,0.0,0.0,0.3815865687499999,0,Normal / No Flood
2020,11,7,0.0,17.68,35.42,1.79,2020-11-07,0.0,0.7399999999999646,0.7600000000000142,0.0,626.2256,0.0,0.0,0.0,0.3243485834375,0,Normal / No Flood
2020,11,8,0.0,17.32,37.6,1.5,2020-11-08,0.0,0.6799999999999646,0.7600000000000142,0.0,651.2320000000001,0.0,0.0,0.0,0.2756962959218749,0,Normal / No Flood
2020,11,9,0.0,17.88,36.85,1.38,2020-11-09,0.0,0.0,0.7400000000000142,0.0,658.878,0.0,0.0,0.0,0.2179924200312499,0,Normal / No Flood
2020,11,10,0.0,18.75,34.56,1.59,2020-11-10,0.0,0.0,0.7400000000000142,0.0,648.0,0.0,0.0,0.0,0.0,0,Normal / No Flood
2020,11,11,0.0,18.18,36.29,1.36,2020-11-11,0.0,0.0,0.7400000000000142,0.0,659.7522,0.0,0.0,0.0,0.0,0,Normal / No Flood
2020,11,12,0.0,17.38,33.64,1.33,2020-11-12,0.0,0.0,0.7400000000000142,0.0,584.6632,0.0,0.0,0.0,0.0,0,Normal / No Flood
2020,11,13,0.0,17.94,33.95,1.43,2020-11-13,0.0,0.0,0.7400000000000142,0.0,609.0630000000001,0.0,0.0,0.0,0.0,0,Normal / No Flood
2020,11,14,0.0,16.75,39.85,1.29,2020-11-14,0.0,0.0,0.7400000000000142,0.0,667.4875000000001,0.0,0.0,0.0,0.0,0,Normal / No Flood
2020,11,15,6.71,17.14,48.28,1.86,2020-11-15,6.709999999999979,6.709999999999964,7.390000000000014,1.000000000000003,827.5192000000001,12.4806,0.0,0.0,0.0,0,Normal / No Flood
2020,11,16,9.56,13.12,69.11,1.89,2020-11-16,16.26999999999998,16.269999999999964,16.270000000000014,0.5875845113706216,906.7232,18.0684,6.71,0.0,5.7035,0,Normal / No Flood
2020,11,17,0.0,14.04,48.68,1.42,2020-11-17,16.269999999999982,16.269999999999968,16.270000000000017,0.0,683.4671999999999,0.0,9.56,6.71,12.973975,0,Normal / No Flood
2020,11,18,0.0,14.34,44.1,1.5,2020-11-18,9.55999999999998,16.269999999999968,16.270000000000017,0.0,632.394,0.0,0.0,9.56,11.02787875,0,Normal / No Flood
2020,11,19,0.0,12.97,45.14,1.5,2020-11-19,0.0,16.269999999999968,16.270000000000017,0.0,585.4658000000001,0.0,0.0,0.0,9.373696937499998,0,Normal / No Flood
2020,11,20,0.0,12.65,45.07,2.05,2020-11-20,0.0,16.269999999999968,16.270000000000017,0.0,570.1355,0.0,0.0,0.0,7.967642396874998,0,Normal / No Flood
2020,11,21,0.0,11.67,38.02,2.16,2020-11-21,0.0,16.269999999999968,16.270000000000017,0.0,443.69340000000005,0.0,0.0,0.0,6.772496037343749,0,Normal / No Flood
2020,11,22,0.0,12.86,29.87,1.53,2020-11-22,0.0,9.559999999999963,16.270000000000017,0.0,384.1282,0.0,0.0,0.0,5.7566216317421866,0,Normal / No Flood
2020,11,23,0.93,13.31,46.47,1.81,2020-11-23,0.9299999999999804,0.9299999999999664,17.200000000000017,1.000000000000021,618.5157,1.6833000000000002,0.0,0.0,3.0647169639687495,0,Normal / No Flood
2020,11,24,0.36,13.75,47.72,1.26,2020-11-24,1.2899999999999805,1.2899999999999665,17.560000000000016,0.2790697674418647,656.15,0.4536,0.93,0.0,0.7905,0,Normal / No Flood
2020,11,25,3.82,12.76,53.09,2.03,2020-11-25,5.10999999999998,5.109999999999966,21.380000000000017,0.7475538160469697,677.4284,7.754599999999999,0.36,0.93,0.977925,0,Normal / No Flood
2020,11,26,7.73,11.78,67.31,1.44,2020-11-26,11.90999999999998,12.839999999999966,29.110000000000017,0.6490344248530657,792.9118,11.1312,3.82,0.36,4.07823625,0,Normal / No Flood
2020,11,27,0.0,13.54,42.49,1.71,2020-11-27,11.54999999999998,12.839999999999966,29.110000000000017,0.0,575.3146,0.0,7.73,3.82,10.0370008125,0,Normal / No Flood
2020,11,28,0.0,14.49,30.11,1.59,2020-11-28,7.729999999999981,12.839999999999966,29.110000000000017,0.0,436.2939,0.0,0.0,7.73,8.531450690624999,0,Normal / No Flood
2020,11,29,0.0,15.92,33.7,1.24,2020-11-29,0.0,12.839999999999966,22.400000000000013,0.0,536.504,0.0,0.0,0.0,7.251733087031249,0,Normal / No Flood
2020,11,30,0.0,15.16,40.81,1.57,2020-11-30,0.0,11.909999999999966,12.840000000000016,0.0,618.6796,0.0,0.0,0.0,6.163973123976561,0,Normal / No Flood
2020,12,1,0.0,15.5,41.6,1.51,2020-12-01,0.0,11.549999999999963,12.840000000000016,0.0,644.8000000000001,0.0,0.0,0.0,4.9859609670937495,0,Normal / No Flood
2020,12,2,0.0,15.39,43.59,1.98,2020-12-02,0.0,7.729999999999967,12.840000000000016,0.0,670.8501000000001,0.0,0.0,0.0,4.1399702330156245,0,Normal / No Flood
2020,12,3,0.0,16.06,40.98,1.46,2020-12-03,0.0,0.0,12.840000000000016,0.0,658.1388,0.0,0.0,0.0,2.478060892414062,0,Normal / No Flood
2020,12,4,0.0,16.33,38.87,1.38,2020-12-04,0.0,0.0,12.840000000000016,0.0,634.7470999999999,0.0,0.0,0.0,0.0,0,Normal / No Flood
2020,12,5,0.0,16.21,38.4,1.53,2020-12-05,0.0,0.0,12.840000000000016,0.0,622.464,0.0,0.0,0.0,0.0,0,Normal / No Flood
2020,12,6,0.0,15.92,42.03,1.49,2020-12-06,0.0,0.0,12.840000000000016,0.0,669.1176,0.0,0.0,0.0,0.0,0,Normal / No Flood
2020,12,7,0.0,15.44,41.21,1.88,2020-12-07,0.0,0.0,11.910000000000016,0.0,636.2823999999999,0.0,0.0,0.0,0.0,0,Normal / No Flood
2020,12,8,0.02,16.7,39.26,1.39,2020-12-08,0.0199999999999804,0.0199999999999662,11.570000000000014,1.000000000000977,655.6419999999999,0.0278,0.0,0.0,0.0,0,Normal / No Flood
2020,12,9,0.11,16.86,43.97,1.55,2020-12-09,0.1299999999999804,0.1299999999999662,7.860000000000016,0.8461538461539733,741.3342,0.1705,0.02,0.0,0.017,0,Normal / No Flood
2020,12,10,0.04,16.18,49.61,1.45,2020-12-10,0.1699999999999804,0.1699999999999662,0.170000000000016,0.2352941176470858,802.6898,0.0579999999999999,0.11,0.02,0.10795,0,Normal / No Flood
2020,12,11,0.34,15.73,47.6,1.44,2020-12-11,0.4899999999999805,0.5099999999999663,0.510000000000016,0.6938775510204358,748.748,0.4896,0.04,0.11,0.1257575,0,Normal / No Flood
2020,12,12,10.48,12.54,72.91,1.56,2020-12-12,10.859999999999982,10.989999999999966,10.990000000000016,0.9650092081031324,914.2913999999998,16.3488,0.34,0.04,0.395893875,0,Normal / No Flood
2020,12,13,0.01,11.27,60.47,1.21,2020-12-13,10.829999999999982,10.999999999999966,11.000000000000016,0.0009233610341643,681.4969,0.0121,10.48,0.34,9.24450979375,0,Normal / No Flood
2020,12,14,0.0,10.46,47.36,1.24,2020-12-14,10.48999999999998,10.999999999999966,11.000000000000016,0.0,495.3856,0.0,0.01,10.48,7.8663333246875,0,Normal / No Flood
2020,12,15,0.0,9.89,43.19,1.32,2020-12-15,0.0099999999999804,10.979999999999968,11.000000000000016,0.0,427.1491,0.0,0.0,0.01,6.686383325984375,0,Normal / No Flood
2020,12,16,0.0,8.45,47.06,1.6,2020-12-16,0.0,10.869999999999964,11.000000000000016,0.0,397.657,0.0,0.0,0.0,5.677976016585935,0,Normal / No Flood
2020,12,17,0.0,8.33,38.97,1.58,2020-12-17,0.0,10.829999999999966,11.000000000000016,0.0,324.6201,0.0,0.0,0.0,4.79630565634375,0,Normal / No Flood
2020,12,18,0.0,9.08,32.39,1.84,2020-12-18,0.0,10.489999999999966,11.000000000000016,0.0,294.1012,0.0,0.0,0.0,4.065960186890624,0,Normal / No Flood
2020,12,19,0.0,9.82,29.89,1.91,2020-12-19,0.0,0.0099999999999662,11.000000000000016,0.0,293.51980000000003,0.0,0.0,0.0,3.3634193803437493,0,Normal / No Flood
2020,12,20,0.0,12.03,30.09,1.96,2020-12-20,0.0,0.0,11.000000000000016,0.0,361.9827,0.0,0.0,0.0,0.0032057708828124,0,Normal / No Flood
2020,12,21,0.0,12.29,36.82,1.42,2020-12-21,0.0,0.0,11.000000000000016,0.0,452.5178,0.0,0.0,0.0,0.0,0,Normal / No Flood
2020,12,22,0.0,12.71,35.88,1.35,2020-12-22,0.0,0.0,10.980000000000016,0.0,456.0348000000001,0.0,0.0,0.0,0.0,0,Normal / No Flood
2020,12,23,0.0,12.3,34.25,1.42,2020-12-23,0.0,0.0,10.870000000000015,0.0,421.275,0.0,0.0,0.0,0.0,0,Normal / No Flood
2020,12,24,0.0,11.47,37.72,1.42,2020-12-24,0.0,0.0,10.830000000000016,0.0,432.6484,0.0,0.0,0.0,0.0,0,Normal / No Flood
2020,12,25,0.0,11.2,37.99,1.63,2020-12-25,0.0,0.0,10.490000000000016,0.0,425.488,0.0,0.0,0.0,0.0,0,Normal / No Flood
2020,12,26,0.0,12.7,27.25,1.29,2020-12-26,0.0,0.0,0.0100000000000159,0.0,346.075,0.0,0.0,0.0,0.0,0,Normal / No Flood
2020,12,27,4.01,11.43,37.05,2.27,2020-12-27,4.00999999999998,4.009999999999966,4.010000000000016,1.0000000000000049,423.4815,9.1027,0.0,0.0,0.0,0,Normal / No Flood
2020,12,28,2.33,7.37,67.09,1.77,2020-12-28,6.33999999999998,6.339999999999966,6.340000000000016,0.3675078864353324,494.4533,4.1241,4.01,0.0,3.4084999999999996,0,Normal / No Flood
2020,12,29,0.0,8.27,50.71,1.3,2020-12-29,6.33999999999998,6.339999999999966,6.340000000000016,0.0,419.3717,0.0,2.33,4.01,4.877725,0,Normal / No Flood
2020,12,30,0.0,8.63,40.13,1.2,2020-12-30,2.3299999999999805,6.339999999999966,6.340000000000016,0.0,346.3219,0.0,0.0,2.33,4.14606625,0,Normal / No Flood
2020,12,31,0.0,11.47,29.55,1.32,2020-12-31,0.0,6.339999999999966,6.340000000000016,0.0,338.93850000000003,0.0,0.0,0.0,3.5241563124999993,0,Normal / No Flood
2021,1,1,0.0,12.48,28.04,1.46,2021-01-01,0.0,6.339999999999966,6.340000000000016,0.0,349.9392,0.0,0.0,0.0,2.9955328656249995,0,Normal / No Flood
2021,1,2,2.28,11.99,48.35,1.83,2021-01-02,2.2799999999999803,8.619999999999965,8.620000000000015,1.0000000000000089,579.7165,4.1724,0.0,0.0,2.54620293578125,0,Normal / No Flood
2021,1,3,0.83,13.09,73.23,2.4,2021-01-03,3.1099999999999803,5.439999999999966,9.450000000000015,0.2668810289389084,958.5807,1.992,2.28,0.0,4.102272495414062,0,Normal / No Flood
2021,1,4,0.26,14.17,68.63,2.11,2021-01-04,3.36999999999998,3.369999999999966,9.710000000000017,0.0771513353115731,972.4871,0.5486,0.83,2.28,3.099744615695312,0,Normal / No Flood
2021,1,5,6.54,12.32,75.47,2.88,2021-01-05,7.62999999999998,9.909999999999966,16.250000000000014,0.8571428571428593,929.7904,18.8352,0.26,0.83,2.2208799999999997,0,Normal / No Flood
2021,1,6,10.32,12.58,73.06,1.6,2021-01-06,17.11999999999998,20.22999999999997,26.570000000000014,0.6028037383177577,919.0948,16.512,6.54,0.26,7.446748,0,Normal / No Flood
2021,1,7,0.0,12.33,58.14,1.36,2021-01-07,16.859999999999978,20.22999999999997,26.570000000000014,0.0,716.8662,0.0,10.32,6.54,15.101735799999998,0,Normal / No Flood
2021,1,8,0.0,12.34,52.39,1.51,2021-01-08,10.31999999999998,20.22999999999997,26.570000000000014,0.0,646.4926,0.0,0.0,10.32,12.83647543,0,Normal / No Flood
2021,1,9,0.0,13.36,49.7,1.47,2021-01-09,0.0,17.949999999999967,26.570000000000014,0.0,663.992,0.0,0.0,0.0,10.911004115499995,0,Normal / No Flood
2021,1,10,0.0,12.86,49.45,1.35,2021-01-10,0.0,17.11999999999997,22.560000000000016,0.0,635.927,0.0,0.0,0.0,8.653075101085937,0,Normal / No Flood
2021,1,11,0.0,11.16,41.8,1.54,2021-01-11,0.0,16.859999999999964,20.230000000000015,0.0,466.488,0.0,0.0,0.0,7.128946700140624,0,Normal / No Flood
2021,1,12,0.0,10.34,42.96,1.96,2021-01-12,0.0,10.319999999999968,20.230000000000015,0.0,444.2064,0.0,0.0,0.0,5.988757158609374,0,Normal / No Flood
2021,1,13,0.0,9.91,39.32,2.06,2021-01-13,0.0,0.0,20.230000000000015,0.0,389.6612,0.0,0.0,0.0,3.3083555510624993,0,Normal / No Flood
2021,1,14,0.0,11.03,38.63,1.53,2021-01-14,0.0,0.0,20.230000000000015,0.0,426.0889,0.0,0.0,0.0,0.0,0,Normal / No Flood
2021,1,15,0.0,11.59,43.01,1.32,2021-01-15,0.0,0.0,20.230000000000015,0.0,498.4859,0.0,0.0,0.0,0.0,0,Normal / No Flood
2021,1,16,0.0,12.16,37.19,1.64,2021-01-16,0.0,0.0,17.950000000000017,0.0,452.2304,0.0,0.0,0.0,0.0,0,Normal / No Flood
2021,1,17,0.0,11.92,33.07,1.94,2021-01-17,0.0,0.0,17.12000000000002,0.0,394.1944,0.0,0.0,0.0,0.0,0,Normal / No Flood
2021,1,18,0.0,12.7,37.57,1.56,2021-01-18,0.0,0.0,16.860000000000014,0.0,477.1389999999999,0.0,0.0,0.0,0.0,0,Normal / No Flood
2021,1,19,0.0,12.58,43.16,1.9,2021-01-19,0.0,0.0,10.320000000000016,0.0,542.9527999999999,0.0,0.0,0.0,0.0,0,Normal / No Flood
2021,1,20,0.0,11.36,44.97,2.3,2021-01-20,0.0,0.0,0.0,0.0,510.8592,0.0,0.0,0.0,0.0,0,Normal / No Flood
2021,1,21,0.0,11.23,36.3,2.01,2021-01-21,0.0,0.0,0.0,0.0,407.649,0.0,0.0,0.0,0.0,0,Normal / No Flood
2021,1,22,0.0,11.84,34.08,1.51,2021-01-22,0.0,0.0,0.0,0.0,403.5071999999999,0.0,0.0,0.0,0.0,0,Normal / No Flood
2021,1,23,1.45,12.31,41.07,2.69,2021-01-23,1.4499999999999786,1.4499999999999662,1.450000000000016,1.0000000000000149,505.5717,3.9005,0.0,0.0,0.0,0,Normal / No Flood
2021,1,24,0.25,10.49,53.86,1.54,2021-01-24,1.6999999999999786,1.6999999999999662,1.700000000000016,0.1470588235294136,564.9914,0.385,1.45,0.0,1.2325,0,Normal / No Flood
2021,1,25,0.0,10.68,44.83,1.49,2021-01-25,1.6999999999999786,1.6999999999999662,1.700000000000016,0.0,478.78439999999995,0.0,0.25,1.45,1.2601249999999995,0,Normal / No Flood
2021,1,26,0.0,10.65,37.7,1.38,2021-01-26,0.2499999999999786,1.6999999999999662,1.700000000000016,0.0,401.50500000000005,0.0,0.0,0.25,1.07110625,0,Normal / No Flood
2021,1,27,0.0,10.9,31.83,1.59,2021-01-27,0.0,1.6999999999999662,1.700000000000016,0.0,346.947,0.0,0.0,0.0,0.9104403124999998,0,Normal / No Flood
2021,1,28,0.0,10.69,31.57,1.36,2021-01-28,0.0,1.6999999999999662,1.700000000000016,0.0,337.4833,0.0,0.0,0.0,0.773874265625,0,Normal / No Flood
2021,1,29,0.0,9.13,41.52,2.14,2021-01-29,0.0,1.6999999999999662,1.700000000000016,0.0,379.0776000000001,0.0,0.0,0.0,0.6577931257812499,0,Normal / No Flood
2021,1,30,0.0,9.53,40.78,2.15,2021-01-30,0.0,0.2499999999999662,1.700000000000016,0.0,388.6334,0.0,0.0,0.0,0.5591241569140624,0,Normal / No Flood
2021,1,31,0.0,11.09,37.26,1.76,2021-01-31,0.0,0.0,1.700000000000016,0.0,413.2134,0.0,0.0,0.0,0.0801442720703124,0,Normal / No Flood
2021,2,1,0.0,12.29,36.49,1.97,2021-02-01,0.0,0.0,1.700000000000016,0.0,448.4621,0.0,0.0,0.0,0.0,0,Normal / No Flood
2021,2,2,0.0,12.95,34.88,1.67,2021-02-02,0.0,0.0,1.700000000000016,0.0,451.696,0.0,0.0,0.0,0.0,0,Normal / No Flood
2021,2,3,1.65,12.72,42.98,2.19,2021-02-03,1.6499999999999786,1.6499999999999662,3.3500000000000156,1.0000000000000129,546.7056,3.6135,0.0,0.0,0.0,0,Normal / No Flood
2021,2,4,23.41,9.32,66.41,1.44,2021-02-04,25.059999999999977,25.059999999999967,26.760000000000016,0.9341580207502004,618.9412,33.7104,1.65,0.0,1.4025,0,Normal / No Flood
2021,2,5,1.17,8.75,65.14,1.24,2021-02-05,26.229999999999976,26.22999999999997,27.930000000000017,0.0446054136484941,569.975,1.4508,23.41,1.65,21.090625,0,Normal / No Flood
2021,2,6,0.0,9.56,57.55,2.13,2021-02-06,24.579999999999977,26.22999999999997,26.480000000000015,0.0,550.178,0.0,1.17,23.41,18.921531249999997,0,Normal / No Flood
2021,2,7,0.0,11.67,44.92,1.97,2021-02-07,1.1699999999999786,26.22999999999997,26.230000000000015,0.0,524.2164,0.0,0.0,1.17,16.083301562499997,0,Normal / No Flood
2021,2,8,0.0,13.2,42.92,1.81,2021-02-08,0.0,26.22999999999997,26.230000000000015,0.0,566.544,0.0,0.0,0.0,13.670806328124998,0,Normal / No Flood
2021,2,9,0.0,14.49,44.78,1.9,2021-02-09,0.0,26.22999999999997,26.230000000000015,0.0,648.8622,0.0,0.0,0.0,11.620185378906248,0,Normal / No Flood
2021,2,10,0.0,14.32,46.28,1.46,2021-02-10,0.0,24.57999999999997,26.230000000000015,0.0,662.7296,0.0,0.0,0.0,9.87715757207031,0,Normal / No Flood
2021,2,11,0.0,15.06,47.13,1.6,2021-02-11,0.0,1.169999999999968,26.230000000000015,0.0,709.7778000000001,0.0,0.0,0.0,7.945974569945311,0,Normal / No Flood
2021,2,12,0.0,15.4,43.17,1.67,2021-02-12,0.0,0.0,26.230000000000015,0.0,664.8180000000001,0.0,0.0,0.0,0.3750751932890623,0,Normal / No Flood
2021,2,13,0.0,15.78,46.24,1.29,2021-02-13,0.0,0.0,26.230000000000015,0.0,729.6672,0.0,0.0,0.0,0.0,0,Normal / No Flood
2021,2,14,0.0,15.28,46.96,1.45,2021-02-14,0.0,0.0,26.230000000000015,0.0,717.5488,0.0,0.0,0.0,0.0,0,Normal / No Flood
2021,2,15,0.0,15.38,40.66,1.61,2021-02-15,0.0,0.0,26.230000000000015,0.0,625.3507999999999,0.0,0.0,0.0,0.0,0,Normal / No Flood
2021,2,16,0.16,15.16,42.71,1.58,2021-02-16,0.1599999999999787,0.159999999999968,26.390000000000015,1.0000000000001332,647.4836,0.2528,0.0,0.0,0.0,0,Normal / No Flood
2021,2,17,0.1,14.97,45.72,1.59,2021-02-17,0.2599999999999787,0.259999999999968,24.840000000000018,0.3846153846154161,684.4284,0.159,0.16,0.0,0.136,0,Normal / No Flood
2021,2,18,0.0,15.31,44.14,1.88,2021-02-18,0.2599999999999787,0.259999999999968,1.430000000000014,0.0,675.7834,0.0,0.1,0.16,0.2006,0,Normal / No Flood
2021,2,19,0.0,14.62,48.38,1.9,2021-02-19,0.0999999999999786,0.259999999999968,0.2600000000000142,0.0,707.3156,0.0,0.0,0.1,0.17051,0,Normal / No Flood
2021,2,20,0.0,15.16,49.89,1.79,2021-02-20,0.0,0.259999999999968,0.2600000000000142,0.0,756.3324,0.0,0.0,0.0,0.1449335,0,Normal / No Flood
2021,2,21,0.0,15.57,48.49,2.17,2021-02-21,0.0,0.259999999999968,0.2600000000000142,0.0,754.9893000000001,0.0,0.0,0.0,0.123193475,0,Normal / No Flood
2021,2,22,0.0,17.35,43.79,1.92,2021-02-22,0.0,0.259999999999968,0.2600000000000142,0.0,759.7565000000001,0.0,0.0,0.0,0.1047144537499999,0,Normal / No Flood
2021,2,23,0.21,18.49,39.19,1.73,2021-02-23,0.2099999999999786,0.309999999999968,0.4700000000000142,1.0000000000001017,724.6230999999999,0.3632999999999999,0.0,0.0,0.0890072856874999,0,Normal / No Flood
2021,2,24,0.0,18.64,35.74,1.81,2021-02-24,0.2099999999999786,0.209999999999968,0.4700000000000142,0.0,666.1936000000001,0.0,0.21,0.0,0.210557708828125,0,Normal / No Flood
2021,2,25,0.0,18.8,37.5,2.05,2021-02-25,0.2099999999999786,0.209999999999968,0.4700000000000142,0.0,705.0,0.0,0.0,0.21,0.1517249999999999,0,Normal / No Flood
2021,2,26,0.59,19.25,40.48,2.11,2021-02-26,0.5899999999999787,0.799999999999968,1.0600000000000145,1.0000000000000362,779.2399999999999,1.2449,0.0,0.0,0.1289662499999999,0,Normal / No Flood
2021,2,27,4.78,18.75,49.85,1.9,2021-02-27,5.369999999999979,5.579999999999968,5.840000000000014,0.8901303538175083,934.6875,9.082,0.59,0.0,0.6111213124999999,0,Normal / No Flood
2021,2,28,0.01,16.88,36.16,1.55,2021-02-28,5.379999999999979,5.589999999999968,5.850000000000015,0.0018587360594795,610.3807999999999,0.0155,4.78,0.59,4.5824531156249995,0,Normal / No Flood
2021,3,1,0.0,15.49,34.68,2.02,2021-03-01,4.789999999999979,5.589999999999968,5.850000000000015,0.0,537.1932,0.0,0.01,4.78,3.90358514828125,0,Normal / No Flood
2021,3,2,0.0,15.89,38.03,2.85,2021-03-02,0.0099999999999786,5.379999999999968,5.690000000000015,0.0,604.2967,0.0,0.0,0.01,3.318047376039062,0,Normal / No Flood
2021,3,3,0.0,17.94,32.92,2.16,2021-03-03,0.0,5.379999999999968,5.590000000000015,0.0,590.5848000000001,0.0,0.0,0.0,2.7631172593749995,0,Normal / No Flood
2021,3,4,0.0,18.4,29.95,1.97,2021-03-04,0.0,5.379999999999968,5.590000000000015,0.0,551.0799999999999,0.0,0.0,0.0,2.3486496704687494,0,Normal / No Flood
2021,3,5,0.0,18.09,33.12,2.79,2021-03-05,0.0,4.789999999999968,5.590000000000015,0.0,599.1407999999999,0.0,0.0,0.0,1.9963522198984371,0,Normal / No Flood
2021,3,6,0.01,18.67,33.46,2.36,2021-03-06,0.0099999999999786,0.019999999999968,5.600000000000015,1.0000000000021316,624.6982,0.0236,0.0,0.0,1.5361299771406247,0,Normal / No Flood
2021,3,7,2.88,18.95,46.02,3.62,2021-03-07,2.8899999999999784,2.8899999999999677,8.480000000000015,0.9965397923875506,872.0790000000001,10.4256,0.01,0.0,0.0117057708828125,0,Normal / No Flood
2021,3,8,3.48,19.25,49.06,2.51,2021-03-08,6.369999999999978,6.369999999999967,11.960000000000017,0.5463108320251197,944.405,8.7348,2.88,0.01,2.455225,0,Normal / No Flood
2021,3,9,0.0,20.61,38.35,1.62,2021-03-09,6.359999999999978,6.369999999999967,11.750000000000014,0.0,790.3935,0.0,3.48,2.88,5.044941249999999,0,Normal / No Flood
2021,3,10,1.59,20.32,40.94,1.59,2021-03-10,5.069999999999979,7.959999999999968,13.340000000000014,0.3136094674556226,831.9008,2.5281,0.0,3.48,4.2882000625,0,Normal / No Flood
2021,3,11,0.01,20.52,35.03,1.53,2021-03-11,1.5999999999999788,7.969999999999968,13.350000000000014,0.00625,718.8156,0.0153,1.59,0.0,4.996470053124999,0,Normal / No Flood
2021,3,12,0.88,18.44,42.13,1.92,2021-03-12,2.4799999999999787,8.849999999999968,13.640000000000017,0.3548387096774224,776.8772000000001,1.6896,0.01,1.59,4.2554995451562485,0,Normal / No Flood
2021,3,13,0.3,19.88,41.42,2.03,2021-03-13,1.1899999999999786,9.139999999999969,9.160000000000014,0.252100840336139,823.4295999999999,0.6089999999999999,0.88,0.01,4.365174613382812,0,Normal / No Flood
2021,3,14,0.0,19.46,38.55,2.06,2021-03-14,1.1799999999999786,6.259999999999968,9.150000000000016,0.0,750.183,0.0,0.3,0.88,3.9626735161249993,0,Normal / No Flood
2021,3,15,0.0,19.3,39.43,2.13,2021-03-15,0.2999999999999787,2.7799999999999683,9.150000000000016,0.0,760.999,0.0,0.0,0.3,2.5834997765937495,0,Normal / No Flood
2021,3,16,0.0,20.38,39.15,2.24,2021-03-16,0.0,2.7799999999999683,9.150000000000016,0.0,797.877,0.0,0.0,0.0,1.24770778296875,0,Normal / No Flood
2021,3,17,0.0,21.13,37.05,2.03,2021-03-17,0.0,1.189999999999968,9.150000000000016,0.0,782.8664999999999,0.0,0.0,0.0,1.0605516155234374,0,Normal / No Flood
2021,3,18,0.0,20.89,34.45,1.79,2021-03-18,0.0,1.179999999999968,9.150000000000016,0.0,719.6605000000001,0.0,0.0,0.0,0.4682089383828124,0,Normal / No Flood
2021,3,19,0.0,21.36,33.1,2.0,2021-03-19,0.0,0.299999999999968,9.150000000000016,0.0,707.016,0.0,0.0,0.0,0.3952526923749999,0,Normal / No Flood
2021,3,20,0.0,21.21,37.88,2.27,2021-03-20,0.0,0.0,9.140000000000017,0.0,803.4348000000001,0.0,0.0,0.0,0.0961731264843749,0,Normal / No Flood
2021,3,21,0.81,22.09,36.44,1.9,2021-03-21,0.8099999999999787,0.8099999999999681,7.0700000000000145,1.0000000000000264,804.9595999999999,1.539,0.0,0.0,0.0,0,Normal / No Flood
2021,3,22,9.08,20.39,49.0,2.21,2021-03-22,9.88999999999998,9.889999999999969,12.670000000000016,0.9180990899898908,999.11,20.0668,0.81,0.0,0.6885,0,Normal / No Flood
2021,3,23,5.98,18.84,50.29,1.82,2021-03-23,15.86999999999998,15.869999999999967,18.650000000000013,0.376811594202899,947.4636,10.8836,9.08,0.81,8.303225,0,Normal / No Flood
2021,3,24,0.0,19.48,40.32,2.01,2021-03-24,15.05999999999998,15.869999999999967,17.060000000000016,0.0,785.4336000000001,0.0,5.98,9.08,12.14074125,0,Normal / No Flood
2021,3,25,0.0,18.29,41.64,2.45,2021-03-25,5.979999999999979,15.869999999999967,17.05000000000001,0.0,761.5956,0.0,0.0,5.98,10.3196300625,0,Normal / No Flood
2021,3,26,0.0,20.06,38.06,2.38,2021-03-26,0.0,15.869999999999967,16.170000000000016,0.0,763.4836,0.0,0.0,0.0,8.771685553125,0,Normal / No Flood
2021,3,27,0.0,22.46,37.0,2.2,2021-03-27,0.0,15.869999999999967,15.870000000000015,0.0,831.02,0.0,0.0,0.0,7.455932720156249,0,Normal / No Flood
2021,3,28,0.17,24.06,40.52,1.94,2021-03-28,0.1699999999999787,15.229999999999968,16.040000000000017,1.0000000000001257,974.9112,0.3298,0.0,0.0,6.337542812132813,0,Normal / No Flood
2021,3,29,0.56,24.33,34.07,2.26,2021-03-29,0.7299999999999788,6.709999999999969,16.600000000000016,0.7671232876712553,828.9231,1.2656,0.17,0.0,5.310694065031249,0,Normal / No Flood
2021,3,30,0.31,23.51,30.25,2.18,2021-03-30,1.0399999999999787,1.039999999999968,16.910000000000014,0.2980769230769292,711.1775,0.6758000000000001,0.56,0.17,2.515875987921875,0,Normal / No Flood
2021,3,31,0.0,21.51,25.68,3.23,2021-03-31,0.8699999999999788,1.039999999999968,16.910000000000014,0.0,552.3768,0.0,0.31,0.56,0.77250125,0,Normal / No Flood
2021,4,1,0.0,19.93,22.98,2.74,2021-04-01,0.3099999999999787,1.039999999999968,16.910000000000014,0.0,457.9914,0.0,0.0,0.31,0.6566260625,0,Normal / No Flood
2021,4,2,0.0,19.8,19.16,2.39,2021-04-02,0.0,1.039999999999968,16.910000000000014,0.0,379.368,0.0,0.0,0.0,0.558132153125,0,Normal / No Flood
2021,4,3,0.0,20.01,18.77,2.36,2021-04-03,0.0,1.039999999999968,16.910000000000014,0.0,375.5877,0.0,0.0,0.0,0.4744123301562499,0,Normal / No Flood
2021,4,4,0.0,21.02,21.05,2.49,2021-04-04,0.0,0.8699999999999681,16.100000000000012,0.0,442.471,0.0,0.0,0.0,0.4032504806328124,0,Normal / No Flood
2021,4,5,0.17,23.37,33.93,2.76,2021-04-05,0.1699999999999787,0.479999999999968,7.190000000000015,1.0000000000001257,792.9441,0.4692,0.0,0.0,0.2964395192812499,0,Normal / No Flood
2021,4,6,2.37,22.18,43.03,2.67,2021-04-06,2.5399999999999787,2.539999999999968,3.5800000000000143,0.9330708661417402,954.4054,6.3279000000000005,0.17,0.0,0.2438788973671874,0,Normal / No Flood
2021,4,7,5.37,21.59,39.01,2.22,2021-04-07,7.909999999999979,7.909999999999968,8.950000000000014,0.6788874841972206,842.2258999999999,11.921400000000002,2.37,0.17,2.137325,0,Normal / No Flood
2021,4,8,0.0,21.16,29.88,2.14,2021-04-08,7.739999999999979,7.909999999999968,8.950000000000014,0.0,632.2608,0.0,5.37,2.37,6.381226249999999,0,Normal / No Flood
2021,4,9,0.0,21.71,25.1,2.48,2021-04-09,5.369999999999979,7.909999999999968,8.950000000000014,0.0,544.921,0.0,0.0,5.37,5.424042312499999,0,Normal / No Flood
2021,4,10,0.0,22.49,25.94,2.43,2021-04-10,0.0,7.909999999999968,8.950000000000014,0.0,583.3906,0.0,0.0,0.0,4.610435965624999,0,Normal / No Flood
2021,4,11,0.0,24.48,26.12,2.6,2021-04-11,0.0,7.909999999999968,8.780000000000015,0.0,639.4176,0.0,0.0,0.0,3.91887057078125,0,Normal / No Flood
2021,4,12,0.0,25.02,29.45,2.45,2021-04-12,0.0,7.739999999999968,8.220000000000013,0.0,736.8389999999999,0.0,0.0,0.0,3.331039985164062,0,Normal / No Flood
2021,4,13,0.0,25.56,28.4,3.01,2021-04-13,0.0,5.369999999999968,7.910000000000014,0.0,725.9039999999999,0.0,0.0,0.0,2.7850605981328123,0,Normal / No Flood
2021,4,14,0.0,26.57,31.47,2.92,2021-04-14,0.0,0.0,7.910000000000014,0.0,836.1578999999999,0.0,0.0,0.0,1.7214989640703122,0,Normal / No Flood
2021,4,15,0.0,26.81,28.6,2.25,2021-04-15,0.0,0.0,7.910000000000014,0.0,766.766,0.0,0.0,0.0,0.0,0,Normal / No Flood
2021,4,16,2.2,25.23,31.78,2.52,2021-04-16,2.199999999999979,2.199999999999968,10.110000000000014,1.0000000000000098,801.8094000000001,5.5440000000000005,0.0,0.0,0.0,0,Normal / No Flood
2021,4,17,14.26,21.04,51.43,2.58,2021-04-17,16.45999999999998,16.45999999999997,24.370000000000015,0.8663426488456876,1082.0872,36.7908,2.2,0.0,1.87,0,Normal / No Flood
2021,4,18,1.05,21.97,45.01,1.97,2021-04-18,17.509999999999977,17.509999999999966,25.420000000000016,0.0599657338663621,988.8697,2.0685,14.26,2.2,13.710499999999998,0,Normal / No Flood
2021,4,19,0.01,23.34,33.64,2.46,2021-04-19,15.31999999999998,17.519999999999968,25.260000000000012,0.0006527415143603,785.1576,0.0246,1.05,14.26,12.546425,0,Normal / No Flood
2021,4,20,4.3,20.12,36.9,2.19,2021-04-20,5.359999999999976,21.819999999999965,27.190000000000015,0.8022388059701527,742.428,9.417,0.01,1.05,10.672961249999998,0,Normal / No Flood
2021,4,21,16.71,19.13,63.79,2.21,2021-04-21,21.01999999999998,38.529999999999966,38.530000000000015,0.7949571836346345,1220.3027,36.9291,4.3,0.01,12.727017062499998,0,Normal / No Flood
2021,4,22,6.31,20.09,53.08,1.89,2021-04-22,27.319999999999975,44.83999999999997,44.84000000000002,0.2309663250366034,1066.3772,11.9259,16.71,4.3,25.021464503125,0,Normal / No Flood
2021,4,23,21.25,17.77,57.94,2.2,2021-04-23,44.26999999999998,63.88999999999996,66.09000000000002,0.4800090354641971,1029.5938,46.75000000000001,6.31,16.71,26.631744827656245,0,Normal / No Flood
2021,4,24,0.03,20.65,38.59,2.21,2021-04-24,27.58999999999998,49.65999999999996,66.12000000000002,0.0010873504893077,796.8835,0.0663,21.25,6.31,40.100003948421886,0,Normal / No Flood
2021,4,25,0.01,23.1,30.57,2.65,2021-04-25,21.289999999999974,48.61999999999997,66.13000000000001,0.0004697040864255,706.167,0.0265,0.03,21.25,30.22478846910156,0,Normal / No Flood
2021,4,26,0.0,25.53,28.43,2.44,2021-04-26,0.0399999999999786,48.60999999999997,66.13000000000001,0.0,725.8179,0.0,0.01,0.03,25.41345514744531,0,Normal / No Flood
2021,4,27,0.0,27.04,31.62,2.73,2021-04-27,0.0099999999999786,44.30999999999997,66.13000000000001,0.0,855.0048,0.0,0.0,0.01,21.59871197007812,0,Normal / No Flood
2021,4,28,0.0,28.03,31.77,2.44,2021-04-28,0.0,27.59999999999996,66.13000000000001,0.0,890.5131,0.0,0.0,0.0,17.187195916898435,0,Normal / No Flood
2021,4,29,0.11,27.86,32.98,2.0,2021-04-29,0.1099999999999786,21.399999999999963,66.24000000000001,1.0000000000001938,918.8228,0.22,0.0,0.0,10.055799855960936,0,Normal / No Flood
2021,4,30,0.41,27.73,35.58,1.95,2021-04-30,0.5199999999999787,0.5599999999999644,64.45000000000002,0.7884615384615707,986.6334,0.7995,0.11,0.0,6.92151466457031,0,Normal / No Flood
2021,5,1,1.03,27.52,37.94,1.53,2021-05-01,1.5499999999999787,1.5599999999999643,51.22000000000001,0.6645161290322672,1044.1088,1.5759,0.41,0.11,0.4413638078046875,0,Normal / No Flood
2021,5,2,4.79,26.94,41.44,1.41,2021-05-02,6.229999999999979,6.339999999999964,54.960000000000015,0.7688603531300187,1116.3936,6.7539,1.03,0.41,1.2424845208828126,0,Normal / No Flood
2021,5,3,5.61,25.7,48.32,1.56,2021-05-03,11.429999999999978,11.949999999999964,60.56000000000001,0.4908136482939642,1241.824,8.751600000000002,4.79,1.03,5.1248869375,0,Normal / No Flood
2021,5,4,4.57,26.62,43.7,1.66,2021-05-04,14.96999999999998,16.519999999999964,60.83000000000001,0.3052772211088849,1163.294,7.5862,5.61,4.79,9.124653896875,0,Normal / No Flood
2021,5,5,0.82,26.29,43.41,1.89,2021-05-05,10.99999999999998,17.339999999999964,44.94000000000001,0.0745454545454546,1141.2488999999998,1.5497999999999998,4.57,5.61,11.640455812343747,0,Normal / No Flood
2021,5,6,4.98,26.19,43.55,1.22,2021-05-06,10.36999999999998,22.209999999999965,43.610000000000014,0.4802314368370309,1140.5745,6.0756000000000006,0.82,4.57,10.591387440492188,0,Normal / No Flood
2021,5,7,2.86,24.95,48.39,1.56,2021-05-07,8.659999999999979,24.659999999999965,25.220000000000017,0.3302540415704396,1207.3305,4.4616,4.98,0.82,13.20570536666406,0,Normal / No Flood
2021,5,8,0.32,25.62,43.88,1.64,2021-05-08,8.159999999999979,23.949999999999964,25.510000000000016,0.0392156862745099,1124.2056,0.5247999999999999,2.86,4.98,13.544128446398435,0,Normal / No Flood
2021,5,9,1.1,26.86,39.35,1.96,2021-05-09,4.279999999999978,20.25999999999997,26.600000000000016,0.2570093457943939,1056.941,2.156,0.32,2.86,11.503843938648435,0,Normal / No Flood
2021,5,10,1.93,26.84,39.04,1.11,2021-05-10,3.349999999999978,16.579999999999966,28.530000000000015,0.5761194029850785,1047.8336,2.1423,1.1,0.32,9.408037732914062,0,Normal / No Flood
2021,5,11,0.62,26.69,40.48,2.13,2021-05-11,3.649999999999978,12.629999999999963,29.150000000000016,0.1698630136986311,1080.4112,1.3206,1.93,1.1,8.108660227507812,0,Normal / No Flood
2021,5,12,5.31,26.62,41.54,1.72,2021-05-12,7.859999999999977,17.119999999999965,34.460000000000015,0.6755725190839714,1105.7948,9.1332,0.62,1.93,6.1740794939531245,0,Normal / No Flood
2021,5,13,9.34,23.73,54.43,1.02,2021-05-13,15.269999999999978,21.479999999999965,43.69000000000001,0.6116568434839563,1291.6239,9.5268,5.31,0.62,9.538025339328124,0,Normal / No Flood
2021,5,14,0.03,24.49,45.13,1.74,2021-05-14,14.679999999999978,18.649999999999967,43.31000000000001,0.0020435967302452,1105.2337,0.0521999999999999,9.34,5.31,14.689318723734376,0,Normal / No Flood
2021,5,15,0.29,26.26,36.68,2.07,2021-05-15,9.65999999999998,18.619999999999965,42.570000000000014,0.0300207039337474,963.2168,0.6003,0.03,9.34,11.7320980135625,0,Normal / No Flood
2021,5,16,0.0,27.01,34.85,2.16,2021-05-16,0.3199999999999786,17.519999999999964,37.78000000000001,0.0,941.2985,0.0,0.29,0.03,10.131586343515622,0,Normal / No Flood
2021,5,17,0.0,28.47,31.96,2.28,2021-05-17,0.2899999999999786,15.589999999999964,32.17000000000001,0.0,909.9012,0.0,0.0,0.29,8.312108814445311,0,Normal / No Flood
2021,5,18,0.26,27.51,35.1,1.95,2021-05-18,0.2599999999999787,15.229999999999963,27.86000000000001,1.000000000000082,965.601,0.507,0.0,0.0,6.539385778953124,0,Normal / No Flood
2021,5,19,7.76,24.79,50.38,1.51,2021-05-19,8.019999999999978,17.679999999999964,34.80000000000001,0.9675810473815488,1248.9202,11.7176,0.26,0.0,5.610533786585936,0,Normal / No Flood
2021,5,20,5.51,24.92,51.38,2.18,2021-05-20,13.529999999999978,13.849999999999964,35.33000000000001,0.4072431633407249,1280.3896000000002,12.0118,7.76,0.26,9.918029030640623,0,Normal / No Flood
2021,5,21,2.44,26.12,44.11,1.78,2021-05-21,15.709999999999978,16.259999999999966,34.91000000000001,0.1553150859325272,1152.1532,4.3432,5.51,7.76,10.568763172179686,0,Normal / No Flood
2021,5,22,0.0,26.82,37.3,2.05,2021-05-22,7.949999999999978,15.969999999999963,34.59000000000001,0.0,1000.386,0.0,2.44,5.51,11.04927398060156,0,Normal / No Flood
2021,5,23,4.3,26.39,39.75,1.77,2021-05-23,6.739999999999979,20.269999999999964,37.790000000000006,0.6379821958456993,1049.0025,7.611,0.0,2.44,9.31286063125,0,Normal / No Flood
2021,5,24,1.54,25.8,38.38,3.39,2021-05-24,5.839999999999979,21.809999999999963,37.40000000000001,0.2636986301369872,990.204,5.2206,4.3,0.0,11.5709315365625,0,Normal / No Flood
2021,5,25,0.0,27.21,28.16,3.31,2021-05-25,5.8399999999999785,21.549999999999965,36.780000000000015,0.0,766.2336,0.0,1.54,4.3,11.144291806078122,0,Normal / No Flood
2021,5,26,0.0,29.29,23.51,2.0,2021-05-26,1.5399999999999796,13.789999999999964,31.470000000000013,0.0,688.6079,0.0,0.0,1.54,9.401800498656248,0,Normal / No Flood
2021,5,27,0.0,30.52,23.29,2.1,2021-05-27,0.0,8.279999999999966,22.130000000000013,0.0,710.8108,0.0,0.0,0.0,5.877003949554686,0,Normal / No Flood
2021,5,28,0.78,30.03,27.32,1.9,2021-05-28,0.7799999999999796,6.6199999999999655,22.880000000000013,1.0000000000000262,820.4196000000001,1.482,0.0,0.0,3.4940305641562492,0,Normal / No Flood
2021,5,29,7.17,28.95,46.1,2.29,2021-05-29,7.94999999999998,13.789999999999964,29.760000000000012,0.9018867924528324,1334.595,16.4193,0.78,0.0,2.9680490984374996,0,Normal / No Flood
2021,5,30,5.3,28.22,53.39,1.87,2021-05-30,13.24999999999998,14.789999999999964,35.06000000000002,0.4000000000000006,1506.6658,9.911,7.17,0.78,8.617341733671875,0,Normal / No Flood
2021,5,31,5.11,29.81,43.34,1.6,2021-05-31,17.57999999999998,18.359999999999964,40.170000000000016,0.290671217292378,1291.9654,8.176,5.3,7.17,10.658031215953123,0,Normal / No Flood
2021,6,1,14.69,26.85,48.93,1.73,2021-06-01,25.09999999999998,33.04999999999997,54.600000000000016,0.5852589641434267,1313.7705,25.4137,5.11,5.3,12.983191125,0,Normal / No Flood
2021,6,2,3.65,26.49,48.4,1.57,2021-06-02,23.44999999999998,36.69999999999997,50.490000000000016,0.1556503198294244,1282.116,5.7305,14.69,5.11,23.522212456249996,0,Normal / No Flood
2021,6,3,0.71,27.03,47.18,1.73,2021-06-03,19.04999999999998,37.40999999999997,45.69000000000001,0.0372703412073491,1275.2754,1.2283,3.65,14.69,23.096380587812497,0,Normal / No Flood
2021,6,4,1.6,28.23,43.95,1.67,2021-06-04,5.95999999999998,38.22999999999996,44.850000000000016,0.268456375838927,1240.7085000000002,2.672,0.71,3.65,20.23542349964062,0,Normal / No Flood
2021,6,5,3.16,28.28,46.05,1.75,2021-06-05,5.469999999999981,34.21999999999996,48.01000000000001,0.5776965265082287,1302.294,5.53,1.6,0.71,18.347567365164057,0,Normal / No Flood
2021,6,6,1.96,28.91,44.48,1.73,2021-06-06,6.719999999999981,30.879999999999967,45.67000000000001,0.2916666666666674,1285.9168,3.3908,3.16,1.6,16.327675195859374,0,Normal / No Flood
2021,6,7,0.29,29.06,51.24,2.31,2021-06-07,5.409999999999981,26.059999999999967,44.42000000000001,0.0536044362292053,1489.0344,0.6698999999999999,1.96,3.16,14.100324133773436,0,Normal / No Flood
2021,6,8,0.0,31.77,41.82,2.84,2021-06-08,2.2499999999999805,11.369999999999964,44.42000000000001,0.0,1328.6214,0.0,0.29,1.96,10.839348930757811,0,Normal / No Flood
2021,6,9,0.69,33.17,39.45,2.11,2021-06-09,0.9799999999999804,8.409999999999965,45.110000000000014,0.7040816326530752,1308.5565,1.4558999999999995,0.0,0.29,5.210560778320311,0,Normal / No Flood
2021,6,10,7.35,31.32,50.0,1.92,2021-06-10,8.03999999999998,15.049999999999963,52.46000000000001,0.9141791044776142,1566.0,14.111999999999998,0.69,0.0,4.020886245179687,0,Normal / No Flood
2021,6,11,6.85,29.67,57.24,1.71,2021-06-11,14.88999999999998,20.29999999999996,58.530000000000015,0.4600402955003364,1698.3108000000002,11.7135,7.35,0.69,9.471785035625,0,Normal / No Flood
2021,6,12,22.56,28.4,64.62,1.76,2021-06-12,36.75999999999998,39.69999999999996,73.92000000000002,0.6137105549510341,1835.208,39.7056,6.85,7.35,13.43753244021875,0,Normal / No Flood
2021,6,13,1.65,28.01,58.45,2.04,2021-06-13,31.059999999999977,39.389999999999965,70.27000000000002,0.0531229877656149,1637.1845,3.3659999999999997,22.56,6.85,29.736832515062495,0,Normal / No Flood
2021,6,14,1.68,28.8,48.02,1.72,2021-06-14,25.88999999999998,40.779999999999966,66.84000000000002,0.0648899188876014,1382.976,2.8895999999999997,1.65,22.56,26.144726208726556,0,Normal / No Flood
2021,6,15,2.46,28.66,47.55,1.99,2021-06-15,5.789999999999982,43.23999999999997,54.610000000000014,0.4248704663212448,1362.783,4.8953999999999995,1.68,1.65,23.571995025156248,0,Normal / No Flood
2021,6,16,32.02,24.76,69.94,1.8,2021-06-16,36.15999999999998,74.56999999999996,82.98000000000002,0.8855088495575226,1731.7144,57.63600000000001,2.46,1.68,22.12719577138281,0,Normal / No Flood
2021,6,17,2.93,27.08,59.84,1.24,2021-06-17,37.40999999999999,70.14999999999998,85.20000000000002,0.078321304464047,1620.4672,3.6332,32.02,2.46,45.83709794339843,0,Normal / No Flood
2021,6,18,7.18,27.36,58.12,1.33,2021-06-18,42.12999999999999,70.47999999999996,90.78000000000002,0.1704248753857109,1590.1632,9.5494,2.93,32.02,39.44922789285155,0,Normal / No Flood
2021,6,19,2.39,27.36,55.48,1.23,2021-06-19,12.499999999999986,50.309999999999974,90.01000000000002,0.1912000000000002,1517.9327999999998,2.9397,7.18,2.93,37.76828361240624,0,Normal / No Flood
2021,6,20,0.93,27.5,52.4,1.94,2021-06-20,10.499999999999986,49.589999999999975,88.98,0.0885714285714286,1441.0,1.8042,2.39,7.18,27.987154825664057,0,Normal / No Flood
2021,6,21,0.01,28.17,45.78,2.28,2021-06-21,3.329999999999986,47.91999999999997,88.70000000000002,0.003003003003003,1289.6226,0.0227999999999999,0.93,2.39,24.1299722355,0,Normal / No Flood
2021,6,22,0.0,29.25,43.26,2.36,2021-06-22,0.9399999999999858,45.45999999999997,88.70000000000002,0.0,1265.355,0.0,0.01,0.93,20.06119231810937,0,Normal / No Flood
2021,6,23,0.28,30.42,38.0,1.83,2021-06-23,0.2899999999999858,13.71999999999997,88.29000000000002,0.9655172413793576,1155.96,0.5124000000000001,0.0,0.01,16.381686778796873,0,Normal / No Flood
2021,6,24,2.65,29.34,39.57,1.73,2021-06-24,2.9299999999999855,13.439999999999973,83.59000000000002,0.9044368600682638,1160.9838,4.5845,0.28,0.0,5.437287150226561,0,Normal / No Flood
2021,6,25,2.74,29.49,40.6,1.73,2021-06-25,5.669999999999986,8.999999999999972,79.48000000000002,0.4832451499118178,1197.294,4.740200000000001,2.65,0.28,6.075796839328124,0,Normal / No Flood
2021,6,26,6.13,28.36,52.03,1.84,2021-06-26,11.519999999999984,12.739999999999972,63.05000000000002,0.5321180555555562,1475.5708,11.2792,2.74,2.65,5.536945343648436,0,Normal / No Flood
2021,6,27,0.0,28.98,49.6,2.27,2021-06-27,8.869999999999987,11.809999999999972,61.40000000000002,0.0,1437.408,0.0,6.13,2.74,9.265651187257811,0,Normal / No Flood
2021,6,28,0.0,30.26,43.24,2.25,2021-06-28,6.129999999999987,11.799999999999972,59.72000000000002,0.0,1308.4424,0.0,0.0,6.13,7.622387320882811,0,Normal / No Flood
2021,6,29,0.0,30.86,41.02,2.74,2021-06-29,0.0,11.799999999999972,57.26000000000002,0.0,1265.8772,0.0,0.0,0.0,6.476304317499999,0,Normal / No Flood
2021,6,30,0.0,31.79,38.81,2.74,2021-06-30,0.0,11.519999999999971,25.240000000000016,0.0,1233.7699,0.0,0.0,0.0,5.5048586698749995,0,Normal / No Flood
2021,7,1,0.43,31.91,39.91,2.18,2021-07-01,0.4299999999999866,9.299999999999972,22.740000000000016,1.000000000000031,1273.5281,0.9374,0.0,0.0,4.602832522382812,0,Normal / No Flood
2021,7,2,3.69,31.19,40.72,1.94,2021-07-02,4.119999999999987,10.249999999999972,19.250000000000018,0.8956310679611679,1270.0568,7.1586,0.43,0.0,3.555807752671874,0,Normal / No Flood
2021,7,3,6.83,29.55,45.9,1.48,2021-07-03,10.949999999999989,10.94999999999997,23.690000000000015,0.6237442922374437,1356.345,10.1084,3.69,0.43,5.412312551164062,0,Normal / No Flood
2021,7,4,3.6,29.54,50.62,2.36,2021-07-04,14.119999999999989,14.549999999999972,26.360000000000017,0.2549575070821532,1495.3148,8.496,6.83,3.69,8.73559875,0,Normal / No Flood
2021,7,5,5.15,29.44,52.33,2.01,2021-07-05,15.579999999999986,19.699999999999974,31.500000000000018,0.3305519897304239,1540.5952,10.3515,3.6,6.83,10.485258937499998,0,Normal / No Flood
2021,7,6,0.15,30.31,47.84,2.21,2021-07-06,8.899999999999986,19.849999999999973,31.650000000000013,0.0168539325842696,1450.0304,0.3314999999999999,5.15,3.6,13.289970096875,0,Normal / No Flood
2021,7,7,0.43,31.1,45.11,2.48,2021-07-07,5.729999999999986,20.279999999999973,31.800000000000015,0.0750436300174521,1402.921,1.0664,0.15,5.15,11.42397458234375,0,Normal / No Flood
2021,7,8,3.66,32.11,43.9,1.7,2021-07-08,4.239999999999986,23.509999999999973,32.81000000000002,0.8632075471698142,1409.629,6.222,0.43,0.15,10.075878394992188,0,Normal / No Flood
2021,7,9,0.41,30.43,49.28,1.59,2021-07-09,4.499999999999986,20.229999999999972,30.480000000000015,0.0911111111111113,1499.5904,0.6519,3.66,0.43,11.55832570997656,0,Normal / No Flood
2021,7,10,1.63,29.57,56.41,1.62,2021-07-10,5.699999999999986,15.029999999999973,25.980000000000015,0.2859649122807024,1668.0437,2.6406,0.41,3.66,9.167586816085937,0,Normal / No Flood
2021,7,11,6.81,28.31,65.06,1.76,2021-07-11,8.849999999999985,18.239999999999977,32.79000000000002,0.76949152542373,1841.8486,11.9856,1.63,0.41,7.316838507656248,0,Normal / No Flood
2021,7,12,40.16,25.54,79.45,2.83,2021-07-12,48.59999999999998,53.24999999999997,72.95000000000002,0.8263374485596711,2029.153,113.6528,6.81,1.63,11.026846841367188,1,Historical Disaster Record
2021,7,13,19.99,25.09,86.11,1.89,2021-07-13,66.95999999999998,73.08999999999997,92.94,0.298536439665472,2160.4999,37.781099999999995,40.16,6.81,42.10549361121093,1,Historical Disaster Record
2021,7,14,9.03,26.54,75.35,1.47,2021-07-14,69.17999999999998,81.68999999999997,101.97,0.1305290546400694,1999.789,13.2741,19.99,40.16,52.74029599077343,0,Normal / No Flood
2021,7,15,2.2,27.03,74.58,0.98,2021-07-15,31.219999999999985,80.22999999999996,103.74,0.0704676489429853,2015.8974,2.156,9.03,19.99,52.38758066639061,0,Normal / No Flood
2021,7,16,1.38,28.1,69.05,1.42,2021-07-16,12.609999999999983,81.19999999999997,101.43,0.1094369547977796,1940.305,1.9596,2.2,9.03,45.402128244789054,0,Normal / No Flood
2021,7,17,5.09,28.74,69.27,2.17,2021-07-17,8.669999999999986,84.65999999999997,99.69,0.5870818915801624,1990.8198,11.0453,1.38,2.2,39.653087892804685,0,Normal / No Flood
2021,7,18,15.45,28.46,72.25,1.62,2021-07-18,21.919999999999984,93.29999999999995,111.54000000000002,0.7048357664233581,2056.235,25.029,5.09,1.38,37.587465153070305,0,Normal / No Flood
2021,7,19,40.03,25.77,89.24,2.28,2021-07-19,60.569999999999986,93.16999999999996,146.42000000000002,0.6608882284959553,2299.7147999999997,91.2684,15.45,5.09,43.226184904593744,0,Normal / No Flood
2021,7,20,12.66,25.56,86.33,1.95,2021-07-20,68.13999999999999,85.83999999999997,158.93,0.1857939536248899,2206.5948,24.687,40.03,15.45,59.82453768333593,0,Normal / No Flood
2021,7,21,16.98,26.15,83.19,1.45,2021-07-21,69.66999999999999,93.78999999999998,175.48000000000002,0.2437203961532941,2175.4185,24.621,12.66,40.03,56.16477143530468,0,Normal / No Flood
2021,7,22,9.71,26.41,80.17,1.0,2021-07-22,39.34999999999999,101.29999999999998,181.53,0.2467598475222364,2117.2897000000003,9.71,16.98,12.66,59.71246627890625,0,Normal / No Flood
2021,7,23,3.94,26.31,79.18,0.64,2021-07-23,30.62999999999999,103.86,185.06,0.128632060071825,2083.2258,2.5216,9.71,16.98,58.409617181984366,0,Normal / No Flood
2021,7,24,1.71,26.64,78.93,1.31,2021-07-24,15.359999999999989,100.47999999999998,185.14,0.1113281250000001,2102.6952,2.2401,3.94,9.71,52.6211376801328,0,Normal / No Flood
2021,7,25,2.87,27.96,70.69,1.38,2021-07-25,8.519999999999985,87.89999999999998,181.2,0.3368544600938973,1976.4924,3.9606,1.71,3.94,44.79449025566406,0,Normal / No Flood
2021,7,26,15.53,25.36,88.48,1.74,2021-07-26,20.109999999999985,63.39999999999997,156.57000000000002,0.7722526106414724,2243.8528,27.0222,2.87,1.71,36.30483810546093,0,Normal / No Flood
2021,7,27,46.77,26.01,91.93,2.75,2021-07-27,65.16999999999999,97.50999999999996,183.35,0.7176615006905019,2391.0993000000003,128.6175,15.53,2.87,33.15181667232812,1,Historical Disaster Record
2021,7,28,34.47,24.82,90.96,2.34,2021-07-28,96.76999999999998,114.99999999999996,208.79,0.3562054355688747,2257.6272,80.65979999999999,46.77,15.53,64.48381412448437,1,Historical Disaster Record
2021,7,29,16.33,25.63,84.43,1.17,2021-07-29,97.57,121.61999999999998,222.92,0.167367018550784,2163.9409,19.1061,34.47,46.77,79.48385289064844,0,Normal / No Flood
2021,7,30,10.36,25.7,86.25,1.13,2021-07-30,61.15999999999998,128.03999999999996,231.90000000000003,0.1693917593198169,2216.625,11.706799999999998,16.33,34.47,78.79589195892187,0,Normal / No Flood
2021,7,31,5.06,25.86,83.67,1.02,2021-07-31,31.749999999999982,131.38999999999996,231.87,0.1593700787401575,2163.7062,5.1612,10.36,16.33,74.70889549642968,0,Normal / No Flood
2021,8,1,1.48,25.94,84.57,1.4,2021-08-01,16.899999999999984,129.99999999999997,217.90000000000003,0.0875739644970415,2193.7458,2.072,5.06,10.36,67.33760237414843,0,Normal / No Flood
2021,8,2,4.73,25.49,87.83,1.38,2021-08-02,11.269999999999984,119.19999999999996,182.6,0.4196983141082526,2238.7866999999997,6.5274,1.48,5.06,57.712914211164055,0,Normal / No Flood
2021,8,3,6.43,26.42,80.17,1.22,2021-08-03,12.639999999999986,78.85999999999997,176.37,0.5087025316455701,2118.0914,7.8446,4.73,1.48,48.84469922563281,0,Normal / No Flood
2021,8,4,11.52,25.97,85.36,1.33,2021-08-04,22.679999999999986,55.90999999999997,170.91000000000005,0.5079365079365082,2216.7992,15.3216,6.43,4.73,34.23911248571093,0,Normal / No Flood
2021,8,5,7.79,25.46,84.3,1.68,2021-08-05,25.739999999999984,47.36999999999997,168.99,0.3026418026418028,2146.278,13.0872,11.52,6.43,29.50249721475781,0,Normal / No Flood
2021,8,6,3.03,25.68,83.64,1.76,2021-08-06,22.339999999999986,40.03999999999997,168.08,0.1356311548791406,2147.8752,5.3328,7.79,11.52,27.248852358656244,0,Normal / No Flood
2021,8,7,7.3,25.91,81.85,1.28,2021-08-07,18.119999999999983,42.279999999999966,173.67,0.4028697571743933,2120.7335,9.344,3.03,7.79,22.914022665453125,0,Normal / No Flood
2021,8,8,14.37,25.62,81.15,1.01,2021-08-08,24.699999999999985,55.16999999999997,185.17,0.5817813765182189,2079.063,14.5137,7.3,3.03,24.303117208937497,0,Normal / No Flood
2021,8,9,2.97,25.71,81.82,1.39,2021-08-09,24.639999999999983,53.40999999999997,172.61,0.1205357142857143,2103.5922,4.1283,14.37,7.3,32.46886365053906,0,Normal / No Flood
2021,8,10,1.26,25.33,85.32,1.85,2021-08-10,18.599999999999984,48.239999999999974,127.1,0.067741935483871,2161.1555999999996,2.331,2.97,14.37,28.83415391952343,0,Normal / No Flood
2021,8,11,1.06,25.82,77.75,1.75,2021-08-11,5.289999999999986,37.77999999999997,93.69,0.2003780718336489,2007.505,1.855,1.26,2.97,23.827916755593744,0,Normal / No Flood
2021,8,12,1.42,26.04,76.26,1.46,2021-08-12,3.739999999999986,31.40999999999997,78.78000000000002,0.3796791443850281,1985.8104,2.0732,1.06,1.26,18.01563839380469,0,Normal / No Flood
2021,8,13,4.24,26.06,80.12,1.65,2021-08-13,6.719999999999986,32.61999999999997,72.66000000000001,0.6309523809523823,2087.9272,6.996,1.42,1.06,14.397591444679684,0,Normal / No Flood
2021,8,14,15.02,25.78,80.55,1.9,2021-08-14,20.679999999999986,40.339999999999975,82.62,0.7263056092843332,2076.579,28.537999999999997,4.24,1.42,15.016306437109373,0,Normal / No Flood
2021,8,15,3.09,25.53,79.35,1.5,2021-08-15,22.349999999999987,29.05999999999997,84.23,0.138255033557047,2025.8055,4.635,15.02,4.24,23.54167963875781,0,Normal / No Flood
2021,8,16,0.06,25.24,76.56,1.81,2021-08-16,18.169999999999984,26.14999999999997,79.56000000000002,0.0033021463951568,1932.3744,0.1086,3.09,15.02,18.72123884813281,0,Normal / No Flood
2021,8,17,0.0,25.36,75.86,2.1,2021-08-17,3.1499999999999857,24.88999999999997,73.13000000000001,0.0,1923.8096,0.0,0.06,3.09,15.154756161546873,0,Normal / No Flood
2021,8,18,1.74,25.47,78.03,1.69,2021-08-18,1.7999999999999858,25.569999999999972,63.35000000000001,0.9666666666666742,1987.4241,2.9406,0.0,0.06,12.538204675765623,0,Normal / No Flood
2021,8,19,4.88,26.12,77.12,1.22,2021-08-19,6.619999999999986,29.02999999999997,60.44000000000001,0.737160120845923,2014.3744,5.9536,1.74,0.0,11.847634017859374,0,Normal / No Flood
2021,8,20,15.13,25.1,82.2,0.64,2021-08-20,21.749999999999982,39.91999999999997,72.54,0.6956321839080465,2063.2200000000003,9.6832,4.88,1.74,13.831552369624998,0,Normal / No Flood
2021,8,21,37.54,24.06,86.0,0.78,2021-08-21,57.54999999999998,62.43999999999997,102.78000000000002,0.652302345786273,2069.16,29.2812,15.13,4.88,23.461959688015625,0,Normal / No Flood
2021,8,22,8.57,25.33,81.15,1.02,2021-08-22,61.23999999999999,67.91999999999997,96.98000000000002,0.1399412148922273,2055.5295,8.7414,37.54,15.13,47.75885804872655,0,Normal / No Flood
2021,8,23,1.76,24.9,85.45,1.68,2021-08-23,47.86999999999998,69.61999999999998,95.77,0.0367662419051598,2127.705,2.9568,8.57,37.54,47.03753361904687,0,Normal / No Flood
2021,8,24,4.03,24.93,85.35,1.61,2021-08-24,14.359999999999992,73.64999999999998,98.54000000000002,0.280640668523677,2127.7754999999997,6.488300000000001,1.76,8.57,41.4615541446875,0,Normal / No Flood
2021,8,25,16.97,25.06,83.7,1.41,2021-08-25,22.75999999999999,88.87999999999997,114.45000000000002,0.7456063268892796,2097.522,23.9277,4.03,1.76,38.66782102298436,0,Normal / No Flood
2021,8,26,1.74,25.77,74.82,1.5,2021-08-26,22.739999999999988,85.73999999999998,114.77,0.0765171503957784,1928.1114,2.61,16.97,4.03,46.81801435596874,0,Normal / No Flood
2021,8,27,9.08,25.74,74.93,1.37,2021-08-27,27.789999999999992,79.68999999999997,119.61,0.3267362360561354,1928.6982,12.4396,1.74,16.97,39.94455844038281,0,Normal / No Flood
2021,8,28,6.99,25.08,76.22,1.4,2021-08-28,17.809999999999995,49.13999999999998,111.58,0.3924761370016845,1911.5976,9.786,9.08,1.74,37.54809303048437,0,Normal / No Flood
2021,8,29,3.53,24.75,78.23,1.35,2021-08-29,19.59999999999999,44.09999999999998,112.02,0.1801020408163265,1936.1925,4.7655,6.99,9.08,27.628084765945307,0,Normal / No Flood
2021,8,30,1.16,24.26,80.69,1.29,2021-08-30,11.679999999999993,43.49999999999998,113.12000000000002,0.0993150684931507,1957.5394,1.4964,3.53,6.99,24.14912825146875,0,Normal / No Flood
2021,8,31,2.4,24.37,83.97,0.98,2021-08-31,7.089999999999993,41.869999999999976,115.52000000000002,0.3385049365303247,2046.3489,2.352,1.16,3.53,21.033175689679684,0,Normal / No Flood
2021,9,1,1.66,23.85,86.38,0.99,2021-09-01,5.219999999999993,26.559999999999977,115.44,0.3180076628352494,2060.163,1.6434,2.4,1.16,18.82006252032031,0,Normal / No Flood
2021,9,2,2.29,23.9,85.6,0.7,2021-09-02,6.3499999999999925,27.10999999999998,112.85,0.3606299212598429,2045.8399999999997,1.603,1.66,2.4,12.783888932359371,0,Normal / No Flood
2021,9,3,15.92,23.82,82.91,1.04,2021-09-03,19.86999999999999,33.949999999999974,113.64,0.8012078510317063,1974.9162,16.5568,2.29,1.66,12.338672078937496,0,Normal / No Flood
2021,9,4,9.79,24.22,81.41,0.83,2021-09-04,27.999999999999993,36.74999999999997,85.89000000000001,0.3496428571428572,1971.7501999999995,8.125699999999998,15.92,2.29,21.545657299742185,0,Normal / No Flood
2021,9,5,0.45,24.57,82.89,1.14,2021-09-05,26.159999999999993,33.66999999999997,77.77000000000002,0.0172018348623853,2036.6073,0.513,9.79,15.92,24.730599934757805,0,Normal / No Flood
2021,9,6,1.3,25.02,84.88,1.28,2021-09-06,11.53999999999999,33.809999999999974,77.31000000000002,0.1126516464471404,2123.6976,1.664,0.45,9.79,20.441618391156247,0,Normal / No Flood
2021,9,7,2.43,24.86,87.25,0.99,2021-09-07,4.179999999999991,33.83999999999998,75.71000000000001,0.5813397129186616,2169.035,2.4057,1.3,0.45,18.164286623437494,0,Normal / No Flood
2021,9,8,10.6,24.63,83.52,1.5,2021-09-08,14.329999999999991,42.77999999999997,69.34000000000002,0.7397069085833919,2057.0975999999996,15.9,2.43,1.3,16.851166369828125,0,Normal / No Flood
2021,9,9,12.55,24.84,83.98,0.92,2021-09-09,25.57999999999999,53.03999999999998,80.15000000000002,0.4906176700547304,2086.0632,11.546,10.6,2.43,22.88115714278906,0,Normal / No Flood
2021,9,10,26.65,23.95,88.17,1.36,2021-09-10,49.79999999999999,63.769999999999975,97.72000000000004,0.5351405622489961,2111.6715,36.244,12.55,10.6,29.492480269031248,0,Normal / No Flood
2021,9,11,9.98,23.99,80.65,1.33,2021-09-11,49.17999999999999,63.95999999999998,100.71,0.2029280195201301,1934.7935,13.2734,26.65,12.55,43.383059070054685,0,Normal / No Flood
2021,9,12,19.46,24.27,78.9,0.99,2021-09-12,56.08999999999999,82.96999999999998,116.64,0.3469424139775361,1914.903,19.2654,9.98,26.65,42.69091796941405,0,Normal / No Flood
2021,9,13,16.31,24.26,78.01,1.04,2021-09-13,45.74999999999999,97.98,131.79000000000002,0.3565027322404371,1892.5226,16.9624,19.46,9.98,52.70565953773438,0,Normal / No Flood
2021,9,14,1.32,24.45,77.32,1.15,2021-09-14,37.09,96.86999999999998,130.71,0.035589107576166,1890.4739999999997,1.518,16.31,19.46,58.309072924523434,0,Normal / No Flood
2021,9,15,1.33,24.69,79.78,1.43,2021-09-15,18.95999999999999,87.59999999999998,130.38000000000002,0.0701476793248945,1969.7682,1.9019,1.32,16.31,50.02256000999999,0,Normal / No Flood
2021,9,16,11.87,23.97,88.7,1.58,2021-09-16,14.519999999999992,86.91999999999999,139.96,0.8174931129476588,2126.139,18.7546,1.33,1.32,40.76127644308593,0,Normal / No Flood
2021,9,17,6.39,22.46,87.89,1.02,2021-09-17,19.589999999999993,66.65999999999998,130.43,0.326186830015314,1974.0094,6.517799999999999,11.87,1.33,41.3168288873828,0,Normal / No Flood
2021,9,18,0.03,23.73,87.05,1.16,2021-09-18,18.289999999999992,56.70999999999997,120.67000000000002,0.0016402405686167,2065.6965,0.0348,6.39,11.87,33.28893206198437,0,Normal / No Flood
2021,9,19,1.76,24.41,88.71,1.55,2021-09-19,8.179999999999993,39.00999999999998,121.98,0.2151589242053791,2165.4111,2.728,0.03,6.39,25.60163681279687,0,Normal / No Flood
2021,9,20,6.24,24.77,88.17,1.13,2021-09-20,8.029999999999994,28.939999999999976,126.92000000000002,0.7770859277708598,2183.9709,7.0512,1.76,0.03,17.954725673617183,0,Normal / No Flood
2021,9,21,8.31,24.5,84.91,1.03,2021-09-21,16.30999999999999,35.92999999999998,132.8,0.5095033721643166,2080.295,8.5593,6.24,1.76,16.121196359187497,0,Normal / No Flood
2021,9,22,10.55,23.52,79.59,0.86,2021-09-22,25.09999999999999,45.14999999999998,132.75,0.4203187250996017,1871.9568,9.073,8.31,6.24,20.40682941225781,0,Normal / No Flood
2021,9,23,25.6,22.71,85.58,1.07,2021-09-23,44.459999999999994,58.87999999999998,145.8,0.5757984705353127,1943.5218,27.392000000000003,10.55,8.31,25.950892602117182,0,Normal / No Flood
2021,9,24,22.31,23.51,80.53,1.29,2021-09-24,58.459999999999994,74.79999999999998,141.46,0.3816284639069449,1893.2603,28.7799,25.6,10.55,40.58379617958594,0,Normal / No Flood
2021,9,25,0.0,23.7,84.78,1.51,2021-09-25,47.91,74.76999999999998,131.48000000000002,0.0,2009.286,0.0,22.31,25.6,51.71851229764843,0,Normal / No Flood
2021,9,26,0.08,23.7,86.4,1.3,2021-09-26,22.38999999999999,73.08999999999997,112.1,0.0035730236712818,2047.68,0.104,0.0,22.31,43.95256073725,0,Normal / No Flood
2021,9,27,0.0,24.14,83.82,0.85,2021-09-27,0.0799999999999929,66.84999999999998,95.79000000000002,0.0,2023.4148,0.0,0.08,0.0,36.94809330259374,0,Normal / No Flood
2021,9,28,2.83,23.96,81.39,1.23,2021-09-28,2.909999999999993,61.369999999999976,97.3,0.9725085910652944,1950.1044,3.4809,0.0,0.08,29.705538430960935,0,Normal / No Flood
2021,9,29,3.59,23.92,79.08,1.13,2021-09-29,6.419999999999993,54.40999999999998,99.56000000000002,0.5591900311526485,1891.5936,4.056699999999999,2.83,0.0,25.390811403242186,0,Normal / No Flood
2021,9,30,2.06,24.02,83.5,1.3,2021-09-30,8.479999999999993,30.869999999999976,89.75000000000001,0.242924528301887,2005.67,2.6780000000000004,3.59,2.83,21.75891465359375,0,Normal / No Flood
2021,10,1,0.45,23.59,88.51,1.45,2021-10-01,6.0999999999999925,9.009999999999978,83.81000000000002,0.0737704918032787,2087.9509000000003,0.6525,2.06,3.59,13.270320014554684,0,Normal / No Flood
2021,10,2,0.6,23.66,87.74,1.57,2021-10-02,3.109999999999993,9.609999999999978,84.38000000000001,0.1929260450160775,2075.9284,0.942,0.45,2.06,5.583008398749999,0,Normal / No Flood
2021,10,3,0.02,23.59,87.41,1.65,2021-10-03,1.069999999999993,9.54999999999998,82.64000000000001,0.0186915887850468,2062.0019,0.033,0.6,0.45,5.255557138937498,0,Normal / No Flood
2021,10,4,1.39,23.73,81.09,1.19,2021-10-04,2.0099999999999927,10.939999999999978,77.79,0.6915422885572164,1924.2657,1.6541,0.02,0.6,4.46242432609375,0,Normal / No Flood
2021,10,5,0.58,23.12,76.24,1.19,2021-10-05,1.9899999999999929,8.689999999999978,70.06000000000002,0.2914572864321618,1762.6688,0.6901999999999999,1.39,0.02,4.974560677179687,0,Normal / No Flood
2021,10,6,0.0,22.84,84.46,1.65,2021-10-06,1.9699999999999929,5.099999999999978,59.51000000000001,0.0,1929.0664,0.0,0.58,1.39,3.950228389742187,0,Normal / No Flood
2021,10,7,0.0,22.54,82.69,1.6,2021-10-07,0.5799999999999929,3.0399999999999787,33.91000000000001,0.0,1863.8326,0.0,0.0,0.58,2.3794531463906243,0,Normal / No Flood
2021,10,8,0.0,22.43,82.58,1.59,2021-10-08,0.0,2.5899999999999785,11.600000000000014,0.0,1852.2694,0.0,0.0,0.0,1.4612046928515623,0,Normal / No Flood
2021,10,9,0.0,22.03,76.63,1.69,2021-10-09,0.0,1.9899999999999785,11.600000000000014,0.0,1688.1589,0.0,0.0,0.0,1.1194032526562498,0,Normal / No Flood
2021,10,10,0.0,23.13,62.94,1.37,2021-10-10,0.0,1.9699999999999784,11.520000000000014,0.0,1455.8022,0.0,0.0,0.0,0.7879984497343748,0,Normal / No Flood
2021,10,11,0.0,22.7,59.55,1.18,2021-10-11,0.0,0.5799999999999786,11.520000000000014,0.0,1351.785,0.0,0.0,0.0,0.6643488717734373,0,Normal / No Flood
2021,10,12,0.0,22.67,62.29,1.29,2021-10-12,0.0,0.0,8.690000000000014,0.0,1412.1143000000002,0.0,0.0,0.0,0.1859347112031249,0,Normal / No Flood
2021,10,13,0.0,21.52,65.86,1.39,2021-10-13,0.0,0.0,5.100000000000014,0.0,1417.3072,0.0,0.0,0.0,0.0,0,Normal / No Flood
2021,10,14,0.0,22.58,62.74,1.16,2021-10-14,0.0,0.0,3.0400000000000142,0.0,1416.6692,0.0,0.0,0.0,0.0,0,Normal / No Flood
2021,10,15,0.0,24.11,57.58,1.17,2021-10-15,0.0,0.0,2.590000000000014,0.0,1388.2538,0.0,0.0,0.0,0.0,0,Normal / No Flood
2021,10,16,0.0,22.76,61.91,1.56,2021-10-16,0.0,0.0,1.990000000000014,0.0,1409.0716,0.0,0.0,0.0,0.0,0,Normal / No Flood
2021,10,17,4.59,20.55,72.22,1.44,2021-10-17,4.589999999999993,4.5899999999999785,6.560000000000014,1.0000000000000016,1484.121,6.6095999999999995,0.0,0.0,0.0,0,Normal / No Flood
2021,10,18,18.19,19.57,82.82,1.23,2021-10-18,22.77999999999999,22.77999999999998,23.360000000000017,0.7985074626865675,1620.7874,22.3737,4.59,0.0,3.9015,0,Normal / No Flood
2021,10,19,0.0,19.95,79.52,1.74,2021-10-19,22.77999999999999,22.77999999999998,22.780000000000015,0.0,1586.4239999999998,0.0,18.19,4.59,18.777775,0,Normal / No Flood
2021,10,20,0.02,20.75,71.17,1.87,2021-10-20,18.209999999999994,22.79999999999998,22.800000000000015,0.00109829763866,1476.7775,0.0374,0.0,18.19,15.96110875,0,Normal / No Flood
2021,10,21,0.0,19.92,64.06,1.78,2021-10-21,0.0199999999999928,22.79999999999998,22.800000000000015,0.0,1276.0752000000002,0.0,0.02,0.0,13.5839424375,0,Normal / No Flood
2021,10,22,0.0,20.41,54.12,1.19,2021-10-22,0.0199999999999928,22.79999999999998,22.800000000000015,0.0,1104.5892,0.0,0.0,0.02,11.546351071874998,0,Normal / No Flood
2021,10,23,2.12,18.61,71.15,2.2,2021-10-23,2.119999999999993,24.91999999999998,24.920000000000016,1.000000000000003,1324.1015,4.664000000000001,0.0,0.0,9.814398411093748,0,Normal / No Flood
2021,10,24,10.73,17.85,78.26,1.72,2021-10-24,12.849999999999994,31.05999999999998,35.65000000000002,0.8350194552529187,1396.9410000000005,18.4556,2.12,0.0,10.144238649429688,0,Normal / No Flood
2021,10,25,0.05,17.51,69.68,1.2,2021-10-25,12.899999999999997,12.91999999999998,35.70000000000002,0.003875968992248,1220.0968000000005,0.06,10.73,2.12,16.49237134208594,0,Normal / No Flood
2021,10,26,0.36,17.71,64.64,1.15,2021-10-26,11.139999999999992,13.27999999999998,36.06000000000002,0.0323159784560143,1144.7744,0.414,0.05,10.73,9.1044129903125,0,Normal / No Flood
2021,10,27,1.21,17.34,68.41,1.26,2021-10-27,1.6199999999999928,14.46999999999998,37.27000000000002,0.7469135802469169,1186.2294,1.5246,0.36,0.05,8.044751041765624,0,Normal / No Flood
2021,10,28,0.1,17.97,62.26,1.28,2021-10-28,1.6699999999999928,14.56999999999998,37.37000000000002,0.0598802395209583,1118.8121999999998,0.128,1.21,0.36,7.861088574999998,0,Normal / No Flood
2021,10,29,0.0,18.07,59.95,1.55,2021-10-29,1.309999999999993,14.56999999999998,37.37000000000002,0.0,1083.2965000000002,0.0,0.1,1.21,6.7669252887499995,0,Normal / No Flood
2021,10,30,0.0,17.31,57.89,1.86,2021-10-30,0.0999999999999929,12.44999999999998,37.37000000000002,0.0,1002.0759,0.0,0.0,0.1,5.7518864954375,0,Normal / No Flood
2021,10,31,0.0,17.58,52.63,1.53,2021-10-31,0.0,1.7199999999999789,32.78000000000002,0.0,925.2354,0.0,0.0,0.0,4.311423608039061,0,Normal / No Flood
2021,11,1,0.0,18.35,44.38,1.01,2021-11-01,0.0,1.6699999999999786,14.590000000000016,0.0,814.3730000000002,0.0,0.0,0.0,0.7408867331640624,0,Normal / No Flood
2021,11,2,0.38,16.46,54.16,1.62,2021-11-02,0.3799999999999929,1.6899999999999786,14.970000000000017,1.0000000000000189,891.4736,0.6156,0.0,0.0,0.6161291969374998,0,Normal / No Flood
2021,11,3,0.17,17.42,54.2,1.13,2021-11-03,0.5499999999999929,0.6499999999999787,15.120000000000015,0.3090909090909131,944.164,0.1921,0.38,0.0,0.7486132283828124,0,Normal / No Flood
2021,11,4,0.0,16.48,54.66,1.24,2021-11-04,0.5499999999999929,0.5499999999999787,15.120000000000015,0.0,900.7968,0.0,0.17,0.38,0.4511077088281249,0,Normal / No Flood
2021,11,5,0.0,16.77,57.56,1.54,2021-11-05,0.1699999999999929,0.5499999999999787,15.120000000000015,0.0,965.2812,0.0,0.0,0.17,0.3561924999999999,0,Normal / No Flood
2021,11,6,0.0,16.46,54.56,1.94,2021-11-06,0.0,0.5499999999999787,13.000000000000014,0.0,898.0576000000001,0.0,0.0,0.0,0.302763625,0,Normal / No Flood
2021,11,7,0.0,16.86,49.0,1.65,2021-11-07,0.0,0.5499999999999787,2.2700000000000142,0.0,826.14,0.0,0.0,0.0,0.2573490812499999,0,Normal / No Flood
2021,11,8,0.0,16.51,50.93,1.95,2021-11-08,0.0,0.5499999999999787,2.2200000000000144,0.0,840.8543000000001,0.0,0.0,0.0,0.2187467190624999,0,Normal / No Flood
2021,11,9,0.0,16.69,52.93,1.96,2021-11-09,0.0,0.1699999999999787,1.860000000000014,0.0,883.4017000000001,0.0,0.0,0.0,0.1859347112031249,0,Normal / No Flood
2021,11,10,0.0,16.76,50.08,1.7,2021-11-10,0.0,0.0,0.6500000000000142,0.0,839.3408000000001,0.0,0.0,0.0,0.0544981050078124,0,Normal / No Flood
2021,11,11,0.0,16.5,49.04,1.76,2021-11-11,0.0,0.0,0.5500000000000143,0.0,809.16,0.0,0.0,0.0,0.0,0,Normal / No Flood
2021,11,12,0.0,16.26,49.3,1.57,2021-11-12,0.0,0.0,0.5500000000000143,0.0,801.618,0.0,0.0,0.0,0.0,0,Normal / No Flood
2021,11,13,0.0,16.1,49.41,1.73,2021-11-13,0.0,0.0,0.5500000000000143,0.0,795.501,0.0,0.0,0.0,0.0,0,Normal / No Flood
2021,11,14,0.0,15.37,47.26,1.34,2021-11-14,0.0,0.0,0.5500000000000143,0.0,726.3861999999999,0.0,0.0,0.0,0.0,0,Normal / No Flood
2021,11,15,0.0,14.24,47.64,1.76,2021-11-15,0.0,0.0,0.5500000000000143,0.0,678.3936,0.0,0.0,0.0,0.0,0,Normal / No Flood
2021,11,16,0.0,14.69,46.71,1.56,2021-11-16,0.0,0.0,0.1700000000000142,0.0,686.1699,0.0,0.0,0.0,0.0,0,Normal / No Flood
2021,11,17,0.0,15.18,45.66,1.36,2021-11-17,0.0,0.0,0.0,0.0,693.1188,0.0,0.0,0.0,0.0,0,Normal / No Flood
2021,11,18,0.0,15.96,41.64,1.28,2021-11-18,0.0,0.0,0.0,0.0,664.5744000000001,0.0,0.0,0.0,0.0,0,Normal / No Flood
2021,11,19,0.0,16.31,44.46,1.15,2021-11-19,0.0,0.0,0.0,0.0,725.1425999999999,0.0,0.0,0.0,0.0,0,Normal / No Flood
2021,11,20,0.0,16.9,43.44,1.3,2021-11-20,0.0,0.0,0.0,0.0,734.1359999999999,0.0,0.0,0.0,0.0,0,Normal / No Flood
2021,11,21,0.0,16.04,47.09,1.51,2021-11-21,0.0,0.0,0.0,0.0,755.3236,0.0,0.0,0.0,0.0,0,Normal / No Flood
2021,11,22,0.0,14.48,47.82,2.24,2021-11-22,0.0,0.0,0.0,0.0,692.4336000000001,0.0,0.0,0.0,0.0,0,Normal / No Flood
2021,11,23,0.0,14.95,46.28,1.62,2021-11-23,0.0,0.0,0.0,0.0,691.886,0.0,0.0,0.0,0.0,0,Normal / No Flood
2021,11,24,0.0,15.52,41.5,1.44,2021-11-24,0.0,0.0,0.0,0.0,644.0799999999999,0.0,0.0,0.0,0.0,0,Normal / No Flood
2021,11,25,0.0,14.48,45.31,1.46,2021-11-25,0.0,0.0,0.0,0.0,656.0888000000001,0.0,0.0,0.0,0.0,0,Normal / No Flood
2021,11,26,0.0,14.2,47.44,1.58,2021-11-26,0.0,0.0,0.0,0.0,673.6479999999999,0.0,0.0,0.0,0.0,0,Normal / No Flood
2021,11,27,0.0,14.37,46.93,1.23,2021-11-27,0.0,0.0,0.0,0.0,674.3841,0.0,0.0,0.0,0.0,0,Normal / No Flood
2021,11,28,0.0,14.59,51.12,1.28,2021-11-28,0.0,0.0,0.0,0.0,745.8408,0.0,0.0,0.0,0.0,0,Normal / No Flood
2021,11,29,0.0,14.51,50.76,1.71,2021-11-29,0.0,0.0,0.0,0.0,736.5276,0.0,0.0,0.0,0.0,0,Normal / No Flood
2021,11,30,0.0,14.27,46.55,1.38,2021-11-30,0.0,0.0,0.0,0.0,664.2684999999999,0.0,0.0,0.0,0.0,0,Normal / No Flood
2021,12,1,0.0,13.04,51.57,0.95,2021-12-01,0.0,0.0,0.0,0.0,672.4728,0.0,0.0,0.0,0.0,0,Normal / No Flood
2021,12,2,0.04,15.01,42.88,1.0,2021-12-02,0.0399999999999928,0.0399999999999786,0.0400000000000142,1.0000000000001776,643.6288000000001,0.04,0.0,0.0,0.0,0,Normal / No Flood
2021,12,3,4.07,15.16,67.26,1.69,2021-12-03,4.109999999999993,4.109999999999979,4.1100000000000145,0.990267639902678,1019.6616,6.8783,0.04,0.0,0.034,0,Normal / No Flood
2021,12,4,0.0,16.24,61.71,1.29,2021-12-04,4.109999999999993,4.109999999999979,4.1100000000000145,0.0,1002.1704,0.0,4.07,0.04,3.4884000000000004,0,Normal / No Flood
2021,12,5,1.06,14.87,68.4,1.65,2021-12-05,5.129999999999994,5.169999999999979,5.170000000000014,0.2066276803118911,1017.108,1.749,0.0,4.07,2.96514,0,Normal / No Flood
2021,12,6,4.41,13.17,71.2,1.15,2021-12-06,5.4699999999999935,9.57999999999998,9.580000000000014,0.8062157221206591,937.704,5.0714999999999995,1.06,0.0,3.421369,0,Normal / No Flood
2021,12,7,0.0,12.18,54.46,1.63,2021-12-07,5.4699999999999935,9.57999999999998,9.580000000000014,0.0,663.3228,0.0,4.41,1.06,6.65666365,0,Normal / No Flood
2021,12,8,0.0,13.87,44.71,1.23,2021-12-08,4.409999999999993,9.57999999999998,9.580000000000014,0.0,620.1277,0.0,0.0,4.41,5.6581641025,0,Normal / No Flood
2021,12,9,0.0,13.55,48.37,1.37,2021-12-09,0.0,9.53999999999998,9.580000000000014,0.0,655.4135,0.0,0.0,0.0,4.809439487125,0,Normal / No Flood
2021,12,10,0.0,12.54,48.15,1.64,2021-12-10,0.0,5.469999999999978,9.580000000000014,0.0,603.8009999999999,0.0,0.0,0.0,4.077123943054687,0,Normal / No Flood
2021,12,11,0.0,12.05,41.03,1.4,2021-12-11,0.0,5.469999999999978,9.580000000000014,0.0,494.4115000000001,0.0,0.0,0.0,2.3565189146875,0,Normal / No Flood
2021,12,12,0.0,12.37,43.09,1.07,2021-12-12,0.0,4.409999999999979,9.580000000000014,0.0,533.0233000000001,0.0,0.0,0.0,2.0030410774843745,0,Normal / No Flood
2021,12,13,0.0,11.49,56.38,1.37,2021-12-13,0.0,0.0,9.580000000000014,0.0,647.8062,0.0,0.0,0.0,1.4137449593203122,0,Normal / No Flood
2021,12,14,0.0,10.59,64.38,1.62,2021-12-14,0.0,0.0,9.580000000000014,0.0,681.7841999999999,0.0,0.0,0.0,0.0,0,Normal / No Flood
2021,12,15,0.0,10.82,49.42,1.23,2021-12-15,0.0,0.0,9.580000000000014,0.0,534.7244000000001,0.0,0.0,0.0,0.0,0,Normal / No Flood
2021,12,16,0.0,8.53,53.06,1.6,2021-12-16,0.0,0.0,9.540000000000015,0.0,452.6018,0.0,0.0,0.0,0.0,0,Normal / No Flood
2021,12,17,0.03,7.18,55.05,1.81,2021-12-17,0.0299999999999928,0.0299999999999786,5.500000000000014,1.000000000000237,395.259,0.0543,0.0,0.0,0.0,0,Normal / No Flood
2021,12,18,0.0,7.11,50.19,1.99,2021-12-18,0.0299999999999928,0.0299999999999786,5.500000000000014,0.0,356.8509,0.0,0.03,0.0,0.0255,0,Normal / No Flood
2021,12,19,0.0,7.98,38.61,1.65,2021-12-19,0.0299999999999928,0.0299999999999786,4.440000000000014,0.0,308.1078,0.0,0.0,0.03,0.0216749999999999,0,Normal / No Flood
2021,12,20,0.0,9.17,38.62,1.66,2021-12-20,0.0,0.0299999999999786,0.0300000000000133,0.0,354.1454,0.0,0.0,0.0,0.0184237499999999,0,Normal / No Flood
2021,12,21,0.0,10.64,38.11,1.58,2021-12-21,0.0,0.0299999999999786,0.0300000000000133,0.0,405.4904,0.0,0.0,0.0,0.0156601874999999,0,Normal / No Flood
2021,12,22,0.0,11.58,42.28,1.39,2021-12-22,0.0,0.0299999999999786,0.0300000000000133,0.0,489.6024,0.0,0.0,0.0,0.0133111593749999,0,Normal / No Flood
2021,12,23,0.0,12.66,43.53,1.26,2021-12-23,0.0,0.0299999999999786,0.0300000000000133,0.0,551.0898,0.0,0.0,0.0,0.0113144854687499,0,Normal / No Flood
2021,12,24,0.0,12.05,51.52,1.37,2021-12-24,0.0,0.0,0.0300000000000133,0.0,620.816,0.0,0.0,0.0,0.0096173126484374,0,Normal / No Flood
2021,12,25,0.0,11.38,58.34,1.33,2021-12-25,0.0,0.0,0.0300000000000133,0.0,663.9092,0.0,0.0,0.0,0.0,0,Normal / No Flood
2021,12,26,0.31,11.4,58.74,1.5,2021-12-26,0.3099999999999929,0.3099999999999787,0.3400000000000133,1.0000000000000229,669.6360000000001,0.4649999999999999,0.0,0.0,0.0,0,Normal / No Flood
2021,12,27,0.01,10.11,60.28,1.34,2021-12-27,0.3199999999999929,0.3199999999999787,0.3500000000000133,0.0312500000000006,609.4308,0.0134,0.31,0.0,0.2635,0,Normal / No Flood
2021,12,28,0.0,10.8,50.83,1.32,2021-12-28,0.3199999999999929,0.3199999999999787,0.3500000000000133,0.0,548.964,0.0,0.01,0.31,0.232475,0,Normal / No Flood
2021,12,29,0.0,9.89,53.48,1.56,2021-12-29,0.0099999999999928,0.3199999999999787,0.3500000000000133,0.0,528.9172,0.0,0.0,0.01,0.19760375,0,Normal / No Flood
2021,12,30,0.0,9.71,52.77,1.29,2021-12-30,0.0,0.3199999999999787,0.3500000000000133,0.0,512.3967000000001,0.0,0.0,0.0,0.1679631874999999,0,Normal / No Flood
2021,12,31,0.0,10.28,48.51,1.39,2021-12-31,0.0,0.3199999999999787,0.3200000000000134,0.0,498.68279999999993,0.0,0.0,0.0,0.142768709375,0,Normal / No Flood
2022,1,1,0.0,11.29,42.78,1.28,2022-01-01,0.0,0.3199999999999787,0.3200000000000134,0.0,482.9862,0.0,0.0,0.0,0.1213534029687499,0,Normal / No Flood
2022,1,2,0.0,11.33,45.15,1.31,2022-01-02,0.0,0.0099999999999786,0.3200000000000134,0.0,511.5495,0.0,0.0,0.0,0.1031503925234374,0,Normal / No Flood
2022,1,3,0.03,13.02,43.57,1.56,2022-01-03,0.0299999999999928,0.0299999999999786,0.3500000000000133,1.000000000000237,567.2814,0.0468,0.0,0.0,0.0032057708828124,0,Normal / No Flood
2022,1,4,3.62,12.75,55.3,1.4,2022-01-04,3.649999999999993,3.6499999999999786,3.9700000000000135,0.9917808219178104,705.0749999999999,5.068,0.03,0.0,0.0255,0,Normal / No Flood
2022,1,5,31.03,9.18,82.96,2.6,2022-01-05,34.67999999999999,34.67999999999998,35.000000000000014,0.8947520184544409,761.5727999999999,80.67800000000001,3.62,0.03,3.098675,0,Normal / No Flood
2022,1,6,1.43,10.43,82.53,2.17,2022-01-06,36.07999999999999,36.10999999999998,36.430000000000014,0.0396341463414634,860.7879,3.1031,31.03,3.62,29.00937375,0,Normal / No Flood
2022,1,7,3.86,10.33,90.64,3.1,2022-01-07,36.31999999999999,39.96999999999998,40.29000000000001,0.1062775330396476,936.3112,11.966,1.43,31.03,25.873467687499996,0,Normal / No Flood
2022,1,8,23.97,11.13,87.16,4.07,2022-01-08,29.25999999999999,63.939999999999976,64.26000000000002,0.8192071086807932,970.0908,97.5579,3.86,1.43,25.273447534375,0,Normal / No Flood
2022,1,9,28.96,9.32,90.27,1.41,2022-01-09,56.78999999999999,92.89999999999998,92.91,0.5099489346715972,841.3164,40.8336,23.97,3.86,41.856930404218744,0,Normal / No Flood
2022,1,10,12.06,7.51,83.03,1.25,2022-01-10,64.99,104.92999999999998,104.96000000000002,0.1855670103092783,623.5553,15.075,28.96,23.97,60.19439084358594,0,Normal / No Flood
2022,1,11,1.49,9.17,71.88,1.12,2022-01-11,42.50999999999999,102.79999999999995,106.45000000000002,0.03505057633498,659.1396,1.6688,12.06,28.96,61.40805750129687,0,Normal / No Flood
2022,1,12,1.78,9.14,69.58,1.27,2022-01-12,15.329999999999991,73.54999999999998,108.23000000000002,0.1161121983039791,635.9612000000001,2.2606,1.49,12.06,52.47693317546093,0,Normal / No Flood
2022,1,13,0.0,9.7,67.89,1.06,2022-01-13,3.269999999999993,72.11999999999998,108.23000000000002,0.0,658.5329999999999,0.0,1.78,1.49,37.66301220717968,0,Normal / No Flood
2022,1,14,0.0,8.74,65.79,1.26,2022-01-14,1.779999999999993,68.25999999999998,108.23000000000002,0.0,575.0046000000001,0.0,0.0,1.78,31.62389892529687,0,Normal / No Flood
2022,1,15,0.0,8.91,54.43,1.59,2022-01-15,0.0,44.28999999999998,108.23000000000002,0.0,484.9713,0.0,0.0,0.0,25.828500659851557,0,Normal / No Flood
2022,1,16,0.0,10.0,55.72,1.38,2022-01-16,0.0,15.32999999999998,108.23000000000002,0.0,557.2,0.0,0.0,0.0,15.422627675687496,0,Normal / No Flood
2022,1,17,0.0,9.2,63.16,1.13,2022-01-17,0.0,3.2699999999999787,108.20000000000002,0.0,581.0719999999999,0.0,0.0,0.0,5.217907919203125,0,Normal / No Flood
2022,1,18,0.0,10.34,67.63,1.8,2022-01-18,0.0,1.7799999999999787,104.58,0.0,699.2941999999999,0.0,0.0,0.0,1.148985999351562,0,Normal / No Flood
2022,1,19,1.24,9.25,70.9,0.98,2022-01-19,1.2399999999999929,1.239999999999979,74.79000000000002,1.0000000000000058,655.825,1.2152,0.0,0.0,0.5706272171406249,0,Normal / No Flood
2022,1,20,0.99,9.6,83.02,1.15,2022-01-20,2.229999999999993,2.2299999999999787,74.35000000000001,0.4439461883408085,796.992,1.1384999999999998,1.24,0.0,1.054,0,Normal / No Flood
2022,1,21,1.18,9.98,82.31,1.15,2022-01-21,3.409999999999993,3.409999999999979,71.67,0.3460410557184757,821.4538,1.3569999999999998,0.99,1.24,1.7374,0,Normal / No Flood
2022,1,22,14.6,8.38,81.94,3.25,2022-01-22,16.769999999999992,18.009999999999977,62.30000000000001,0.8706022659511036,686.6572,47.45,1.18,0.99,2.4797899999999995,0,Normal / No Flood
2022,1,23,27.42,6.44,90.62,2.04,2022-01-23,43.2,45.42999999999998,60.76000000000002,0.6347222222222223,583.5928,55.936800000000005,14.6,1.18,14.5178215,0,Normal / No Flood
2022,1,24,4.1,6.44,88.28,0.77,2022-01-24,46.12,49.52999999999998,52.80000000000001,0.0888985255854293,568.5232000000001,3.1569999999999996,27.42,14.6,35.647148275000006,0,Normal / No Flood
2022,1,25,2.9,7.93,82.27,1.16,2022-01-25,34.419999999999995,52.42999999999998,54.210000000000015,0.084253341080767,652.4010999999999,3.364,4.1,27.42,33.785076033749995,0,Normal / No Flood
2022,1,26,1.3,7.51,86.18,1.21,2022-01-26,8.299999999999992,52.489999999999974,53.73000000000002,0.1566265060240965,647.2118,1.573,2.9,4.1,31.182314628687497,0,Normal / No Flood
2022,1,27,0.0,7.71,75.64,2.19,2022-01-27,4.199999999999993,51.49999999999998,53.73000000000002,0.0,583.1844,0.0,1.3,2.9,27.272079183335933,0,Normal / No Flood
2022,1,28,0.0,7.37,67.22,2.21,2022-01-28,1.299999999999993,50.31999999999998,53.73000000000002,0.0,495.4114,0.0,0.0,1.3,22.911501686046872,0,Normal / No Flood
2022,1,29,0.0,9.43,62.94,1.86,2022-01-29,0.0,35.71999999999998,53.73000000000002,0.0,593.5242,0.0,0.0,0.0,19.153237613593745,0,Normal / No Flood
2022,1,30,0.0,10.33,59.77,1.95,2022-01-30,0.0,8.299999999999978,53.73000000000002,0.0,617.4241000000001,0.0,0.0,0.0,12.301890305984372,0,Normal / No Flood
2022,1,31,0.0,11.76,55.05,1.39,2022-01-31,0.0,4.199999999999979,53.73000000000002,0.0,647.3879999999999,0.0,0.0,0.0,2.9849165635156245,0,Normal / No Flood
2022,2,1,0.0,10.34,65.14,1.87,2022-02-01,0.0,1.2999999999999787,53.73000000000002,0.0,673.5476,0.0,0.0,0.0,1.4199679263281246,0,Normal / No Flood
2022,2,2,0.52,11.02,64.19,1.43,2022-02-02,0.5199999999999929,0.5199999999999787,53.01000000000001,1.0000000000000138,707.3738,0.7436,0.0,0.0,0.4167502147656249,0,Normal / No Flood
2022,2,3,20.43,7.62,85.39,2.17,2022-02-03,20.949999999999992,20.949999999999974,72.45000000000002,0.9751789976133656,650.6718,44.333099999999995,0.52,0.0,0.442,0,Normal / No Flood
2022,2,4,15.27,6.84,85.97,0.84,2022-02-04,36.21999999999999,36.21999999999998,86.54000000000002,0.4215902816123689,588.0348,12.8268,20.43,0.52,17.7412,0,Normal / No Flood
2022,2,5,0.01,7.05,77.6,1.67,2022-02-05,35.70999999999999,36.229999999999976,71.95000000000002,0.0002800336040324,547.0799999999999,0.0167,15.27,20.43,28.059519999999996,0,Normal / No Flood
2022,2,6,0.0,10.07,66.41,1.35,2022-02-06,15.279999999999992,36.229999999999976,44.53000000000001,0.0,668.7487,0.0,0.01,15.27,23.859091999999997,0,Normal / No Flood
2022,2,7,0.0,11.2,68.37,1.59,2022-02-07,0.0099999999999928,36.229999999999976,40.430000000000014,0.0,765.744,0.0,0.0,0.01,20.2802282,0,Normal / No Flood
2022,2,8,0.02,11.26,69.08,1.43,2022-02-08,0.0199999999999928,36.24999999999998,37.55000000000002,1.0000000000003553,777.8408,0.0286,0.0,0.0,17.238193969999998,0,Normal / No Flood
2022,2,9,1.25,9.39,76.02,1.12,2022-02-09,1.269999999999993,36.979999999999976,37.500000000000014,0.9842519685039424,713.8278,1.4,0.02,0.0,14.669464874499996,0,Normal / No Flood
2022,2,10,0.0,9.31,68.06,2.2,2022-02-10,1.269999999999993,16.54999999999998,37.500000000000014,0.0,633.6386000000001,0.0,1.25,0.02,13.389850070304684,0,Normal / No Flood
2022,2,11,0.0,8.99,63.51,2.19,2022-02-11,1.249999999999993,1.2799999999999787,37.500000000000014,0.0,570.9549,0.0,0.0,1.25,5.814391133210936,0,Normal / No Flood
2022,2,12,0.0,10.6,57.99,1.91,2022-02-12,0.0,1.2699999999999787,37.500000000000014,0.0,614.694,0.0,0.0,0.0,0.7813021458828124,0,Normal / No Flood
2022,2,13,0.0,11.45,55.81,1.55,2022-02-13,0.0,1.2699999999999787,37.500000000000014,0.0,639.0245,0.0,0.0,0.0,0.6613819187499999,0,Normal / No Flood
2022,2,14,0.0,11.97,59.7,1.41,2022-02-14,0.0,1.2699999999999787,37.500000000000014,0.0,714.609,0.0,0.0,0.0,0.5621746309375,0,Normal / No Flood
2022,2,15,0.0,12.14,65.01,1.39,2022-02-15,0.0,1.249999999999979,37.500000000000014,0.0,789.2214000000001,0.0,0.0,0.0,0.4778484362968749,0,Normal / No Flood
2022,2,16,0.0,12.06,69.45,1.94,2022-02-16,0.0,0.0,36.98000000000002,0.0,837.5670000000001,0.0,0.0,0.0,0.4007213603515624,0,Normal / No Flood
2022,2,17,0.0,12.41,60.78,1.94,2022-02-17,0.0,0.0,16.550000000000015,0.0,754.2798,0.0,0.0,0.0,0.0,0,Normal / No Flood
2022,2,18,0.0,11.92,54.95,1.98,2022-02-18,0.0,0.0,1.2800000000000142,0.0,655.004,0.0,0.0,0.0,0.0,0,Normal / No Flood
2022,2,19,0.03,11.36,60.08,2.18,2022-02-19,0.0299999999999928,0.0299999999999786,1.3000000000000145,1.000000000000237,682.5088,0.0654,0.0,0.0,0.0,0,Normal / No Flood
2022,2,20,0.01,11.24,64.03,2.42,2022-02-20,0.0399999999999928,0.0399999999999786,1.3100000000000145,0.2500000000000444,719.6972000000001,0.0242,0.03,0.0,0.0255,0,Normal / No Flood
2022,2,21,0.0,12.59,51.81,1.7,2022-02-21,0.0399999999999928,0.0399999999999786,1.3100000000000145,0.0,652.2879,0.0,0.01,0.03,0.0301749999999999,0,Normal / No Flood
2022,2,22,1.54,14.74,48.68,3.7,2022-02-22,1.549999999999993,1.5799999999999788,2.8300000000000143,0.9935483870967788,717.5432,5.698,0.0,0.01,0.0256487499999999,0,Normal / No Flood
2022,2,23,3.44,13.91,69.03,3.8,2022-02-23,4.979999999999993,5.019999999999978,5.020000000000014,0.6907630522088363,960.2073,13.072,1.54,0.0,1.3308014375,0,Normal / No Flood
2022,2,24,6.04,13.82,68.28,1.13,2022-02-24,11.019999999999992,11.05999999999998,11.060000000000016,0.5480943738656991,943.6296,6.8252,3.44,1.54,4.055181221875,0,Normal / No Flood
2022,2,25,1.3,13.21,69.44,1.45,2022-02-25,10.779999999999994,12.35999999999998,12.360000000000015,0.1205936920222635,917.3024,1.885,6.04,3.44,8.580904038593749,0,Normal / No Flood
2022,2,26,10.35,10.88,76.43,2.54,2022-02-26,17.68999999999999,22.67999999999998,22.710000000000015,0.5850763143018658,831.5584000000001,26.289,1.3,6.04,8.398768432804687,0,Normal / No Flood
2022,2,27,0.09,11.6,67.64,1.6,2022-02-27,11.739999999999991,22.75999999999998,22.800000000000015,0.0076660988074957,784.624,0.144,10.35,1.3,15.928278452132812,0,Normal / No Flood
2022,2,28,0.0,12.74,54.61,1.62,2022-02-28,10.439999999999992,22.75999999999998,22.800000000000015,0.0,695.7314,0.0,0.09,10.35,13.6128117790625,0,Normal / No Flood
2022,3,1,0.0,15.51,52.75,1.29,2022-03-01,0.0899999999999928,21.21999999999998,22.800000000000015,0.0,818.1525,0.0,0.0,0.09,11.570890012203124,0,Normal / No Flood
2022,3,2,0.0,15.5,57.1,1.38,2022-03-02,0.0,17.77999999999998,22.800000000000015,0.0,885.0500000000001,0.0,0.0,0.0,9.415621101812498,0,Normal / No Flood
2022,3,3,1.97,15.39,63.8,1.3,2022-03-03,1.9699999999999929,13.70999999999998,24.770000000000017,1.0000000000000036,981.882,2.561,0.0,0.0,7.065910530406249,0,Normal / No Flood
2022,3,4,0.15,14.66,69.97,1.29,2022-03-04,2.119999999999993,12.55999999999998,24.920000000000016,0.0707547169811323,1025.7602,0.1935,1.97,0.0,6.0346811796093744,0,Normal / No Flood
2022,3,5,0.0,15.69,58.83,1.99,2022-03-05,2.119999999999993,2.209999999999978,24.890000000000015,0.0,923.0427,0.0,0.15,1.97,4.902741320117187,0,Normal / No Flood
2022,3,6,0.0,17.18,52.65,0.96,2022-03-06,0.1499999999999929,2.119999999999979,24.880000000000017,0.0,904.527,0.0,0.0,0.15,1.3470531879453125,0,Normal / No Flood
2022,3,7,0.0,17.66,56.02,1.27,2022-03-07,0.0,2.119999999999979,24.880000000000017,0.0,989.3132,0.0,0.0,0.0,1.1204710624999998,0,Normal / No Flood
2022,3,8,0.0,17.5,53.48,1.83,2022-03-08,0.0,2.119999999999979,23.340000000000018,0.0,935.9,0.0,0.0,0.0,0.952400403125,0,Normal / No Flood
2022,3,9,0.0,16.92,53.22,2.04,2022-03-09,0.0,2.119999999999979,19.900000000000016,0.0,900.4824000000001,0.0,0.0,0.0,0.8095403426562499,0,Normal / No Flood
2022,3,10,0.0,17.58,54.9,1.91,2022-03-10,0.0,0.1499999999999786,13.860000000000015,0.0,965.1419999999998,0.0,0.0,0.0,0.6881092912578124,0,Normal / No Flood
2022,3,11,0.0,18.16,55.58,2.13,2022-03-11,0.0,0.0,12.560000000000016,0.0,1009.3328,0.0,0.0,0.0,0.0480865632421874,0,Normal / No Flood
2022,3,12,0.0,18.2,54.52,1.89,2022-03-12,0.0,0.0,2.210000000000014,0.0,992.264,0.0,0.0,0.0,0.0,0,Normal / No Flood
2022,3,13,0.0,19.98,54.7,1.96,2022-03-13,0.0,0.0,2.1200000000000143,0.0,1092.9060000000002,0.0,0.0,0.0,0.0,0,Normal / No Flood
2022,3,14,0.0,21.59,55.31,1.85,2022-03-14,0.0,0.0,2.1200000000000143,0.0,1194.1429,0.0,0.0,0.0,0.0,0,Normal / No Flood
2022,3,15,0.0,22.0,53.64,2.34,2022-03-15,0.0,0.0,2.1200000000000143,0.0,1180.08,0.0,0.0,0.0,0.0,0,Normal / No Flood
2022,3,16,0.0,22.58,48.1,2.49,2022-03-16,0.0,0.0,2.1200000000000143,0.0,1086.098,0.0,0.0,0.0,0.0,0,Normal / No Flood
2022,3,17,0.0,24.0,42.25,1.65,2022-03-17,0.0,0.0,0.1500000000000142,0.0,1014.0,0.0,0.0,0.0,0.0,0,Normal / No Flood
2022,3,18,0.0,24.04,54.15,1.55,2022-03-18,0.0,0.0,0.0,0.0,1301.7659999999998,0.0,0.0,0.0,0.0,0,Normal / No Flood
2022,3,19,0.23,24.68,52.96,1.37,2022-03-19,0.2299999999999929,0.2299999999999787,0.2300000000000142,1.0000000000000309,1307.0528,0.3151,0.0,0.0,0.0,0,Normal / No Flood
2022,3,20,0.0,24.63,46.16,1.43,2022-03-20,0.2299999999999929,0.2299999999999787,0.2300000000000142,0.0,1136.9208,0.0,0.23,0.0,0.1955,0,Normal / No Flood
2022,3,21,0.0,23.61,42.84,2.27,2022-03-21,0.2299999999999929,0.2299999999999787,0.2300000000000142,0.0,1011.4524,0.0,0.0,0.23,0.166175,0,Normal / No Flood
2022,3,22,0.0,21.88,39.39,2.65,2022-03-22,0.0,0.2299999999999787,0.2300000000000142,0.0,861.8532,0.0,0.0,0.0,0.1412487499999999,0,Normal / No Flood
2022,3,23,0.0,22.15,37.17,2.19,2022-03-23,0.0,0.2299999999999787,0.2300000000000142,0.0,823.3154999999999,0.0,0.0,0.0,0.1200614374999999,0,Normal / No Flood
2022,3,24,0.28,22.45,39.28,2.08,2022-03-24,0.2799999999999929,0.5099999999999787,0.5100000000000142,1.000000000000025,881.836,0.5824,0.0,0.0,0.1020522218749999,0,Normal / No Flood
2022,3,25,0.02,21.93,39.97,2.6,2022-03-25,0.2999999999999929,0.5299999999999787,0.5300000000000142,0.0666666666666682,876.5421,0.052,0.28,0.0,0.32474438859375,0,Normal / No Flood
2022,3,26,0.0,21.67,37.01,2.8,2022-03-26,0.2999999999999929,0.2999999999999787,0.5300000000000142,0.0,802.0067,0.0,0.02,0.28,0.2930327303046874,0,Normal / No Flood
2022,3,27,0.0,22.94,31.27,2.45,2022-03-27,0.0199999999999928,0.2999999999999787,0.5300000000000142,0.0,717.3338,0.0,0.0,0.02,0.186405,0,Normal / No Flood
2022,3,28,0.0,24.09,30.59,2.01,2022-03-28,0.0,0.2999999999999787,0.5300000000000142,0.0,736.9131,0.0,0.0,0.0,0.1584442499999999,0,Normal / No Flood
2022,3,29,0.0,24.44,28.67,2.19,2022-03-29,0.0,0.2999999999999787,0.5300000000000142,0.0,700.6948000000001,0.0,0.0,0.0,0.1346776125,0,Normal / No Flood
2022,3,30,0.0,25.06,24.22,1.79,2022-03-30,0.0,0.2999999999999787,0.5300000000000142,0.0,606.9531999999999,0.0,0.0,0.0,0.1144759706249999,0,Normal / No Flood
2022,3,31,0.0,24.71,28.04,1.76,2022-03-31,0.0,0.0199999999999786,0.5300000000000142,0.0,692.8684,0.0,0.0,0.0,0.0973045750312499,0,Normal / No Flood
2022,4,1,0.0,24.26,29.73,2.05,2022-04-01,0.0,0.0,0.5300000000000142,0.0,721.2498,0.0,0.0,0.0,0.0064115417656249,0,Normal / No Flood
2022,4,2,0.0,25.61,24.9,1.7,2022-04-02,0.0,0.0,0.3000000000000142,0.0,637.689,0.0,0.0,0.0,0.0,0,Normal / No Flood
2022,4,3,0.0,25.08,24.15,1.73,2022-04-03,0.0,0.0,0.3000000000000142,0.0,605.6819999999999,0.0,0.0,0.0,0.0,0,Normal / No Flood
2022,4,4,0.0,25.39,24.27,2.19,2022-04-04,0.0,0.0,0.3000000000000142,0.0,616.2153,0.0,0.0,0.0,0.0,0,Normal / No Flood
2022,4,5,0.0,24.78,26.29,2.29,2022-04-05,0.0,0.0,0.3000000000000142,0.0,651.4662,0.0,0.0,0.0,0.0,0,Normal / No Flood
2022,4,6,0.0,25.22,26.98,2.51,2022-04-06,0.0,0.0,0.3000000000000142,0.0,680.4356,0.0,0.0,0.0,0.0,0,Normal / No Flood
2022,4,7,0.0,26.24,28.59,2.21,2022-04-07,0.0,0.0,0.0200000000000142,0.0,750.2016,0.0,0.0,0.0,0.0,0,Normal / No Flood
2022,4,8,0.0,26.99,26.46,2.48,2022-04-08,0.0,0.0,0.0,0.0,714.1554,0.0,0.0,0.0,0.0,0,Normal / No Flood
2022,4,9,0.0,27.8,24.49,2.26,2022-04-09,0.0,0.0,0.0,0.0,680.822,0.0,0.0,0.0,0.0,0,Normal / No Flood
2022,4,10,0.0,27.7,25.24,2.14,2022-04-10,0.0,0.0,0.0,0.0,699.1479999999999,0.0,0.0,0.0,0.0,0,Normal / No Flood
2022,4,11,0.0,28.3,25.63,2.21,2022-04-11,0.0,0.0,0.0,0.0,725.329,0.0,0.0,0.0,0.0,0,Normal / No Flood
2022,4,12,0.0,27.75,28.07,1.41,2022-04-12,0.0,0.0,0.0,0.0,778.9425,0.0,0.0,0.0,0.0,0,Normal / No Flood
2022,4,13,1.13,26.85,28.95,2.59,2022-04-13,1.1299999999999928,1.1299999999999786,1.130000000000014,1.0000000000000062,777.3075,2.9266999999999994,0.0,0.0,0.0,0,Normal / No Flood
2022,4,14,0.71,26.19,31.74,2.08,2022-04-14,1.8399999999999928,1.8399999999999783,1.840000000000014,0.3858695652173928,831.2706,1.4768,1.13,0.0,0.9605,0,Normal / No Flood
2022,4,15,0.14,24.68,31.57,2.15,2022-04-15,1.9799999999999929,1.9799999999999789,1.9800000000000144,0.0707070707070709,779.1476,0.301,0.71,1.13,1.4199249999999997,0,Normal / No Flood
2022,4,16,0.12,26.31,29.89,1.6,2022-04-16,0.9699999999999928,2.0999999999999783,2.100000000000014,0.1237113402061864,786.4059,0.192,0.14,0.71,1.3259362499999998,0,Normal / No Flood
2022,4,17,0.0,26.29,29.91,1.77,2022-04-17,0.2599999999999929,2.0999999999999783,2.100000000000014,0.0,786.3339,0.0,0.12,0.14,1.2290458125,0,Normal / No Flood
2022,4,18,0.0,27.82,25.51,1.94,2022-04-18,0.1199999999999928,2.0999999999999783,2.100000000000014,0.0,709.6882,0.0,0.0,0.12,1.0446889406249995,0,Normal / No Flood
2022,4,19,0.01,29.08,26.07,2.08,2022-04-19,0.0099999999999928,2.1099999999999786,2.110000000000014,1.0000000000007103,758.1156,0.0208,0.0,0.0,0.8879855995312498,0,Normal / No Flood
2022,4,20,0.0,28.15,29.87,2.78,2022-04-20,0.0099999999999928,0.9799999999999788,2.110000000000014,0.0,840.8405,0.0,0.01,0.0,0.7632877596015623,0,Normal / No Flood
2022,4,21,0.32,26.19,36.3,1.56,2022-04-21,0.3299999999999929,0.5899999999999788,2.430000000000014,0.9696969696969906,950.697,0.4992,0.0,0.01,0.3408803023671874,0,Normal / No Flood
2022,4,22,0.27,25.7,34.93,1.63,2022-04-22,0.589999999999993,0.7199999999999787,2.700000000000014,0.4576271186440733,897.701,0.4401,0.32,0.0,0.3682799842343749,0,Normal / No Flood
2022,4,23,0.0,25.88,30.73,2.6,2022-04-23,0.589999999999993,0.5999999999999788,2.700000000000014,0.0,795.2923999999999,0.0,0.27,0.32,0.50438931309375,0,Normal / No Flood
2022,4,24,0.0,26.13,27.3,2.69,2022-04-24,0.2699999999999929,0.5999999999999788,2.700000000000014,0.0,713.349,0.0,0.0,0.27,0.3960320531249999,0,Normal / No Flood
2022,4,25,0.0,27.68,27.36,2.81,2022-04-25,0.0,0.5999999999999788,2.700000000000014,0.0,757.3248,0.0,0.0,0.0,0.33662724515625,0,Normal / No Flood
2022,4,26,0.0,28.1,25.37,2.3,2022-04-26,0.0,0.5899999999999788,2.700000000000014,0.0,712.897,0.0,0.0,0.0,0.2861331583828124,0,Normal / No Flood
2022,4,27,0.0,28.87,22.43,2.47,2022-04-27,0.0,0.5899999999999788,1.5700000000000145,0.0,647.5541000000001,0.0,0.0,0.0,0.2404882793749999,0,Normal / No Flood
2022,4,28,0.09,30.58,20.93,2.27,2022-04-28,0.0899999999999928,0.3599999999999786,0.9500000000000144,1.000000000000079,640.0394,0.2042999999999999,0.0,0.0,0.2044150374687499,0,Normal / No Flood
2022,4,29,0.17,30.52,22.85,2.48,2022-04-29,0.2599999999999929,0.2599999999999787,0.9800000000000142,0.6538461538461717,697.3820000000001,0.4216,0.09,0.0,0.1630558138359374,0,Normal / No Flood
2022,4,30,0.16,31.23,23.14,2.26,2022-04-30,0.4199999999999929,0.4199999999999787,1.0200000000000142,0.3809523809523873,722.6622,0.3616,0.17,0.09,0.209525,0,Normal / No Flood
2022,5,1,1.29,30.12,22.98,2.19,2022-05-01,1.619999999999993,1.7099999999999786,2.3100000000000143,0.7962962962962997,692.1576,2.8251,0.16,0.17,0.3140962499999999,0,Normal / No Flood
2022,5,2,0.45,28.71,26.81,2.18,2022-05-02,1.899999999999993,2.159999999999979,2.7600000000000144,0.2368421052631587,769.7151,0.981,1.29,0.16,1.3634818125,0,Normal / No Flood
2022,5,3,14.17,27.4,38.42,1.69,2022-05-03,15.909999999999991,16.329999999999977,16.920000000000016,0.8906348208673794,1052.708,23.9473,0.45,1.29,1.541459540625,0,Normal / No Flood
2022,5,4,7.17,27.66,45.06,1.97,2022-05-04,21.789999999999992,23.49999999999998,24.090000000000018,0.3290500229463057,1246.3596,14.1249,14.17,0.45,13.35474060953125,0,Normal / No Flood
2022,5,5,0.08,26.41,43.13,2.28,2022-05-05,21.419999999999995,23.489999999999977,23.850000000000012,0.003734827264239,1139.0633,0.1823999999999999,7.17,14.17,17.446029518101557,0,Normal / No Flood
2022,5,6,0.33,27.31,36.88,2.2,2022-05-06,7.579999999999993,23.649999999999977,23.910000000000014,0.0435356200527704,1007.1928,0.7260000000000001,0.08,7.17,14.87260094313281,0,Normal / No Flood
2022,5,7,0.12,28.25,31.82,2.09,2022-05-07,0.5299999999999929,23.609999999999975,24.030000000000015,0.2264150943396256,898.915,0.2507999999999999,0.33,0.08,12.87588741240625,0,Normal / No Flood
2022,5,8,0.0,28.91,31.65,1.78,2022-05-08,0.4499999999999929,22.31999999999998,24.030000000000015,0.0,915.0015,0.0,0.12,0.33,11.002905816539062,0,Normal / No Flood
2022,5,9,1.1,28.27,37.38,1.81,2022-05-09,1.219999999999993,22.969999999999978,25.130000000000013,0.9016393442623004,1056.7326,1.9910000000000003,0.0,0.12,9.00095716675781,0,Normal / No Flood
2022,5,10,0.84,28.7,39.28,1.96,2022-05-10,1.9399999999999928,9.63999999999998,25.970000000000013,0.432989690721651,1127.336,1.6464,1.1,0.0,8.46319285547656,0,Normal / No Flood
2022,5,11,1.03,29.71,37.49,1.94,2022-05-11,2.969999999999993,3.4999999999999787,27.000000000000018,0.3468013468013476,1113.8279,1.9982,0.84,1.1,4.0465231873515615,0,Normal / No Flood
2022,5,12,0.93,31.01,31.94,1.89,2022-05-12,2.799999999999993,4.349999999999978,27.840000000000018,0.3321428571428579,990.4594,1.7577,1.03,0.84,2.36128764471875,0,Normal / No Flood
2022,5,13,0.04,31.41,23.75,2.61,2022-05-13,1.9999999999999931,4.059999999999978,27.71000000000001,0.02,745.9875,0.1043999999999999,0.93,1.03,2.7757952560078123,0,Normal / No Flood
2022,5,14,0.0,31.73,17.85,2.74,2022-05-14,0.969999999999993,3.939999999999978,27.55000000000001,0.0,566.3805000000001,0.0,0.04,0.93,2.3035040943437495,0,Normal / No Flood
2022,5,15,0.0,33.2,15.83,2.16,2022-05-15,0.0399999999999928,3.939999999999979,26.260000000000012,0.0,525.556,0.0,0.0,0.04,1.9252796171875,0,Normal / No Flood
2022,5,16,0.2,32.96,18.59,2.07,2022-05-16,0.1999999999999929,3.0399999999999783,26.010000000000016,1.0000000000000355,612.7264,0.414,0.0,0.0,1.6364876746093748,0,Normal / No Flood
2022,5,17,4.2,29.75,29.26,1.88,2022-05-17,4.399999999999993,6.399999999999979,16.040000000000013,0.954545454545456,870.485,7.896,0.2,0.0,1.261274945875,0,Normal / No Flood
2022,5,18,1.51,29.8,31.21,2.03,2022-05-18,5.909999999999993,6.879999999999979,10.380000000000017,0.2554991539763116,930.058,3.0652999999999997,4.2,0.2,4.413191662960937,0,Normal / No Flood
2022,5,19,0.21,31.43,25.34,2.39,2022-05-19,5.919999999999993,6.159999999999978,10.510000000000014,0.035472972972973,796.4362,0.5019,1.51,4.2,4.7540476727265615,0,Normal / No Flood
2022,5,20,0.54,32.2,20.33,2.19,2022-05-20,2.2599999999999927,6.659999999999978,10.720000000000017,0.2389380530973459,654.626,1.1826,0.21,1.51,3.9660243335312497,0,Normal / No Flood
2022,5,21,0.98,30.84,23.29,2.26,2022-05-21,1.7299999999999929,7.639999999999978,11.580000000000014,0.5664739884393086,718.2636,2.2148,0.54,0.21,3.8192210625,0,Normal / No Flood
2022,5,22,3.34,29.78,28.06,2.09,2022-05-22,4.859999999999992,10.97999999999998,14.920000000000016,0.6872427983539106,835.6268,6.980599999999999,0.98,0.54,4.079337903125,0,Normal / No Flood
2022,5,23,14.83,25.57,45.32,3.32,2022-05-23,19.14999999999999,25.609999999999975,28.650000000000013,0.7744125326370761,1158.8324,49.2356,3.34,0.98,6.306437217656249,0,Normal / No Flood
2022,5,24,20.93,22.2,58.73,2.41,2022-05-24,39.099999999999994,42.339999999999975,48.74000000000001,0.5352941176470589,1303.8059999999998,50.441300000000005,14.83,3.34,17.91147353,0,Normal / No Flood
2022,5,25,0.0,25.46,45.9,1.47,2022-05-25,35.75999999999999,40.82999999999998,47.71000000000001,0.0,1168.614,0.0,20.93,14.83,31.87079229533593,0,Normal / No Flood
2022,5,26,0.02,27.36,42.89,1.89,2022-05-26,20.94999999999999,40.63999999999998,46.80000000000001,0.0009546539379474,1173.4704,0.0378,0.0,20.93,26.678712758226553,0,Normal / No Flood
2022,5,27,0.07,28.76,42.8,1.8,2022-05-27,0.0899999999999893,40.16999999999998,46.83000000000001,0.7777777777778698,1230.928,0.126,0.02,0.0,22.636682834234367,0,Normal / No Flood
2022,5,28,1.05,30.95,34.81,1.58,2022-05-28,1.1399999999999897,40.23999999999998,47.88000000000001,0.921052631578956,1077.3695,1.6590000000000005,0.07,0.02,19.15353552557812,0,Normal / No Flood
2022,5,29,1.5,29.35,34.92,1.61,2022-05-29,2.6199999999999894,38.39999999999998,49.38000000000001,0.5725190839694679,1024.902,2.415,1.05,0.07,16.90596448220312,0,Normal / No Flood
2022,5,30,2.32,29.72,32.8,2.08,2022-05-30,4.8699999999999894,25.88999999999998,51.50000000000001,0.4763860369609866,974.816,4.8256,1.5,1.05,14.734951456242184,0,Normal / No Flood
2022,5,31,0.13,29.04,31.44,1.84,2022-05-31,3.949999999999989,5.0899999999999785,47.430000000000014,0.0329113924050633,913.0176,0.2392,2.32,1.5,10.45567425147656,0,Normal / No Flood
2022,6,1,0.02,30.28,28.16,2.35,2022-06-01,2.469999999999989,5.109999999999979,45.94000000000002,0.0080971659919028,852.6848,0.047,0.13,2.32,3.2945964246874992,0,Normal / No Flood
2022,6,2,0.0,30.11,24.43,2.33,2022-06-02,0.1499999999999893,5.089999999999979,45.73000000000002,0.0,735.5873,0.0,0.02,0.13,2.8174069609843744,0,Normal / No Flood
2022,6,3,0.0,30.43,21.72,2.5,2022-06-03,0.0199999999999893,5.019999999999979,45.19000000000002,0.0,660.9395999999999,0.0,0.0,0.02,2.3893461063359367,0,Normal / No Flood
2022,6,4,0.0,31.42,20.81,2.33,2022-06-04,0.0,3.9699999999999784,44.210000000000015,0.0,653.8502,0.0,0.0,0.0,2.011869853632812,0,Normal / No Flood
2022,6,5,0.0,32.1,19.58,2.04,2022-06-05,0.0,2.4699999999999784,40.87000000000002,0.0,628.518,0.0,0.0,0.0,1.4239743242968743,0,Normal / No Flood
2022,6,6,0.0,32.9,20.85,2.02,2022-06-06,0.0,0.1499999999999786,26.040000000000013,0.0,685.965,0.0,0.0,0.0,0.8016423880937498,0,Normal / No Flood
2022,6,7,0.0,33.18,21.61,2.22,2022-06-07,0.0,0.0199999999999786,5.1100000000000145,0.0,717.0197999999999,0.0,0.0,0.0,0.0492180117890624,0,Normal / No Flood
2022,6,8,0.0,32.89,22.84,2.44,2022-06-08,0.0,0.0,5.1100000000000145,0.0,751.2076,0.0,0.0,0.0,0.0064115417656249,0,Normal / No Flood
2022,6,9,0.07,33.0,23.42,2.4,2022-06-09,0.0699999999999893,0.0699999999999786,5.160000000000014,1.0000000000001523,772.86,0.168,0.0,0.0,0.0,0,Normal / No Flood
2022,6,10,0.82,32.9,25.42,2.4,2022-06-10,0.8899999999999892,0.8899999999999786,5.910000000000014,0.9213483146067528,836.318,1.9679999999999995,0.07,0.0,0.0595,0,Normal / No Flood
2022,6,11,0.7,33.03,23.83,2.56,2022-06-11,1.5899999999999892,1.5899999999999783,5.560000000000014,0.440251572327047,787.1048999999999,1.7919999999999998,0.82,0.07,0.747575,0,Normal / No Flood
2022,6,12,1.81,32.88,28.38,2.09,2022-06-12,3.3299999999999894,3.3999999999999786,5.870000000000014,0.5435435435435453,933.1344,3.7829,0.7,0.82,1.2304387499999998,0,Normal / No Flood
2022,6,13,0.04,33.34,27.22,2.82,2022-06-13,2.549999999999989,3.439999999999978,3.590000000000014,0.0156862745098039,907.5148,0.1128,1.81,0.7,2.5843729374999995,0,Normal / No Flood
2022,6,14,0.0,33.38,25.73,2.8,2022-06-14,1.8499999999999897,3.439999999999978,3.460000000000014,0.0,858.8674000000001,0.0,0.04,1.81,2.2307169968749996,0,Normal / No Flood
2022,6,15,2.06,32.89,36.68,2.79,2022-06-15,2.0999999999999894,5.499999999999979,5.500000000000014,0.980952380952386,1206.4052,5.7474,0.0,0.04,1.8961094473437496,0,Normal / No Flood
2022,6,16,20.55,30.76,46.73,1.4,2022-06-16,22.60999999999999,25.97999999999998,26.050000000000015,0.9088898717381696,1437.4148,28.77,2.06,0.0,3.3626930302421867,0,Normal / No Flood
2022,6,17,13.8,27.58,59.91,1.96,2022-06-17,36.40999999999999,38.95999999999998,39.850000000000016,0.3790167536391102,1652.3177999999998,27.048,20.55,2.06,20.30671473895313,0,Normal / No Flood
2022,6,18,6.01,26.21,59.31,1.75,2022-06-18,40.359999999999985,44.269999999999975,45.860000000000014,0.1489098116947473,1554.5151,10.5175,13.8,20.55,28.76726529757812,0,Normal / No Flood
2022,6,19,0.62,27.12,52.52,1.61,2022-06-19,20.42999999999999,43.079999999999984,46.48000000000002,0.0303475281448849,1424.3424000000002,0.9982,6.01,13.8,29.36993213541406,0,Normal / No Flood
2022,6,20,5.78,26.84,52.15,1.46,2022-06-20,12.40999999999999,48.81999999999998,52.26000000000002,0.4657534246575346,1399.706,8.4388,0.62,6.01,24.998234464781245,0,Normal / No Flood
2022,6,21,4.19,26.11,53.28,2.84,2022-06-21,10.58999999999999,53.009999999999984,56.45000000000002,0.3956562795089711,1391.1408,11.8996,5.78,0.62,26.150599674062494,0,Normal / No Flood
2022,6,22,2.3,26.79,52.25,2.02,2022-06-22,12.26999999999999,53.24999999999998,58.750000000000014,0.1874490627546863,1399.7775,4.646,4.19,5.78,25.789509722953124,0,Normal / No Flood
2022,6,23,0.02,28.18,44.36,2.49,2022-06-23,6.509999999999989,32.71999999999998,58.70000000000002,0.0030721966205837,1250.0648,0.0498,2.3,4.19,23.314752782929684,0,Normal / No Flood
2022,6,24,0.0,29.27,39.49,2.05,2022-06-24,2.319999999999989,18.91999999999998,57.88000000000002,0.0,1155.8723,0.0,0.02,2.3,14.2348595759375,0,Normal / No Flood
2022,6,25,0.0,30.81,35.77,1.62,2022-06-25,0.0199999999999893,12.90999999999998,57.180000000000014,0.0,1102.0737,0.0,0.0,0.02,8.33926139400781,0,Normal / No Flood
2022,6,26,0.39,30.89,40.13,1.59,2022-06-26,0.3899999999999893,12.67999999999998,55.76000000000002,1.000000000000027,1239.6157,0.6201000000000001,0.0,0.0,5.450704129421874,0,Normal / No Flood
2022,6,27,0.95,30.7,47.96,1.64,2022-06-27,1.3399999999999892,7.849999999999979,56.670000000000016,0.7089552238806027,1472.372,1.5579999999999998,0.39,0.0,4.795654384484374,0,Normal / No Flood
2022,6,28,4.83,30.8,51.63,1.56,2022-06-28,6.169999999999989,8.489999999999979,61.50000000000002,0.782820097244734,1590.2040000000002,7.534800000000001,0.95,0.39,3.308810992085937,0,Normal / No Flood
2022,6,29,7.07,30.88,54.06,1.75,2022-06-29,12.84999999999999,13.25999999999998,66.51000000000002,0.5501945525291833,1669.3728,12.3725,4.83,0.95,5.7762540433593745,0,Normal / No Flood
2022,6,30,28.35,27.1,74.52,2.14,2022-06-30,40.24999999999999,41.58999999999998,74.31000000000002,0.7043478260869567,2019.492,60.669,7.07,4.83,10.292587729265623,0,Normal / No Flood
2022,7,1,13.83,25.6,78.74,1.41,2022-07-01,49.24999999999999,55.41999999999998,74.34000000000002,0.2808121827411168,2015.744,19.5003,28.35,7.07,32.840749759375,0,Normal / No Flood
2022,7,2,12.4,28.04,69.86,1.54,2022-07-02,54.58,67.81999999999998,80.73000000000002,0.2271894466837669,1958.8744,19.096,13.83,28.35,39.67013729546875,0,Normal / No Flood
2022,7,3,25.46,26.65,79.33,1.42,2022-07-03,51.69,92.89,105.57000000000002,0.4925517508222093,2114.1445,36.1532,12.4,13.83,44.259616701148424,0,Normal / No Flood
2022,7,4,1.4,27.24,77.3,1.49,2022-07-04,39.26,93.33999999999996,101.19000000000004,0.0356597045338767,2105.6519999999996,2.086,25.46,12.4,59.15540289121094,0,Normal / No Flood
2022,7,5,14.18,28.28,74.09,1.15,2022-07-05,41.03999999999999,102.68999999999998,111.18000000000002,0.3455165692007798,2095.2652000000003,16.307,1.4,25.46,51.213226458742184,0,Normal / No Flood
2022,7,6,12.79,27.99,72.59,1.33,2022-07-06,28.36999999999999,108.40999999999998,121.67000000000002,0.4508283397955588,2031.7941,17.0107,14.18,1.4,54.26811325399219,1,Historical Disaster Record
2022,7,7,5.64,28.13,74.08,1.46,2022-07-07,32.60999999999999,85.69999999999997,127.29000000000002,0.1729530818767249,2083.8704,8.234399999999999,12.79,14.18,55.07288825386718,0,Normal / No Flood
2022,7,8,6.55,28.78,69.58,1.28,2022-07-08,24.979999999999993,78.41999999999999,133.84,0.2622097678142515,2002.5124,8.384,5.64,12.79,43.88084863092968,0,Normal / No Flood
2022,7,9,20.49,27.74,76.2,1.62,2022-07-09,32.67999999999999,86.50999999999998,154.33,0.6269889840881274,2113.788,33.1938,6.55,5.64,39.097677375,0,Normal / No Flood
2022,7,10,27.04,25.11,84.62,1.68,2022-07-10,54.079999999999984,88.08999999999997,180.98,0.5000000000000001,2124.8082,45.4272,20.49,6.55,47.270643258265615,0,Normal / No Flood
2022,7,11,6.48,26.93,78.31,1.49,2022-07-11,54.00999999999999,93.16999999999996,186.51,0.1199777818922422,2108.8883,9.6552,27.04,20.49,56.22643800203124,0,Normal / No Flood
2022,7,12,22.43,27.09,76.84,1.25,2022-07-12,55.94999999999999,101.42,204.11,0.4008936550491511,2081.5956,28.0375,6.48,27.04,52.918985566671864,0,Normal / No Flood
2022,7,13,5.04,26.96,80.17,1.26,2022-07-13,33.94999999999999,93.66999999999996,202.08,0.1484536082474227,2161.3832,6.3504000000000005,22.43,6.48,60.18272208661718,1,Historical Disaster Record
2022,7,14,31.2,26.32,81.03,1.4,2022-07-14,58.66999999999999,119.22999999999998,204.93,0.5317879665928074,2132.7096,43.68,5.04,22.43,51.95415995837499,0,Normal / No Flood
2022,7,15,7.8,26.22,78.76,1.2,2022-07-15,44.039999999999985,120.47999999999998,198.90000000000003,0.1771117166212534,2065.0872,9.36,31.2,5.04,69.14418940339843,0,Normal / No Flood
2022,7,16,21.43,27.78,74.44,0.94,2022-07-16,60.42999999999999,121.42,207.93,0.3546251861658117,2067.9432,20.1442,7.8,31.2,63.6177480538828,0,Normal / No Flood
2022,7,17,11.76,26.84,79.48,1.04,2022-07-17,40.98999999999999,106.13999999999996,194.23,0.2868992437179801,2133.2432,12.2304,21.43,7.8,66.70725498774999,0,Normal / No Flood
2022,7,18,0.0,27.56,76.84,1.45,2022-07-18,33.18999999999999,99.65999999999995,192.83,0.0,2117.7104,0.0,11.76,21.43,59.329022942531246,0,Normal / No Flood
2022,7,19,3.25,26.9,83.82,1.94,2022-07-19,15.00999999999999,80.47999999999998,181.9,0.2165223184543639,2254.758,6.305,0.0,11.76,48.66393089889843,0,Normal / No Flood
2022,7,20,14.03,26.4,86.53,1.75,2022-07-20,17.279999999999987,89.46999999999997,183.14,0.8119212962962968,2284.392,24.5525,3.25,0.0,38.014878787437496,0,Normal / No Flood
2022,7,21,23.07,25.1,90.68,1.78,2022-07-21,40.34999999999999,81.33999999999997,200.57,0.5717472118959109,2276.068,41.0646,14.03,3.25,42.864794723124994,0,Normal / No Flood
2022,7,22,0.88,25.39,87.04,1.25,2022-07-22,37.97999999999999,74.41999999999999,194.9,0.0231700895208004,2209.9456,1.1,23.07,14.03,47.542871133437494,0,Normal / No Flood
2022,7,23,8.63,25.96,86.0,1.18,2022-07-23,32.579999999999984,61.619999999999976,183.04,0.2648864333947208,2232.56,10.1834,0.88,23.07,39.034014368117184,0,Normal / No Flood
2022,7,24,2.73,25.59,85.97,1.45,2022-07-24,12.239999999999988,52.58999999999998,158.73000000000002,0.2230392156862747,2199.9723,3.9585,8.63,0.88,34.67494026131249,0,Normal / No Flood
2022,7,25,7.64,25.34,84.23,1.42,2022-07-25,18.999999999999982,60.22999999999998,159.89,0.402105263157895,2134.3882,10.8488,2.73,8.63,28.589710647656247,0,Normal / No Flood
2022,7,26,5.06,25.17,85.44,1.25,2022-07-26,15.429999999999986,62.03999999999998,142.52,0.3279325988334416,2150.5248,6.324999999999999,7.64,2.73,30.795254050507808,0,Normal / No Flood
2022,7,27,8.67,25.36,86.32,1.21,2022-07-27,21.369999999999983,56.67999999999998,146.15,0.4057089377632197,2189.0752,10.4907,5.06,7.64,29.59137173655468,0,Normal / No Flood
2022,7,28,14.51,24.68,88.7,1.22,2022-07-28,28.239999999999984,48.119999999999976,129.46,0.5138101983002835,2189.116,17.702199999999998,8.67,5.06,28.699123909773434,0,Normal / No Flood
2022,7,29,21.97,24.74,88.63,1.43,2022-07-29,45.149999999999984,69.20999999999998,143.63000000000002,0.4866002214839425,2192.7061999999996,31.4171,14.51,8.67,30.44139891065625,0,Normal / No Flood
2022,7,30,109.67,24.47,91.83,2.03,2022-07-30,146.14999999999998,170.24999999999997,231.87,0.7503934314060897,2247.0800999999997,222.63009999999997,21.97,14.51,44.30989741202343,1,Historical Disaster Record; IMD Heavy Rain (109.7mm); 3-Day Saturated Runoff (146.1mm); 7-Day Antecedent Saturation (170.2mm)
2022,7,31,24.28,24.27,91.71,1.96,2022-07-31,155.92000000000002,191.8,244.39,0.1557208825038481,2225.8017,47.5888,109.67,21.97,128.53131956913282,0,Normal / No Flood
2022,8,1,5.85,24.94,90.06,1.59,2022-08-01,139.8,190.00999999999996,250.24,0.0418454935622317,2246.0964000000004,9.3015,24.28,109.67,129.14572250040624,0,Normal / No Flood
2022,8,2,2.75,25.62,89.84,1.87,2022-08-02,32.87999999999999,187.69999999999996,249.74,0.0836374695863747,2301.7008,5.1425,5.85,24.28,112.66453651404686,0,Normal / No Flood
2022,8,3,11.95,25.81,89.47,1.99,2022-08-03,20.549999999999983,190.98,247.66000000000005,0.5815085158150856,2309.2207,23.7805,2.75,5.85,96.7235539802422,0,Normal / No Flood
2022,8,4,21.88,24.97,90.9,1.47,2022-08-04,36.579999999999984,198.34999999999997,246.47000000000003,0.5981410606889013,2269.773,32.163599999999995,11.95,2.75,90.01002803111717,0,Normal / No Flood
2022,8,5,16.56,24.67,90.78,1.39,2022-08-05,50.389999999999986,192.94,262.15,0.328636634252828,2239.5426,23.018399999999996,21.88,11.95,91.1526863081328,0,Normal / No Flood
2022,8,6,8.75,25.31,87.08,1.3,2022-08-06,47.18999999999998,92.01999999999995,262.27,0.1854206399660945,2203.9948,11.375,16.56,21.88,85.56916652680468,0,Normal / No Flood
2022,8,7,3.28,25.27,89.21,1.34,2022-08-07,28.589999999999986,71.01999999999997,262.82,0.1147254284714935,2254.3367,4.3952,8.75,16.56,50.287255666749985,0,Normal / No Flood
2022,8,8,3.1,26.4,81.41,1.08,2022-08-08,15.129999999999985,68.26999999999998,258.28,0.204890945142102,2149.2239999999997,3.3480000000000003,3.28,8.75,38.91609736878905,0,Normal / No Flood
2022,8,9,4.22,26.21,86.75,1.23,2022-08-09,10.599999999999984,69.73999999999998,257.44,0.3981132075471703,2273.7175,5.1906,3.1,3.28,34.11961319199218,0,Normal / No Flood
2022,8,10,3.4,26.7,83.27,1.49,2022-08-10,10.719999999999986,61.18999999999997,252.17,0.317164179104478,2223.3089999999997,5.066,4.22,3.1,31.839322269335938,0,Normal / No Flood
2022,8,11,28.81,24.02,86.1,1.79,2022-08-11,36.429999999999986,68.11999999999998,266.47,0.790831732088938,2068.122,51.5699,3.4,4.22,26.697162154718747,1,Historical Disaster Record
2022,8,12,0.0,25.51,79.33,1.4,2022-08-12,32.20999999999999,51.55999999999997,244.5,0.0,2023.7083,0.0,28.81,3.4,41.21899514365624,0,Normal / No Flood
2022,8,13,0.0,25.96,85.42,1.32,2022-08-13,28.809999999999985,42.809999999999974,134.82999999999998,0.0,2217.5032,0.0,0.0,28.81,30.523702777460933,0,Normal / No Flood
2022,8,14,10.82,25.77,88.33,1.38,2022-08-14,10.819999999999986,50.34999999999997,121.37,1.000000000000001,2276.2641,14.9316,0.0,0.0,23.560855266749993,0,Normal / No Flood
2022,8,15,29.01,24.14,86.69,1.38,2022-08-15,39.829999999999984,76.25999999999998,144.53,0.7283454682400204,2092.6966,40.0338,10.82,0.0,28.32995805460937,0,Normal / No Flood
2022,8,16,10.82,25.91,76.04,0.98,2022-08-16,50.64999999999999,82.85999999999997,152.6,0.2136229022704837,1970.1964000000005,10.6036,29.01,10.82,47.894243718796865,0,Normal / No Flood
2022,8,17,8.38,25.35,86.61,1.74,2022-08-17,48.20999999999999,87.83999999999997,149.03,0.1738228583281477,2195.5635,14.5812,10.82,29.01,48.757197145312496,0,Normal / No Flood
2022,8,18,2.06,25.21,88.91,1.62,2022-08-18,21.259999999999987,61.089999999999975,129.20999999999998,0.09689557855127,2241.4211,3.3372,8.38,10.82,47.64014978838281,0,Normal / No Flood
2022,8,19,16.31,24.94,92.29,3.3,2022-08-19,26.749999999999982,77.39999999999998,128.96,0.6097196261682246,2301.7126000000003,53.82299999999999,2.06,8.38,34.39467529375,1,Historical Disaster Record
2022,8,20,38.11,24.01,89.44,1.2,2022-08-20,56.47999999999998,115.50999999999998,158.32,0.6747521246458925,2147.4544,45.732,16.31,2.06,43.098973999687495,1,Historical Disaster Record
2022,8,21,13.11,25.85,82.65,1.16,2022-08-21,67.52999999999999,117.79999999999995,168.15,0.1941359395824078,2136.5025,15.207599999999998,38.11,16.31,69.02762789973436,0,Normal / No Flood
2022,8,22,4.02,25.75,86.45,1.13,2022-08-22,55.23999999999998,92.80999999999996,169.07000000000002,0.0727733526430123,2226.0875,4.542599999999999,13.11,38.11,66.86863623385155,0,Normal / No Flood
2022,8,23,4.93,26.49,84.37,0.97,2022-08-23,22.059999999999985,86.91999999999997,169.78,0.2234814143245695,2234.9613,4.7821,4.02,13.11,52.35039066739063,0,Normal / No Flood
2022,8,24,10.89,24.71,88.2,2.39,2022-08-24,19.839999999999986,89.42999999999998,177.27,0.5488911290322585,2179.422,26.027100000000004,4.93,4.02,45.73998458635937,0,Normal / No Flood
2022,8,25,1.55,24.91,87.64,1.56,2022-08-25,17.369999999999987,88.91999999999997,150.01,0.0892343120322395,2183.1124,2.418,10.89,4.93,45.852016298578114,0,Normal / No Flood
2022,8,26,0.5,25.17,88.94,1.81,2022-08-26,12.939999999999989,73.10999999999997,150.51,0.0386398763523957,2238.6198,0.905,1.55,10.89,39.73038337221093,0,Normal / No Flood
2022,8,27,0.1,24.58,91.42,2.78,2022-08-27,2.1499999999999857,35.09999999999997,150.61,0.046511627906977,2247.1036,0.2779999999999999,0.5,1.55,29.75150540299218,0,Normal / No Flood
2022,8,28,3.74,24.69,91.16,2.65,2022-08-28,4.339999999999986,25.729999999999972,143.53,0.8617511520737356,2250.7404,9.911,0.1,0.5,14.989165683304684,0,Normal / No Flood
2022,8,29,8.51,24.24,89.35,1.37,2022-08-29,12.349999999999984,30.21999999999997,123.03,0.689068825910932,2165.8439999999996,11.6587,3.74,0.1,12.347440047546874,0,Normal / No Flood
2022,8,30,0.92,24.62,88.74,1.75,2022-08-30,13.169999999999986,26.209999999999972,113.13,0.0698557327258922,2184.7788,1.61,8.51,3.74,16.63341212975781,0,Normal / No Flood
2022,8,31,2.35,24.84,90.59,2.16,2022-08-31,11.779999999999983,17.669999999999973,107.1,0.1994906621392193,2250.2556,5.0760000000000005,0.92,8.51,13.577022021851562,0,Normal / No Flood
2022,9,1,1.48,24.91,88.76,1.84,2022-09-01,4.749999999999986,17.599999999999973,106.52,0.3115789473684219,2211.0116000000003,2.7232000000000003,2.35,0.92,10.570546900898435,0,Normal / No Flood
2022,9,2,2.3,24.56,87.66,1.97,2022-09-02,6.129999999999986,19.39999999999997,92.51,0.3752039151712896,2152.9296,4.531,1.48,2.35,9.820604551953124,0,Normal / No Flood
2022,9,3,5.46,23.84,88.47,1.79,2022-09-03,9.239999999999986,24.759999999999973,59.86,0.5909090909090918,2109.1248,9.7734,2.3,1.48,10.166268606640624,0,Normal / No Flood
2022,9,4,4.1,24.16,83.53,1.2,2022-09-04,11.859999999999983,25.11999999999997,50.85,0.3456998313659363,2018.0848,4.919999999999999,5.46,2.3,13.255079263140626,0,Normal / No Flood
2022,9,5,0.34,24.38,79.98,1.17,2022-09-05,9.899999999999986,16.949999999999974,47.169999999999995,0.0343434343434343,1949.9124,0.3978,4.1,5.46,13.732702810023437,0,Normal / No Flood
2022,9,6,0.04,23.96,83.35,1.16,2022-09-06,4.479999999999984,16.069999999999972,42.279999999999994,0.0089285714285714,1997.066,0.0464,0.34,4.1,9.6429030204375,0,Normal / No Flood
2022,9,7,0.89,24.47,81.42,1.13,2022-09-07,1.269999999999985,14.609999999999973,32.28,0.7007874015748115,1992.3474,1.0056999999999998,0.04,0.34,7.979776284335937,0,Normal / No Flood
2022,9,8,0.26,24.39,81.32,1.1,2022-09-08,1.1899999999999848,13.38999999999997,30.99,0.2184873949579859,1983.3948,0.286,0.89,0.04,6.898957107843749,0,Normal / No Flood
2022,9,9,0.61,24.47,81.85,1.23,2022-09-09,1.759999999999985,11.699999999999973,31.1,0.3465909090909121,2002.8695,0.7503,0.26,0.89,5.6818275646093745,0,Normal / No Flood
2022,9,10,2.58,24.71,83.28,1.26,2022-09-10,3.449999999999985,8.819999999999972,33.58,0.747826086956525,2057.8488,3.2508,0.61,0.26,4.721325222328124,0,Normal / No Flood
2022,9,11,23.13,24.5,84.5,1.26,2022-09-11,26.319999999999983,27.849999999999973,52.97,0.8787993920972649,2070.25,29.1438,2.58,0.61,4.7183281722656245,0,Normal / No Flood
2022,9,12,7.66,23.93,85.14,1.33,2022-09-12,33.36999999999998,35.16999999999997,52.120000000000005,0.2295474977524724,2037.4002,10.1878,23.13,2.58,22.55386779376562,0,Normal / No Flood
2022,9,13,0.19,24.13,84.24,1.07,2022-09-13,30.979999999999983,35.31999999999997,51.39,0.0061329890251775,2032.7111999999995,0.2033,7.66,23.13,25.589140846187497,0,Normal / No Flood
2022,9,14,5.14,23.96,88.92,1.09,2022-09-14,12.989999999999982,39.56999999999997,54.18,0.3956889915319481,2130.5232,5.6026,0.19,7.66,21.901370098257804,0,Normal / No Flood
2022,9,15,12.43,23.59,88.47,1.27,2022-09-15,17.759999999999984,51.739999999999974,65.13,0.699887387387388,2087.0073,15.7861,5.14,0.19,22.74264801623437,0,Normal / No Flood
2022,9,16,7.42,23.23,89.5,1.41,2022-09-16,24.98999999999998,58.54999999999997,70.25,0.296918767507003,2079.085,10.4622,12.43,5.14,29.82590327728906,0,Normal / No Flood
2022,9,17,1.21,23.19,84.97,1.4,2022-09-17,21.05999999999998,57.17999999999997,66.0,0.0574548907882241,1970.4543,1.694,7.42,12.43,31.49279856542187,0,Normal / No Flood
2022,9,18,0.02,22.89,84.46,1.55,2022-09-18,8.649999999999983,34.06999999999997,61.92,0.0023121387283237,1933.2894,0.031,1.21,7.42,27.094353226007804,0,Normal / No Flood
2022,9,19,8.29,24.03,82.55,0.98,2022-09-19,9.519999999999982,34.699999999999974,69.87,0.8707983193277327,1983.6765,8.124199999999998,0.02,1.21,16.744494397953122,0,Normal / No Flood
2022,9,20,6.7,24.69,81.61,1.05,2022-09-20,15.00999999999998,41.20999999999997,76.53,0.4463690872751505,2014.9509,7.035,8.29,0.02,19.192042816460937,0,Normal / No Flood
2022,9,21,20.44,23.87,86.99,1.24,2022-09-21,35.42999999999998,56.50999999999998,96.08,0.5769122212814003,2076.4513,25.3456,6.7,8.29,21.956463194234377,0,Normal / No Flood
2022,9,22,21.07,24.85,81.4,1.18,2022-09-22,48.20999999999998,65.14999999999998,116.89,0.4370462559634932,2022.79,24.8626,20.44,6.7,34.63639241639844,0,Normal / No Flood
2022,9,23,21.15,23.78,86.13,1.03,2022-09-23,62.65999999999998,78.87999999999997,137.43,0.3375359080753272,2048.1714,21.7845,21.07,20.44,43.96337632770312,0,Normal / No Flood
2022,9,24,51.36,23.48,90.44,1.25,2022-09-24,93.57999999999998,129.02999999999997,186.21,0.5488352212011114,2123.5312,64.2,21.15,21.07,53.32449018275781,1,Historical Disaster Record; 3-Day Saturated Runoff (93.6mm); 7-Day Antecedent Saturation (129.0mm)
2022,9,25,46.59,22.81,93.46,2.3,2022-09-25,119.1,175.59999999999997,209.67,0.391183879093199,2131.8225999999995,107.157,51.36,21.15,88.65210312004687,1,3-Day Saturated Runoff (119.1mm); 7-Day Antecedent Saturation (175.6mm)
2022,9,26,0.74,22.15,87.49,1.6,2022-09-26,98.68999999999998,168.04999999999998,202.75,0.0074982267706961,1937.9034999999997,1.184,46.59,51.36,114.95033784153908,0,Normal / No Flood
2022,9,27,0.0,21.65,88.75,1.57,2022-09-27,47.32999999999999,161.34999999999997,202.56,0.0,1921.4375,0.0,0.74,46.59,96.07784071273436,0,Normal / No Flood
2022,9,28,3.53,21.96,86.25,1.46,2022-09-28,4.269999999999985,144.43999999999997,200.95,0.8266978922716656,1894.05,5.1537999999999995,0.0,0.74,79.8404780880625,0,Normal / No Flood
2022,9,29,0.06,22.27,85.86,1.54,2022-09-29,3.589999999999985,123.42999999999996,188.58,0.0167130919220056,1912.1022,0.0924,3.53,0.0,65.29520004305468,0,Normal / No Flood
2022,9,30,0.0,22.18,85.07,1.38,2022-09-30,3.5899999999999856,102.27999999999996,181.16,0.0,1886.8525999999997,0.0,0.06,3.53,49.81054467402343,0,Normal / No Flood
2022,10,1,0.01,22.4,79.71,1.44,2022-10-01,0.0699999999999853,50.92999999999997,179.96,0.1428571428571727,1785.5039999999997,0.0144,0.0,0.06,36.575788368343744,0,Normal / No Flood
2022,10,2,0.0,22.31,77.11,1.57,2022-10-02,0.0099999999999853,4.339999999999971,179.94,0.0,1720.3240999999998,0.0,0.01,0.0,17.102806747085936,0,Normal / No Flood
2022,10,3,0.0,22.21,77.86,1.88,2022-10-03,0.0099999999999853,3.599999999999971,171.65,0.0,1729.2706,0.0,0.0,0.01,1.8420521734531248,0,Normal / No Flood
2022,10,4,0.02,23.58,71.98,1.21,2022-10-04,0.0199999999999853,3.6199999999999712,164.97,1.0000000000007327,1697.2884,0.0242,0.0,0.0,1.3641013589062498,0,Normal / No Flood
2022,10,5,1.34,23.01,73.58,1.36,2022-10-05,1.3599999999999854,1.4299999999999713,145.87,0.9852941176470694,1693.0758,1.8224,0.02,0.0,1.1764861550703123,0,Normal / No Flood
2022,10,6,0.34,21.81,77.43,1.04,2022-10-06,1.6999999999999855,1.709999999999971,125.14,0.2000000000000017,1688.7483,0.3536,1.34,0.02,1.177121678421875,0,Normal / No Flood
2022,10,7,3.62,21.6,83.17,0.9,2022-10-07,5.299999999999986,5.329999999999972,107.61,0.6830188679245301,1796.4720000000002,3.258,0.34,1.34,1.27320399515625,0,Normal / No Flood
2022,10,8,1.16,21.06,88.89,0.81,2022-10-08,5.119999999999986,6.479999999999972,57.41,0.2265625000000006,1872.0234,0.9396,3.62,0.34,4.159223395882812,0,Normal / No Flood
2022,10,9,2.2,21.45,85.82,1.15,2022-10-09,6.979999999999986,8.679999999999971,13.02,0.3151862464183387,1840.8389999999995,2.53,1.16,3.62,4.51861498125,0,Normal / No Flood
2022,10,10,8.42,20.33,89.05,0.52,2022-10-10,11.779999999999983,17.099999999999973,20.7,0.7147707979626494,1810.3865,4.3784,2.2,1.16,5.710822734062501,0,Normal / No Flood
2022,10,11,21.44,20.08,89.21,1.12,2022-10-11,32.05999999999999,38.519999999999975,42.14,0.6687461010605118,1791.3367999999998,24.0128,8.42,2.2,12.011199323953123,0,Normal / No Flood
2022,10,12,1.32,19.2,82.74,1.31,2022-10-12,31.179999999999986,38.49999999999997,39.93,0.0423348300192431,1588.608,1.7292,21.44,8.42,28.42806961485938,0,Normal / No Flood
2022,10,13,0.0,19.85,80.12,1.26,2022-10-13,22.759999999999984,38.159999999999975,39.870000000000005,0.0,1590.3820000000003,0.0,1.32,21.44,24.920721869078125,0,Normal / No Flood
2022,10,14,0.0,19.58,80.14,1.32,2022-10-14,1.3199999999999823,34.53999999999998,39.870000000000005,0.0,1569.1411999999998,0.0,0.0,1.32,21.089966810203123,0,Normal / No Flood
2022,10,15,0.0,20.15,78.96,1.26,2022-10-15,0.0,33.379999999999974,39.86,0.0,1591.044,0.0,0.0,0.0,16.94005608803125,0,Normal / No Flood
2022,10,16,0.0,19.91,78.4,1.42,2022-10-16,0.0,31.179999999999975,39.86,0.0,1560.9440000000002,0.0,0.0,0.0,14.08295866578125,0,Normal / No Flood
2022,10,17,0.0,19.35,76.89,1.4,2022-10-17,0.0,22.759999999999973,39.86,0.0,1487.8215,0.0,0.0,0.0,11.371035710828124,0,Normal / No Flood
2022,10,18,0.02,19.68,67.74,1.38,2022-10-18,0.0199999999999822,1.3399999999999717,39.86000000000001,1.0000000000008882,1333.1231999999998,0.0276,0.0,0.0,7.371010133374998,0,Normal / No Flood
2022,10,19,0.0,19.41,63.25,1.27,2022-10-19,0.0199999999999822,0.0199999999999715,38.52,0.0,1227.6825,0.0,0.02,0.0,0.4401617565312499,0,Normal / No Flood
2022,10,20,0.05,19.19,62.6,1.18,2022-10-20,0.0699999999999822,0.0699999999999715,38.23,0.7142857142858955,1201.294,0.059,0.0,0.02,0.01445,0,Normal / No Flood
2022,10,21,0.0,19.86,59.12,1.32,2022-10-21,0.0499999999999822,0.0699999999999715,34.61,0.0,1174.1232,0.0,0.05,0.0,0.0547825,0,Normal / No Flood
2022,10,22,0.0,18.08,67.68,1.25,2022-10-22,0.0499999999999822,0.0699999999999715,33.45,0.0,1223.6544,0.0,0.0,0.05,0.046565125,0,Normal / No Flood
2022,10,23,0.0,18.44,62.7,1.34,2022-10-23,0.0,0.0699999999999715,31.25,0.0,1156.188,0.0,0.0,0.0,0.03958035625,0,Normal / No Flood
2022,10,24,0.0,18.4,66.21,1.72,2022-10-24,0.0,0.0699999999999715,22.83,0.0,1218.264,0.0,0.0,0.0,0.0336433028125,0,Normal / No Flood
2022,10,25,0.0,18.0,65.76,1.78,2022-10-25,0.0,0.0499999999999715,1.39,0.0,1183.68,0.0,0.0,0.0,0.028596807390625,0,Normal / No Flood
2022,10,26,0.0,18.57,63.66,1.58,2022-10-26,0.0,0.0499999999999715,0.07,0.0,1182.1662,0.0,0.0,0.0,0.0188574757812499,0,Normal / No Flood
2022,10,27,0.0,18.6,65.24,1.62,2022-10-27,0.0,0.0,0.07,0.0,1213.464,0.0,0.0,0.0,0.0160288544140624,0,Normal / No Flood
2022,10,28,0.0,18.48,66.62,1.58,2022-10-28,0.0,0.0,0.07,0.0,1231.1376,0.0,0.0,0.0,0.0,0,Normal / No Flood
2022,10,29,0.0,18.08,61.42,1.53,2022-10-29,0.0,0.0,0.07,0.0,1110.4736,0.0,0.0,0.0,0.0,0,Normal / No Flood
2022,10,30,0.0,17.75,65.06,1.67,2022-10-30,0.0,0.0,0.07,0.0,1154.815,0.0,0.0,0.0,0.0,0,Normal / No Flood
2022,10,31,0.0,18.45,62.76,1.39,2022-10-31,0.0,0.0,0.07,0.0,1157.922,0.0,0.0,0.0,0.0,0,Normal / No Flood
2022,11,1,0.0,19.06,63.2,1.34,2022-11-01,0.0,0.0,0.05,0.0,1204.592,0.0,0.0,0.0,0.0,0,Normal / No Flood
2022,11,2,0.0,18.22,67.0,1.93,2022-11-02,0.0,0.0,0.05,0.0,1220.74,0.0,0.0,0.0,0.0,0,Normal / No Flood
2022,11,3,0.0,18.78,65.9,1.52,2022-11-03,0.0,0.0,0.0,0.0,1237.602,0.0,0.0,0.0,0.0,0,Normal / No Flood
2022,11,4,0.0,19.08,65.11,1.2,2022-11-04,0.0,0.0,0.0,0.0,1242.2987999999998,0.0,0.0,0.0,0.0,0,Normal / No Flood
2022,11,5,0.0,18.83,75.55,1.38,2022-11-05,0.0,0.0,0.0,0.0,1422.6065,0.0,0.0,0.0,0.0,0,Normal / No Flood
2022,11,6,0.0,19.25,63.83,1.1,2022-11-06,0.0,0.0,0.0,0.0,1228.7275,0.0,0.0,0.0,0.0,0,Normal / No Flood
2022,11,7,0.0,19.66,59.2,1.25,2022-11-07,0.0,0.0,0.0,0.0,1163.872,0.0,0.0,0.0,0.0,0,Normal / No Flood
2022,11,8,0.0,18.25,68.15,1.48,2022-11-08,0.0,0.0,0.0,0.0,1243.7375000000002,0.0,0.0,0.0,0.0,0,Normal / No Flood
2022,11,9,1.39,17.43,67.79,1.23,2022-11-09,1.389999999999982,1.3899999999999717,1.39,1.0000000000000129,1181.5797,1.7096999999999998,0.0,0.0,0.0,0,Normal / No Flood
2022,11,10,0.61,16.3,68.04,1.43,2022-11-10,1.9999999999999825,1.9999999999999716,2.0,0.3050000000000027,1109.052,0.8723,1.39,0.0,1.1815,0,Normal / No Flood
2022,11,11,0.0,14.93,63.87,1.85,2022-11-11,1.9999999999999825,1.9999999999999716,2.0,0.0,953.5791,0.0,0.61,1.39,1.5227749999999998,0,Normal / No Flood
2022,11,12,0.0,14.48,59.51,1.93,2022-11-12,0.6099999999999822,1.9999999999999716,2.0,0.0,861.7048,0.0,0.0,0.61,1.2943587499999998,0,Normal / No Flood
2022,11,13,0.06,15.12,55.58,1.68,2022-11-13,0.0599999999999822,2.0599999999999716,2.06,1.000000000000296,840.3695999999999,0.1007999999999999,0.0,0.0,1.1002049374999998,0,Normal / No Flood
2022,11,14,4.82,14.1,70.74,1.59,2022-11-14,4.879999999999982,6.879999999999972,6.880000000000001,0.9877049180327906,997.434,7.663800000000001,0.06,0.0,0.9861741968749996,0,Normal / No Flood
2022,11,15,0.03,15.62,69.77,1.05,2022-11-15,4.909999999999982,6.909999999999973,6.910000000000001,0.0061099796334012,1089.8074,0.0315,4.82,0.06,4.935248067343751,0,Normal / No Flood
2022,11,16,0.0,14.43,73.88,1.23,2022-11-16,4.849999999999983,5.519999999999973,6.910000000000001,0.0,1066.0884,0.0,0.03,4.82,4.220460857242187,0,Normal / No Flood
2022,11,17,0.0,13.34,74.96,1.86,2022-11-17,0.0299999999999822,4.909999999999973,6.910000000000001,0.0,999.9664,0.0,0.0,0.03,3.2086298988515622,0,Normal / No Flood
2022,11,18,0.0,13.57,65.87,1.29,2022-11-18,0.0,4.909999999999973,6.910000000000001,0.0,893.8559000000001,0.0,0.0,0.0,2.56111619375,0,Normal / No Flood
2022,11,19,0.0,14.78,65.25,1.35,2022-11-19,0.0,4.909999999999973,6.910000000000001,0.0,964.395,0.0,0.0,0.0,2.1769487646875,0,Normal / No Flood
2022,11,20,0.0,15.29,57.17,1.4,2022-11-20,0.0,4.849999999999973,6.910000000000001,0.0,874.1293,0.0,0.0,0.0,1.8504064499843744,0,Normal / No Flood
2022,11,21,0.0,15.4,55.91,1.33,2022-11-21,0.0,0.0299999999999724,6.910000000000001,0.0,861.014,0.0,0.0,0.0,1.5564960509843746,0,Normal / No Flood
2022,11,22,0.0,14.86,56.57,1.49,2022-11-22,0.0,0.0,6.910000000000001,0.0,840.6302,0.0,0.0,0.0,0.0096173126484374,0,Normal / No Flood
2022,11,23,0.0,14.03,57.76,1.89,2022-11-23,0.0,0.0,5.520000000000001,0.0,810.3728,0.0,0.0,0.0,0.0,0,Normal / No Flood
2022,11,24,0.0,14.23,49.49,1.6,2022-11-24,0.0,0.0,4.910000000000001,0.0,704.2427,0.0,0.0,0.0,0.0,0,Normal / No Flood
2022,11,25,0.0,14.7,52.49,1.41,2022-11-25,0.0,0.0,4.910000000000001,0.0,771.603,0.0,0.0,0.0,0.0,0,Normal / No Flood
2022,11,26,0.0,14.83,55.29,1.65,2022-11-26,0.0,0.0,4.910000000000001,0.0,819.9507,0.0,0.0,0.0,0.0,0,Normal / No Flood
2022,11,27,0.0,15.11,51.67,1.11,2022-11-27,0.0,0.0,4.850000000000001,0.0,780.7337,0.0,0.0,0.0,0.0,0,Normal / No Flood
2022,11,28,0.0,14.91,55.53,1.26,2022-11-28,0.0,0.0,0.0300000000000008,0.0,827.9523,0.0,0.0,0.0,0.0,0,Normal / No Flood
2022,11,29,0.0,14.57,60.68,1.47,2022-11-29,0.0,0.0,0.0,0.0,884.1076,0.0,0.0,0.0,0.0,0,Normal / No Flood
2022,11,30,0.0,14.07,59.72,1.32,2022-11-30,0.0,0.0,0.0,0.0,840.2604,0.0,0.0,0.0,0.0,0,Normal / No Flood
2022,12,1,0.0,14.02,61.45,1.6,2022-12-01,0.0,0.0,0.0,0.0,861.529,0.0,0.0,0.0,0.0,0,Normal / No Flood
2022,12,2,0.0,14.96,60.34,0.9,2022-12-02,0.0,0.0,0.0,0.0,902.6864,0.0,0.0,0.0,0.0,0,Normal / No Flood
2022,12,3,0.0,14.89,62.22,1.18,2022-12-03,0.0,0.0,0.0,0.0,926.4558,0.0,0.0,0.0,0.0,0,Normal / No Flood
2022,12,4,0.0,14.5,57.71,1.3,2022-12-04,0.0,0.0,0.0,0.0,836.795,0.0,0.0,0.0,0.0,0,Normal / No Flood
2022,12,5,0.0,13.95,57.95,1.2,2022-12-05,0.0,0.0,0.0,0.0,808.4025,0.0,0.0,0.0,0.0,0,Normal / No Flood
2022,12,6,0.0,12.8,60.4,2.18,2022-12-06,0.0,0.0,0.0,0.0,773.12,0.0,0.0,0.0,0.0,0,Normal / No Flood
2022,12,7,0.0,12.26,55.58,2.1,2022-12-07,0.0,0.0,0.0,0.0,681.4108,0.0,0.0,0.0,0.0,0,Normal / No Flood
2022,12,8,0.0,13.07,51.17,1.59,2022-12-08,0.0,0.0,0.0,0.0,668.7919,0.0,0.0,0.0,0.0,0,Normal / No Flood
2022,12,9,0.0,14.28,54.92,1.75,2022-12-09,0.0,0.0,0.0,0.0,784.2576,0.0,0.0,0.0,0.0,0,Normal / No Flood
2022,12,10,0.0,14.79,58.66,1.65,2022-12-10,0.0,0.0,0.0,0.0,867.5813999999999,0.0,0.0,0.0,0.0,0,Normal / No Flood
2022,12,11,0.0,14.73,53.55,1.61,2022-12-11,0.0,0.0,0.0,0.0,788.7914999999999,0.0,0.0,0.0,0.0,0,Normal / No Flood
2022,12,12,0.0,14.16,52.91,1.57,2022-12-12,0.0,0.0,0.0,0.0,749.2056,0.0,0.0,0.0,0.0,0,Normal / No Flood
2022,12,13,0.0,13.24,53.27,2.02,2022-12-13,0.0,0.0,0.0,0.0,705.2948,0.0,0.0,0.0,0.0,0,Normal / No Flood
2022,12,14,0.0,12.14,54.29,1.52,2022-12-14,0.0,0.0,0.0,0.0,659.0806,0.0,0.0,0.0,0.0,0,Normal / No Flood
2022,12,15,0.0,12.0,51.91,1.64,2022-12-15,0.0,0.0,0.0,0.0,622.92,0.0,0.0,0.0,0.0,0,Normal / No Flood
2022,12,16,0.0,12.54,49.74,1.62,2022-12-16,0.0,0.0,0.0,0.0,623.7396,0.0,0.0,0.0,0.0,0,Normal / No Flood
2022,12,17,0.0,12.6,52.86,1.75,2022-12-17,0.0,0.0,0.0,0.0,666.036,0.0,0.0,0.0,0.0,0,Normal / No Flood
2022,12,18,0.0,12.85,52.64,1.58,2022-12-18,0.0,0.0,0.0,0.0,676.424,0.0,0.0,0.0,0.0,0,Normal / No Flood
2022,12,19,0.0,12.47,51.98,1.33,2022-12-19,0.0,0.0,0.0,0.0,648.1906,0.0,0.0,0.0,0.0,0,Normal / No Flood
2022,12,20,0.0,11.98,53.23,1.29,2022-12-20,0.0,0.0,0.0,0.0,637.6954,0.0,0.0,0.0,0.0,0,Normal / No Flood
2022,12,21,0.0,11.74,50.64,1.16,2022-12-21,0.0,0.0,0.0,0.0,594.5136,0.0,0.0,0.0,0.0,0,Normal / No Flood
2022,12,22,0.0,10.85,49.66,1.18,2022-12-22,0.0,0.0,0.0,0.0,538.8109999999999,0.0,0.0,0.0,0.0,0,Normal / No Flood
2022,12,23,0.0,10.37,47.99,1.58,2022-12-23,0.0,0.0,0.0,0.0,497.6563,0.0,0.0,0.0,0.0,0,Normal / No Flood
2022,12,24,0.0,9.93,58.95,1.3,2022-12-24,0.0,0.0,0.0,0.0,585.3735,0.0,0.0,0.0,0.0,0,Normal / No Flood
2022,12,25,0.0,10.33,56.0,1.12,2022-12-25,0.0,0.0,0.0,0.0,578.48,0.0,0.0,0.0,0.0,0,Normal / No Flood
2022,12,26,0.0,11.32,49.82,1.37,2022-12-26,0.0,0.0,0.0,0.0,563.9624,0.0,0.0,0.0,0.0,0,Normal / No Flood
2022,12,27,0.0,9.89,51.41,2.03,2022-12-27,0.0,0.0,0.0,0.0,508.4449,0.0,0.0,0.0,0.0,0,Normal / No Flood
2022,12,28,0.0,9.74,51.86,2.14,2022-12-28,0.0,0.0,0.0,0.0,505.1164,0.0,0.0,0.0,0.0,0,Normal / No Flood
2022,12,29,1.25,12.53,58.73,1.22,2022-12-29,1.2499999999999822,1.2499999999999725,1.2500000000000009,1.0000000000000142,735.8869,1.525,0.0,0.0,0.0,0,Normal / No Flood
2022,12,30,0.73,11.43,75.76,1.4,2022-12-30,1.9799999999999824,1.9799999999999724,1.9800000000000009,0.368686868686872,865.9368000000001,1.022,1.25,0.0,1.0625,0,Normal / No Flood
2022,12,31,0.0,10.29,69.26,1.8,2022-12-31,1.9799999999999824,1.9799999999999724,1.9800000000000009,0.0,712.6854,0.0,0.73,1.25,1.523625,0,Normal / No Flood
2023,1,1,0.0,10.3,63.16,1.11,2023-01-01,0.7299999999999822,1.9799999999999724,1.9800000000000009,0.0,650.548,0.0,0.0,0.73,1.29508125,0,Normal / No Flood
2023,1,2,0.0,9.6,64.67,1.39,2023-01-02,0.0,1.9799999999999724,1.9800000000000009,0.0,620.832,0.0,0.0,0.0,1.1008190624999998,0,Normal / No Flood
2023,1,3,0.0,8.29,64.35,1.46,2023-01-03,0.0,1.9799999999999724,1.9800000000000009,0.0,533.4614999999999,0.0,0.0,0.0,0.9356962031249998,0,Normal / No Flood
2023,1,4,0.0,8.74,49.02,1.65,2023-01-04,0.0,1.9799999999999724,1.9800000000000009,0.0,428.43480000000005,0.0,0.0,0.0,0.79534177265625,0,Normal / No Flood
2023,1,5,0.0,8.75,45.92,1.46,2023-01-05,0.0,0.7299999999999724,1.9800000000000009,0.0,401.8,0.0,0.0,0.0,0.6760405067578124,0,Normal / No Flood
2023,1,6,0.0,8.87,45.3,1.33,2023-01-06,0.0,0.0,1.9800000000000009,0.0,401.8109999999999,0.0,0.0,0.0,0.2340212744453124,0,Normal / No Flood
2023,1,7,0.0,11.19,47.38,1.72,2023-01-07,0.0,0.0,1.9800000000000009,0.0,530.1822,0.0,0.0,0.0,0.0,0,Normal / No Flood
2023,1,8,0.0,14.04,50.17,1.66,2023-01-08,0.0,0.0,1.9800000000000009,0.0,704.3868,0.0,0.0,0.0,0.0,0,Normal / No Flood
2023,1,9,0.0,14.23,50.62,1.08,2023-01-09,0.0,0.0,1.9800000000000009,0.0,720.3226,0.0,0.0,0.0,0.0,0,Normal / No Flood
2023,1,10,0.0,12.63,54.68,1.51,2023-01-10,0.0,0.0,1.9800000000000009,0.0,690.6084000000001,0.0,0.0,0.0,0.0,0,Normal / No Flood
2023,1,11,0.67,13.16,54.5,1.38,2023-01-11,0.6699999999999823,0.6699999999999725,2.650000000000001,1.0000000000000264,717.22,0.9246,0.0,0.0,0.0,0,Normal / No Flood
2023,1,12,2.47,11.5,68.01,1.53,2023-01-12,3.1399999999999824,3.1399999999999726,3.870000000000001,0.7866242038216605,782.115,3.779100000000001,0.67,0.0,0.5695,0,Normal / No Flood
2023,1,13,12.19,11.78,77.06,1.88,2023-01-13,15.329999999999982,15.329999999999972,15.33,0.7951728636660153,907.7668,22.9172,2.47,0.67,2.5835749999999997,0,Normal / No Flood
2023,1,14,1.47,9.32,71.44,0.96,2023-01-14,16.12999999999998,16.799999999999972,16.8,0.0911345319280844,665.8208,1.4112,12.19,2.47,12.55753875,0,Normal / No Flood
2023,1,15,0.03,8.76,53.09,1.3,2023-01-15,13.689999999999982,16.82999999999997,16.83,0.0021913805697589,465.0684,0.039,1.47,12.19,11.9234079375,0,Normal / No Flood
2023,1,16,0.0,8.39,50.53,1.47,2023-01-16,1.4999999999999822,16.82999999999997,16.83,0.0,423.9467,0.0,0.03,1.47,10.160396746874998,0,Normal / No Flood
2023,1,17,0.0,7.84,45.88,1.71,2023-01-17,0.0299999999999822,16.82999999999997,16.83,0.0,359.6992,0.0,0.0,0.03,8.636337234843749,0,Normal / No Flood
2023,1,18,0.0,8.84,47.14,1.18,2023-01-18,0.0,16.159999999999968,16.83,0.0,416.7176,0.0,0.0,0.0,7.340886649617187,0,Normal / No Flood
2023,1,19,1.17,11.61,47.05,1.16,2023-01-19,1.1699999999999822,14.859999999999973,18.0,1.000000000000015,546.2505,1.3571999999999995,0.0,0.0,6.0571850003984355,0,Normal / No Flood
2023,1,20,6.5,7.68,78.3,1.23,2023-01-20,7.669999999999982,9.169999999999972,24.5,0.847457627118646,601.3439999999999,7.995,1.17,0.0,5.470055653492186,0,Normal / No Flood
2023,1,21,0.16,9.96,66.85,1.49,2023-01-21,7.829999999999982,7.859999999999972,24.66,0.0204342273307791,665.826,0.2384,6.5,1.17,6.852887805242187,0,Normal / No Flood
2023,1,22,0.0,10.9,57.73,1.42,2023-01-22,6.659999999999982,7.829999999999972,24.66,0.0,629.257,0.0,0.16,6.5,5.560393562648437,0,Normal / No Flood
2023,1,23,0.0,11.62,55.68,1.74,2023-01-23,0.1599999999999822,7.829999999999972,24.66,0.0,647.0015999999999,0.0,0.0,0.16,4.7181598125,0,Normal / No Flood
2023,1,24,6.9,11.86,76.71,2.62,2023-01-24,6.899999999999983,14.729999999999972,31.56,1.0000000000000029,909.7806,18.078000000000003,0.0,0.0,4.010435840624999,0,Normal / No Flood
2023,1,25,5.33,12.13,89.87,2.44,2023-01-25,12.229999999999984,20.059999999999977,36.22,0.4358135731807038,1090.1231,13.0052,6.9,0.0,9.27387046453125,0,Normal / No Flood
2023,1,26,0.39,11.68,79.21,1.39,2023-01-26,12.619999999999983,19.27999999999997,34.14,0.0309033280507131,925.1728,0.5421,5.33,6.9,12.41328989485156,0,Normal / No Flood
2023,1,27,0.0,12.01,51.68,1.54,2023-01-27,5.719999999999982,12.779999999999973,21.950000000000003,0.0,620.6768,0.0,0.39,5.33,10.563982496328125,0,Normal / No Flood
2023,1,28,0.0,12.92,39.05,1.42,2023-01-28,0.3899999999999822,12.619999999999973,20.48,0.0,504.5259999999999,0.0,0.0,0.39,7.208196709124999,0,Normal / No Flood
2023,1,29,2.16,11.94,50.45,2.47,2023-01-29,2.1599999999999824,14.779999999999973,22.610000000000003,1.0000000000000082,602.373,5.3352,0.0,0.0,6.083368718749999,0,Normal / No Flood
2023,1,30,8.46,10.19,77.72,2.05,2023-01-30,10.619999999999983,23.239999999999977,31.070000000000004,0.7966101694915267,791.9667999999999,17.343,2.16,0.0,7.006863410937498,0,Normal / No Flood
2023,1,31,0.01,10.51,67.46,1.91,2023-01-31,10.629999999999985,16.349999999999977,31.080000000000005,0.0009407337723424,709.0045999999999,0.0191,8.46,2.16,13.146833899296876,0,Normal / No Flood
2023,2,1,0.0,11.65,42.1,1.98,2023-02-01,8.469999999999983,11.019999999999971,31.080000000000005,0.0,490.465,0.0,0.01,8.46,9.303124191632811,0,Normal / No Flood
2023,2,2,0.0,12.73,41.12,2.01,2023-02-02,0.0099999999999822,10.629999999999972,29.910000000000004,0.0,523.4576,0.0,0.0,0.01,6.455281064429688,0,Normal / No Flood
2023,2,3,0.0,12.65,47.83,1.73,2023-02-03,0.0,10.629999999999972,23.410000000000004,0.0,605.0495,0.0,0.0,0.0,5.380717599999999,0,Normal / No Flood
2023,2,4,0.0,13.11,57.03,2.24,2023-02-04,0.0,10.629999999999972,23.250000000000004,0.0,747.6632999999999,0.0,0.0,0.0,4.57360996,0,Normal / No Flood
2023,2,5,0.0,13.4,59.17,1.75,2023-02-05,0.0,8.469999999999972,23.250000000000004,0.0,792.878,0.0,0.0,0.0,3.887568466,0,Normal / No Flood
2023,2,6,1.75,15.08,52.45,1.16,2023-02-06,1.7499999999999822,1.7599999999999716,25.000000000000004,1.0000000000000102,790.946,2.03,0.0,0.0,2.7158536620156246,0,Normal / No Flood
2023,2,7,0.27,13.25,58.26,1.99,2023-02-07,2.0199999999999823,2.0199999999999716,18.37,0.1336633663366348,771.9449999999999,0.5373,1.75,0.0,1.4907057708828126,0,Normal / No Flood
2023,2,8,0.0,12.71,50.07,1.76,2023-02-08,2.0199999999999823,2.0199999999999716,13.04,0.0,636.3897000000001,0.0,0.27,1.75,1.4938749999999998,0,Normal / No Flood
2023,2,9,2.23,14.28,49.37,2.17,2023-02-09,2.4999999999999822,4.249999999999972,14.88,0.8920000000000063,705.0035999999999,4.8391,0.0,0.27,1.2697937499999998,0,Normal / No Flood
2023,2,10,2.05,14.34,58.31,2.75,2023-02-10,4.279999999999982,6.299999999999971,16.93,0.4789719626168244,836.1654,5.637499999999999,2.23,0.0,2.9748246875,0,Normal / No Flood
2023,2,11,1.71,12.97,60.11,1.94,2023-02-11,5.9899999999999824,8.009999999999971,18.64,0.2854757929883147,779.6267,3.3173999999999997,2.05,2.23,4.271100984374999,0,Normal / No Flood
2023,2,12,0.01,9.51,43.27,2.35,2023-02-12,3.769999999999982,8.019999999999971,16.490000000000002,0.0026525198938992,411.4977,0.0235,1.71,2.05,5.083935836718749,0,Normal / No Flood
2023,2,13,0.0,10.62,39.2,2.8,2023-02-13,1.7199999999999822,6.269999999999971,8.03,0.0,416.304,0.0,0.01,1.71,4.329845461210937,0,Normal / No Flood
2023,2,14,0.0,13.84,42.46,2.25,2023-02-14,0.0099999999999822,5.999999999999972,8.02,0.0,587.6464,0.0,0.0,0.01,3.203510223210937,0,Normal / No Flood
2023,2,15,0.0,15.69,45.58,2.64,2023-02-15,0.0,5.999999999999972,8.02,0.0,715.1501999999999,0.0,0.0,0.0,2.6494112479687497,0,Normal / No Flood
2023,2,16,0.0,17.2,47.63,1.63,2023-02-16,0.0,3.769999999999971,8.02,0.0,819.236,0.0,0.0,0.0,2.251999560773437,0,Normal / No Flood
2023,2,17,0.0,17.77,48.36,1.74,2023-02-17,0.0,1.7199999999999716,8.02,0.0,859.3571999999999,0.0,0.0,0.0,1.306545755820312,0,Normal / No Flood
2023,2,18,0.0,18.65,43.0,1.99,2023-02-18,0.0,0.0099999999999715,8.02,0.0,801.9499999999999,0.0,0.0,0.0,0.5519583161171874,0,Normal / No Flood
2023,2,19,0.0,19.35,34.72,1.33,2023-02-19,0.0,0.0,8.02,0.0,671.832,0.0,0.0,0.0,0.0032057708828124,0,Normal / No Flood
2023,2,20,0.0,18.88,38.21,1.57,2023-02-20,0.0,0.0,6.27,0.0,721.4048,0.0,0.0,0.0,0.0,0,Normal / No Flood
2023,2,21,7.19,18.26,47.62,1.46,2023-02-21,7.189999999999983,7.189999999999972,13.19,1.0000000000000024,869.5412,10.4974,0.0,0.0,0.0,0,Normal / No Flood
2023,2,22,0.96,15.12,48.67,1.52,2023-02-22,8.149999999999983,8.149999999999972,14.15,0.117791411042945,735.8904,1.4592,7.19,0.0,6.1115,0,Normal / No Flood
2023,2,23,0.0,15.79,37.55,2.3,2023-02-23,8.149999999999983,8.149999999999972,11.919999999999998,0.0,592.9145,0.0,0.96,7.19,6.010775,0,Normal / No Flood
2023,2,24,0.0,16.62,37.88,1.91,2023-02-24,0.9599999999999822,8.149999999999972,9.87,0.0,629.5656000000001,0.0,0.0,0.96,5.10915875,0,Normal / No Flood
2023,2,25,0.0,17.09,38.75,1.91,2023-02-25,0.0,8.149999999999972,8.16,0.0,662.2375,0.0,0.0,0.0,4.342784937499999,0,Normal / No Flood
2023,2,26,0.04,17.28,44.0,1.9,2023-02-26,0.0399999999999822,8.189999999999971,8.19,1.000000000000444,760.32,0.076,0.0,0.0,3.691367196874999,0,Normal / No Flood
2023,2,27,0.02,17.57,47.1,1.88,2023-02-27,0.0599999999999822,8.209999999999972,8.209999999999999,0.333333333333432,827.547,0.0376,0.04,0.0,3.17166211734375,0,Normal / No Flood
2023,2,28,0.34,16.3,50.19,1.79,2023-02-28,0.3999999999999822,1.3599999999999717,8.549999999999999,0.8500000000000377,818.097,0.6086,0.02,0.04,2.712912799742187,0,Normal / No Flood
2023,3,1,2.46,17.19,52.86,1.55,2023-03-01,2.819999999999982,2.8599999999999715,11.01,0.8723404255319204,908.6634,3.813,0.34,0.02,0.63576900475,0,Normal / No Flood
2023,3,2,0.3,18.44,50.98,1.69,2023-03-02,3.099999999999982,3.1599999999999713,11.31,0.0967741935483876,940.0712,0.507,2.46,0.34,2.3698127499999995,0,Normal / No Flood
2023,3,3,0.0,17.92,51.57,1.78,2023-03-03,2.759999999999982,3.1599999999999713,11.31,0.0,924.1344,0.0,0.3,2.46,2.2693408374999997,0,Normal / No Flood
2023,3,4,0.0,17.51,51.24,1.65,2023-03-04,0.2999999999999822,3.1599999999999713,11.31,0.0,897.2124000000001,0.0,0.0,0.3,1.928939711875,0,Normal / No Flood
2023,3,5,0.0,17.48,50.37,2.14,2023-03-05,0.0,3.1199999999999712,11.31,0.0,880.4676,0.0,0.0,0.0,1.6395987550937496,0,Normal / No Flood
2023,3,6,0.0,17.45,49.45,2.06,2023-03-06,0.0,3.0999999999999712,11.31,0.0,862.9025,0.0,0.0,0.0,1.3827593208281248,0,Normal / No Flood
2023,3,7,0.89,18.03,48.3,1.63,2023-03-07,0.8899999999999822,3.649999999999971,5.01,1.00000000000002,870.849,1.4507,0.0,0.0,1.1698956122031248,0,Normal / No Flood
2023,3,8,4.66,18.7,49.6,1.22,2023-03-08,5.549999999999982,5.849999999999971,8.71,0.8396396396396424,927.52,5.6852,0.89,0.0,1.6582644918593747,0,Normal / No Flood
2023,3,9,0.33,17.86,55.32,1.61,2023-03-09,5.879999999999982,5.8799999999999715,9.04,0.056122448979592,988.0152,0.5313000000000001,4.66,0.89,4.700198126484375,0,Normal / No Flood
2023,3,10,0.0,18.56,46.9,2.13,2023-03-10,4.9899999999999824,5.8799999999999715,9.04,0.0,870.4639999999999,0.0,0.33,4.66,4.19392125,0,Normal / No Flood
2023,3,11,0.02,18.83,47.15,1.82,2023-03-11,0.3499999999999822,5.899999999999971,9.06,0.05714285714286,887.8344999999999,0.0364,0.0,0.33,3.5648330624999995,0,Normal / No Flood
2023,3,12,0.01,20.41,46.0,1.86,2023-03-12,0.0299999999999822,5.909999999999972,9.03,0.3333333333335307,938.86,0.0186,0.02,0.0,3.047108103125,0,Normal / No Flood
2023,3,13,1.39,20.08,48.65,1.82,2023-03-13,1.4199999999999822,7.299999999999971,10.4,0.978873239436632,976.892,2.5298,0.01,0.02,2.59854188765625,0,Normal / No Flood
2023,3,14,0.21,19.88,47.71,2.1,2023-03-14,1.609999999999982,6.619999999999972,10.27,0.1304347826086971,948.4748,0.441,1.39,0.01,3.390260604507812,0,Normal / No Flood
2023,3,15,1.73,19.78,46.91,1.84,2023-03-15,3.3299999999999823,3.689999999999971,9.54,0.5195195195195222,927.8798,3.1832000000000003,0.21,1.39,2.817704946546874,0,Normal / No Flood
2023,3,16,1.49,19.7,43.21,1.4,2023-03-16,3.429999999999982,4.849999999999971,10.73,0.4344023323615183,851.237,2.086,1.73,0.21,2.595743357882812,0,Normal / No Flood
2023,3,17,0.95,19.05,51.9,1.72,2023-03-17,4.169999999999982,5.799999999999971,11.68,0.2278177458033582,988.695,1.634,1.49,1.73,3.3829599809374997,0,Normal / No Flood
2023,3,18,11.23,15.07,72.82,2.02,2023-03-18,13.669999999999982,17.009999999999973,22.91,0.8215069495245073,1097.3973999999998,22.6846,0.95,1.49,3.683015983796875,0,Normal / No Flood
2023,3,19,1.44,16.65,70.23,1.29,2023-03-19,13.61999999999998,18.439999999999973,24.35,0.1057268722466961,1169.3295,1.8576,11.23,0.95,12.670613775726562,0,Normal / No Flood
2023,3,20,14.19,15.88,79.77,0.94,2023-03-20,26.85999999999998,31.239999999999977,38.54,0.5282948622486973,1266.7476,13.3386,1.44,11.23,11.991296804117184,0,Normal / No Flood
2023,3,21,12.47,14.98,77.24,1.17,2023-03-21,28.09999999999998,43.49999999999997,50.12,0.4437722419928829,1157.0552,14.5899,14.19,1.44,21.875340453695305,0,Normal / No Flood
2023,3,22,0.51,15.95,64.69,1.9,2023-03-22,27.16999999999998,42.27999999999997,45.970000000000006,0.0187707029812293,1031.8055,0.969,12.47,14.19,29.13631637538281,0,Normal / No Flood
2023,3,23,0.0,17.3,56.21,2.36,2023-03-23,12.979999999999984,40.78999999999998,45.64,0.0,972.433,0.0,0.51,12.47,24.72796031075781,0,Normal / No Flood
2023,3,24,2.46,18.43,58.26,1.86,2023-03-24,2.969999999999982,42.29999999999997,48.099999999999994,0.8282828282828333,1073.7318,4.5756000000000006,0.0,0.51,20.61275538183593,0,Normal / No Flood
2023,3,25,16.45,16.89,74.12,2.68,2023-03-25,18.909999999999982,47.51999999999997,64.53,0.8699101004759394,1251.8868000000002,44.086,2.46,0.0,19.352976075773434,0,Normal / No Flood
2023,3,26,0.9,16.8,61.45,1.64,2023-03-26,19.80999999999998,46.979999999999976,65.42,0.0454316002019182,1032.36,1.476,16.45,2.46,27.372461068218747,0,Normal / No Flood
2023,3,27,0.0,17.46,52.26,1.45,2023-03-27,17.34999999999998,32.78999999999998,64.03,0.0,912.4596,0.0,0.9,16.45,23.639205551929685,0,Normal / No Flood
2023,3,28,0.0,17.77,52.55,1.69,2023-03-28,0.8999999999999823,20.31999999999997,63.82,0.0,933.8135,0.0,0.0,0.9,16.226684168835934,0,Normal / No Flood
2023,3,29,0.03,19.9,46.81,1.47,2023-03-29,0.0299999999999822,19.83999999999997,62.12,1.0000000000005922,931.519,0.0441,0.0,0.0,10.394724696273435,0,Normal / No Flood
2023,3,30,4.24,21.29,45.71,1.31,2023-03-30,4.269999999999983,24.07999999999997,64.87,0.9929742388758824,973.1659,5.5544,0.03,0.0,8.7220458240625,0,Normal / No Flood
2023,3,31,12.34,16.3,77.02,1.74,2023-03-31,16.60999999999998,33.95999999999997,76.26,0.7429259482239623,1255.426,21.4716,4.24,0.03,11.017738950453124,0,Normal / No Flood
2023,4,1,19.0,15.7,80.58,1.23,2023-04-01,35.579999999999984,36.50999999999998,84.03,0.5340078695896574,1265.106,23.37,12.34,4.24,19.18375141628906,0,Normal / No Flood
2023,4,2,0.56,16.83,68.47,1.7,2023-04-02,31.89999999999998,36.16999999999997,83.14999999999999,0.0175548589341692,1152.3501,0.952,19.0,12.34,27.97371956695312,0,Normal / No Flood
2023,4,3,1.08,18.79,56.72,1.32,2023-04-03,20.639999999999983,37.24999999999997,70.03999999999999,0.0523255813953488,1065.7687999999998,1.4256000000000002,0.56,19.0,24.008420159375,0,Normal / No Flood
2023,4,4,5.9,17.0,67.79,2.3,2023-04-04,7.539999999999983,43.14999999999998,63.47,0.7824933687002671,1152.43,13.57,1.08,0.56,21.325157135468743,0,Normal / No Flood
2023,4,5,0.0,18.03,50.18,2.04,2023-04-05,6.979999999999983,43.119999999999976,62.959999999999994,0.0,904.7454,0.0,5.9,1.08,23.14138356514844,0,Normal / No Flood
2023,4,6,0.0,18.38,45.88,2.19,2023-04-06,5.899999999999983,38.879999999999974,62.959999999999994,0.0,843.2744,0.0,0.0,5.9,19.662001314625,0,Normal / No Flood
2023,4,7,0.0,19.37,45.74,2.02,2023-04-07,0.0,26.539999999999974,60.5,0.0,885.9838000000001,0.0,0.0,0.0,15.557341291265622,0,Normal / No Flood
2023,4,8,0.0,20.74,41.48,1.77,2023-04-08,0.0,7.539999999999976,44.05,0.0,860.2951999999999,0.0,0.0,0.0,9.861207018593747,0,Normal / No Flood
2023,4,9,0.0,21.45,37.57,1.79,2023-04-09,0.0,6.979999999999976,43.15,0.0,805.8765,0.0,0.0,0.0,3.2047059900625,0,Normal / No Flood
2023,4,10,0.0,21.74,38.88,1.81,2023-04-10,0.0,5.8999999999999755,43.15,0.0,845.2512,0.0,0.0,0.0,2.5714053975312496,0,Normal / No Flood
2023,4,11,0.0,22.98,42.66,2.62,2023-04-11,0.0,0.0,43.15,0.0,980.3268,0.0,0.0,0.0,1.8914048208593743,0,Normal / No Flood
2023,4,12,0.0,23.9,43.22,2.36,2023-04-12,0.0,0.0,43.12,0.0,1032.958,0.0,0.0,0.0,0.0,0,Normal / No Flood
2023,4,13,0.0,23.73,43.54,2.29,2023-04-13,0.0,0.0,38.879999999999995,0.0,1033.2042,0.0,0.0,0.0,0.0,0,Normal / No Flood
2023,4,14,0.0,25.29,40.57,1.93,2023-04-14,0.0,0.0,26.54,0.0,1026.0153,0.0,0.0,0.0,0.0,0,Normal / No Flood
2023,4,15,0.0,26.2,34.24,1.65,2023-04-15,0.0,0.0,7.540000000000001,0.0,897.0880000000001,0.0,0.0,0.0,0.0,0,Normal / No Flood
2023,4,16,0.0,26.28,34.83,1.83,2023-04-16,0.0,0.0,6.98,0.0,915.3324,0.0,0.0,0.0,0.0,0,Normal / No Flood
2023,4,17,0.0,27.03,33.37,1.88,2023-04-17,0.0,0.0,5.9,0.0,901.9911,0.0,0.0,0.0,0.0,0,Normal / No Flood
2023,4,18,9.21,27.1,40.88,1.62,2023-04-18,9.209999999999985,9.209999999999976,9.21,1.000000000000002,1107.8480000000002,14.920200000000005,0.0,0.0,0.0,0,Normal / No Flood
2023,4,19,19.6,23.66,61.52,1.68,2023-04-19,28.809999999999985,28.809999999999977,28.81,0.6803193335647348,1455.5632,32.928000000000004,9.21,0.0,7.828500000000001,0,Normal / No Flood
2023,4,20,20.79,21.5,65.28,1.5,2023-04-20,49.59999999999998,49.59999999999998,49.6,0.4191532258064517,1403.52,31.185,19.6,9.21,23.314225,0,Normal / No Flood
2023,4,21,2.27,20.72,54.92,1.9,2023-04-21,42.65999999999998,51.869999999999976,51.870000000000005,0.0532114392873886,1137.9424,4.313,20.79,19.6,37.48859125,0,Normal / No Flood
2023,4,22,0.06,20.45,41.76,1.74,2023-04-22,23.11999999999998,51.92999999999998,51.93,0.0025951557093425,853.992,0.1043999999999999,2.27,20.79,33.794802562499996,0,Normal / No Flood
2023,4,23,0.05,21.14,40.34,1.8,2023-04-23,2.379999999999982,51.979999999999976,51.98,0.0210084033613446,852.7876000000001,0.09,0.06,2.27,28.776582178124997,0,Normal / No Flood
2023,4,24,0.0,21.5,43.76,1.22,2023-04-24,0.1099999999999822,51.979999999999976,51.98,0.0,940.84,0.0,0.05,0.06,24.502594851406247,0,Normal / No Flood
2023,4,25,1.33,21.41,46.36,1.79,2023-04-25,1.3799999999999824,44.09999999999997,53.31,0.9637681159420414,992.5676,2.3807,0.0,0.05,20.82720562369531,0,Normal / No Flood
2023,4,26,0.89,22.86,45.89,1.58,2023-04-26,2.2199999999999824,25.389999999999976,54.2,0.4009009009009041,1049.0454,1.4062,1.33,0.0,16.323987044531247,0,Normal / No Flood
2023,4,27,4.25,21.64,58.38,1.54,2023-04-27,6.469999999999983,8.849999999999977,58.45,0.6568778979907282,1263.3432,6.545,0.89,1.33,9.291074697085936,0,Normal / No Flood
2023,4,28,2.05,20.47,60.92,1.67,2023-04-28,7.189999999999983,8.629999999999976,60.5,0.2851182197496529,1247.0324,3.4235,4.25,0.89,5.844835476960936,0,Normal / No Flood
2023,4,29,3.4,21.77,57.86,1.62,2023-04-29,9.699999999999983,11.969999999999976,63.9,0.3505154639175263,1259.6122,5.508,2.05,4.25,6.0920566635781235,0,Normal / No Flood
2023,4,30,11.15,18.65,70.52,1.57,2023-04-30,16.599999999999984,23.069999999999975,75.05,0.6716867469879525,1315.198,17.5055,3.4,2.05,8.05189873253906,0,Normal / No Flood
2023,5,1,15.64,17.01,86.16,2.01,2023-05-01,30.189999999999984,38.70999999999998,90.69,0.5180523352103349,1465.5816,31.4364,11.15,3.4,16.307989396406253,0,Normal / No Flood
2023,5,2,10.17,17.5,82.28,1.5,2023-05-02,36.95999999999999,47.549999999999976,91.65,0.2751623376623378,1439.9,15.255,15.64,11.15,27.155790986945306,0,Normal / No Flood
2023,5,3,7.69,19.23,73.26,1.14,2023-05-03,33.499999999999986,54.34999999999998,79.74,0.2295522388059702,1408.7898000000002,8.7666,10.17,15.64,31.36450994060156,0,Normal / No Flood
2023,5,4,4.17,20.87,65.02,1.3,2023-05-04,22.029999999999987,54.269999999999975,63.120000000000005,0.1892873354516569,1356.9674,5.421,7.69,10.17,32.953816882226555,0,Normal / No Flood
2023,5,5,0.0,22.14,56.41,2.16,2023-05-05,11.859999999999983,52.21999999999997,60.85,0.0,1248.9174,0.0,4.17,7.69,30.39715961847656,0,Normal / No Flood
2023,5,6,2.82,22.42,55.33,1.99,2023-05-06,6.989999999999984,51.63999999999997,63.61000000000001,0.4034334763948506,1240.4986,5.6118,0.0,4.17,25.278980099375,0,Normal / No Flood
2023,5,7,0.0,23.15,46.55,1.55,2023-05-07,2.819999999999984,40.489999999999974,63.56,0.0,1077.6325,0.0,2.82,0.0,22.957665299335932,0,Normal / No Flood
2023,5,8,4.79,23.73,40.38,2.44,2023-05-08,7.609999999999984,29.639999999999976,68.35,0.6294349540078857,958.2174,11.6876,0.0,2.82,16.475746150249996,0,Normal / No Flood
2023,5,9,1.64,22.51,39.92,2.28,2023-05-09,6.429999999999984,21.109999999999975,68.66,0.2550544323483676,898.5992000000001,3.7391999999999994,4.79,0.0,13.81413241610156,0,Normal / No Flood
2023,5,10,0.31,22.51,38.63,2.31,2023-05-10,6.739999999999984,13.729999999999976,68.08,0.0459940652818992,869.5613000000001,0.7161,1.64,4.79,10.36478391403906,0,Normal / No Flood
2023,5,11,0.0,24.71,32.15,1.58,2023-05-11,1.9499999999999849,9.559999999999974,63.83,0.0,794.4265,0.0,0.31,1.64,6.978114189382811,0,Normal / No Flood
2023,5,12,0.0,26.55,30.79,1.85,2023-05-12,0.3099999999999849,9.559999999999974,61.78,0.0,817.4745,0.0,0.0,0.31,4.795111571562499,0,Normal / No Flood
2023,5,13,0.01,27.8,33.19,1.57,2023-05-13,0.0099999999999849,6.749999999999976,58.39000000000001,1.00000000000151,922.682,0.0157,0.0,0.0,4.075844835828125,0,Normal / No Flood
2023,5,14,0.43,27.18,38.01,1.88,2023-05-14,0.4399999999999849,7.179999999999975,47.67,0.9772727272727608,1033.1118,0.8083999999999999,0.01,0.0,2.7045448298437496,0,Normal / No Flood
2023,5,15,0.2,27.39,38.17,2.15,2023-05-15,0.6399999999999849,2.589999999999976,32.23,0.3125000000000074,1045.4763,0.43,0.43,0.01,2.664363105367187,0,Normal / No Flood
2023,5,16,0.02,27.43,38.46,2.08,2023-05-16,0.6499999999999849,0.969999999999976,22.08,0.0307692307692314,1054.9578,0.0416,0.2,0.43,1.1294790246249995,0,Normal / No Flood
2023,5,17,0.9,28.14,40.69,2.05,2023-05-17,1.119999999999985,1.559999999999976,15.29,0.8035714285714394,1145.0166,1.845,0.02,0.2,0.5301727098671873,0,Normal / No Flood
2023,5,18,3.61,26.24,45.29,2.16,2023-05-18,4.529999999999985,5.169999999999976,14.73,0.7969094922737333,1188.4096,7.7976,0.9,0.02,1.131174740625,0,Normal / No Flood
2023,5,19,0.0,25.7,47.42,2.72,2023-05-19,4.509999999999984,5.169999999999976,14.73,0.0,1218.694,0.0,3.61,0.9,4.02999852953125,0,Normal / No Flood
2023,5,20,0.0,26.94,37.23,2.48,2023-05-20,3.6099999999999848,5.159999999999976,11.91,0.0,1002.9762,0.0,0.0,3.61,3.425498750101562,0,Normal / No Flood
2023,5,21,0.0,29.28,28.22,2.34,2023-05-21,0.0,4.729999999999976,11.91,0.0,826.2816,0.0,0.0,0.0,2.9089490323359364,0,Normal / No Flood
2023,5,22,0.0,30.39,30.53,2.32,2023-05-22,0.0,4.529999999999976,7.119999999999999,0.0,927.8067,0.0,0.0,0.0,2.35543575171875,0,Normal / No Flood
2023,5,23,6.72,30.0,40.63,2.52,2023-05-23,6.719999999999985,11.229999999999976,12.2,1.0000000000000022,1218.9,16.9344,0.0,0.0,1.9476222839531248,0,Normal / No Flood
2023,5,24,16.52,26.08,56.97,1.97,2023-05-24,23.239999999999984,26.849999999999973,28.409999999999997,0.7108433734939764,1485.7776,32.544399999999996,6.72,0.0,7.362029130859375,0,Normal / No Flood
2023,5,25,8.6,23.94,57.93,2.62,2023-05-25,31.839999999999986,31.839999999999975,37.01,0.2701005025125629,1386.8442,22.532,16.52,6.72,20.05448328869531,0,Normal / No Flood
2023,5,26,0.87,25.42,49.14,1.55,2023-05-26,25.989999999999984,32.70999999999998,37.88,0.0334744132358599,1249.1388000000002,1.3485,8.6,16.52,23.37262,0,Normal / No Flood
2023,5,27,2.13,24.29,57.32,1.42,2023-05-27,11.599999999999984,34.839999999999975,40.0,0.1836206896551726,1392.3028,3.0245999999999995,0.87,8.6,20.606226999999997,0,Normal / No Flood
2023,5,28,0.0,25.38,50.32,1.7,2023-05-28,2.999999999999986,34.839999999999975,39.57,0.0,1277.1216,0.0,2.13,0.87,19.325792949999997,0,Normal / No Flood
2023,5,29,12.45,24.77,59.12,1.44,2023-05-29,14.579999999999984,47.28999999999998,51.82,0.853909465020577,1464.4024,17.927999999999997,0.0,2.13,16.426924007499995,0,Normal / No Flood
2023,5,30,13.56,23.66,68.8,2.23,2023-05-30,26.009999999999984,54.12999999999998,65.36,0.5213379469434836,1627.808,30.2388,12.45,0.0,24.545385406374994,0,Normal / No Flood
2023,5,31,23.83,22.31,74.44,2.35,2023-05-31,49.83999999999998,61.43999999999998,88.28999999999999,0.4781300160513645,1660.7563999999998,56.000499999999995,13.56,12.45,30.558441267156248,0,Normal / No Flood
2023,6,1,5.8,21.57,73.07,1.7,2023-06-01,43.18999999999998,58.63999999999998,90.48,0.1342903449872656,1576.1199,9.86,23.83,13.56,41.72863160343749,0,Normal / No Flood
2023,6,2,1.22,22.52,60.85,1.6,2023-06-02,30.849999999999984,58.989999999999974,91.7,0.039546191247974,1370.342,1.952,5.8,23.83,38.05591834758593,0,Normal / No Flood
2023,6,3,0.0,24.42,51.78,1.43,2023-06-03,7.019999999999985,56.85999999999998,91.7,0.0,1264.4676000000002,0.0,1.22,5.8,33.14746383866405,0,Normal / No Flood
2023,6,4,0.08,26.14,46.37,1.73,2023-06-04,1.2999999999999858,56.939999999999976,91.78,0.0615384615384622,1212.1118,0.1384,0.0,1.22,27.59493944453124,0,Normal / No Flood
2023,6,5,3.05,27.14,47.79,2.05,2023-06-05,3.1299999999999857,47.53999999999998,94.83,0.9744408945686944,1297.0206,6.2524999999999995,0.08,0.0,23.52369852785155,0,Normal / No Flood
2023,6,6,1.99,25.52,52.58,2.03,2023-06-06,5.119999999999986,35.96999999999997,90.1,0.388671875000001,1341.8416,4.0397,3.05,0.08,19.195136711937497,0,Normal / No Flood
2023,6,7,0.56,25.32,53.03,1.92,2023-06-07,5.599999999999985,12.699999999999978,74.14,0.1000000000000002,1342.7196,1.0752000000000002,1.99,3.05,14.312394685617184,0,Normal / No Flood
2023,6,8,0.62,26.68,49.1,2.33,2023-06-08,3.1699999999999857,7.519999999999978,66.16000000000001,0.1955835962145119,1309.988,1.4446,0.56,1.99,6.148086271093749,0,Normal / No Flood
2023,6,9,0.04,28.7,48.17,2.26,2023-06-09,1.2199999999999858,6.3399999999999785,65.33,0.032786885245902,1382.479,0.0904,0.62,0.56,4.172428285203124,0,Normal / No Flood
2023,6,10,1.64,29.6,50.59,1.89,2023-06-10,2.2999999999999856,7.979999999999978,64.84,0.713043478260874,1497.4640000000002,3.0995999999999997,0.04,0.62,3.248125601875,0,Normal / No Flood
2023,6,11,0.61,28.12,58.56,1.82,2023-06-11,2.2899999999999854,8.509999999999978,65.45,0.26637554585153,1646.7072,1.1102,1.64,0.04,4.154906761593749,0,Normal / No Flood
2023,6,12,0.0,28.61,52.58,2.67,2023-06-12,2.2499999999999853,5.459999999999979,53.0,0.0,1504.3138,0.0,0.61,1.64,4.028371505351561,0,Normal / No Flood
2023,6,13,1.84,30.16,48.32,3.08,2023-06-13,2.449999999999986,5.309999999999978,41.28,0.7510204081632696,1457.3312,5.6672,0.0,0.61,2.593019678179687,0,Normal / No Flood
2023,6,14,2.44,29.51,53.07,2.72,2023-06-14,4.279999999999986,7.189999999999978,19.890000000000004,0.5700934579439271,1566.0957,6.6368,1.84,0.0,3.225810581625,0,Normal / No Flood
2023,6,15,4.88,25.95,68.52,2.18,2023-06-15,9.159999999999986,11.449999999999978,18.97,0.5327510917030576,1778.0939999999998,10.6384,2.44,1.84,4.663344300359374,0,Normal / No Flood
2023,6,16,0.04,27.11,62.81,2.44,2023-06-16,7.359999999999986,11.449999999999978,17.790000000000003,0.0054347826086956,1702.7791,0.0976,4.88,2.44,7.9428985297812496,0,Normal / No Flood
2023,6,17,0.06,29.19,50.41,1.71,2023-06-17,4.979999999999985,9.86999999999998,17.850000000000005,0.0120481927710843,1471.4679,0.1026,0.04,4.88,6.774564129312498,0,Normal / No Flood
2023,6,18,0.19,29.27,50.09,1.66,2023-06-18,0.2899999999999858,9.44999999999998,17.96,0.6551724137931355,1466.1343000000002,0.3154,0.06,0.04,5.362495048851561,0,Normal / No Flood
2023,6,19,6.0,29.65,53.78,1.65,2023-06-19,6.249999999999986,15.44999999999998,20.910000000000004,0.9600000000000022,1594.577,9.9,0.19,0.06,4.5534015712499984,0,Normal / No Flood
2023,6,20,12.73,29.21,60.33,1.31,2023-06-20,18.919999999999987,26.33999999999998,31.65,0.6728329809725163,1762.2393,16.6763,6.0,0.19,8.9703913355625,0,Normal / No Flood
2023,6,21,5.04,28.67,64.29,1.83,2023-06-21,23.769999999999985,28.93999999999998,36.13,0.2120319730753051,1843.1943000000003,9.2232,12.73,6.0,17.94395006915625,0,Normal / No Flood
2023,6,22,9.73,29.24,65.71,1.7,2023-06-22,27.499999999999982,33.78999999999998,45.24000000000001,0.353818181818182,1921.3604,16.541,5.04,12.73,18.871480677687497,0,Normal / No Flood
2023,6,23,9.14,29.74,64.97,1.41,2023-06-23,23.909999999999982,42.889999999999986,54.34,0.3822668339606861,1932.2078,12.8874,9.73,5.04,22.981504813843745,0,Normal / No Flood
2023,6,24,9.74,29.51,66.87,1.58,2023-06-24,28.609999999999985,52.56999999999998,62.440000000000005,0.3404404054526391,1973.3337,15.3892,9.14,9.73,27.292379470765624,0,Normal / No Flood
2023,6,25,14.13,27.65,75.28,2.09,2023-06-25,33.00999999999999,66.50999999999999,75.96000000000001,0.4280521054225993,2081.4919999999997,29.5317,9.74,9.14,31.461173118648436,1,Historical Disaster Record
2023,6,26,23.72,25.64,78.77,1.59,2023-06-26,47.58999999999999,84.22999999999999,99.68,0.4984240386635848,2019.6628,37.7148,14.13,9.74,38.70072395109375,0,Normal / No Flood
2023,6,27,5.86,27.03,71.87,1.5,2023-06-27,43.70999999999999,77.35999999999999,103.7,0.1340654312514299,1942.6461,8.790000000000001,23.72,14.13,51.42267220819531,0,Normal / No Flood
2023,6,28,15.65,27.1,73.8,1.36,2023-06-28,45.22999999999999,87.96999999999997,116.91,0.3460092858722088,1999.98,21.284,5.86,23.72,45.22146699321874,0,Normal / No Flood
2023,6,29,11.73,26.84,75.24,1.27,2023-06-29,33.23999999999999,89.96999999999998,123.76,0.3528880866425994,2019.4416,14.8971,15.65,5.86,50.36739469803905,0,Normal / No Flood
2023,6,30,14.49,26.57,76.42,1.68,2023-06-30,41.86999999999999,95.31999999999998,138.21,0.3460711726773346,2030.4794,24.3432,11.73,15.65,50.13145268470312,0,Normal / No Flood
2023,7,1,5.06,26.69,69.82,1.73,2023-07-01,31.279999999999987,90.63999999999996,143.21,0.161764705882353,1863.4958,8.7538,14.49,11.73,52.43767138314061,0,Normal / No Flood
2023,7,2,1.2,27.52,69.01,2.22,2023-07-02,20.749999999999982,77.70999999999998,144.22,0.0578313253012048,1899.1552,2.664,5.06,14.49,46.21896296178905,0,Normal / No Flood
2023,7,3,2.02,27.57,72.66,1.4,2023-07-03,8.279999999999985,56.00999999999998,140.24,0.2439613526570052,2003.2362,2.828,1.2,5.06,36.455827398718746,0,Normal / No Flood
2023,7,4,7.47,27.65,72.14,1.51,2023-07-04,10.689999999999984,57.61999999999998,134.98,0.6987839101964463,1994.671,11.2797,2.02,1.2,26.24097803498437,0,Normal / No Flood
2023,7,5,8.59,26.25,76.41,1.22,2023-07-05,18.079999999999984,50.55999999999998,138.53,0.4751106194690269,2005.7625,10.4798,7.47,2.02,27.057536853007807,0,Normal / No Flood
2023,7,6,22.31,26.21,76.92,1.06,2023-07-06,38.36999999999999,61.13999999999997,151.11,0.5814438363304666,2016.0732,23.6486,8.59,7.47,26.03592960819531,0,Normal / No Flood
2023,7,7,15.59,24.88,83.85,1.38,2023-07-07,46.48999999999999,62.239999999999974,157.56,0.3353409335340934,2086.1879999999996,21.5142,22.31,8.59,37.89772630825781,0,Normal / No Flood
2023,7,8,107.12,24.58,87.35,1.83,2023-07-08,145.01999999999998,164.29999999999998,254.94,0.738656737001793,2147.0629999999996,196.0296,15.59,22.31,41.51617965420312,1,Historical Disaster Record; IMD Heavy Rain (107.1mm); 3-Day Saturated Runoff (145.0mm); 7-Day Antecedent Saturation (164.3mm)
2023,7,9,68.05,24.74,90.15,2.75,2023-07-09,190.76,231.15,308.86,0.3567309708534284,2230.311,187.1375,107.12,15.59,124.961950649375,1,Historical Disaster Record; IMD Heavy Rain (68.0mm); 3-Day Saturated Runoff (190.8mm); 7-Day Antecedent Saturation (231.2mm)
2023,7,10,126.85,24.79,88.67,0.79,2023-07-10,302.02,355.97999999999996,411.99,0.4200052976624064,2198.1293,100.2115,68.05,107.12,163.73316942192187,1,Historical Disaster Record; IMD Heavy Rain (126.8mm); 3-Day Saturated Runoff (302.0mm); 7-Day Antecedent Saturation (356.0mm)
2023,7,11,9.67,26.12,85.24,1.22,2023-07-11,204.56999999999996,358.17999999999995,415.8,0.0472698831695752,2226.4688,11.7974,126.85,68.05,246.44526314805464,1,Historical Disaster Record
2023,7,12,15.07,25.89,87.22,1.27,2023-07-12,151.58999999999995,364.66,415.22,0.099412890032324,2258.1258,19.1389,9.67,126.85,215.66246945380465,0,Normal / No Flood
2023,7,13,3.52,25.73,87.61,1.52,2023-07-13,28.259999999999987,345.86999999999995,407.01,0.1245576786978061,2254.2053,5.3504000000000005,15.07,9.67,193.7819054256484,0,Normal / No Flood
2023,7,14,3.8,25.5,87.08,1.21,2023-07-14,22.389999999999983,334.08,396.32,0.1697186243858866,2220.54,4.598,3.52,15.07,161.62735599817964,1,Historical Disaster Record
2023,7,15,7.1,25.43,90.23,1.79,2023-07-15,14.419999999999986,234.05999999999997,398.36,0.4923717059639394,2294.5489,12.709,3.8,3.52,136.36512531309373,0,Normal / No Flood
2023,7,16,16.18,25.35,88.61,1.04,2023-07-16,27.079999999999984,182.18999999999997,413.34,0.597488921713442,2246.2635,16.8272,7.1,3.8,92.7561714739453,0,Normal / No Flood
2023,7,17,6.17,26.13,87.87,1.51,2023-07-17,29.44999999999998,61.50999999999997,417.4899999999999,0.2095076400679118,2296.0431,9.3167,16.18,7.1,74.0527655239453,0,Normal / No Flood
2023,7,18,3.63,26.05,88.49,1.36,2023-07-18,25.979999999999983,55.46999999999997,413.65,0.1397228637413395,2305.1645,4.9368,6.17,16.18,33.62392759414843,0,Normal / No Flood
2023,7,19,9.13,25.39,88.64,2.07,2023-07-19,18.929999999999986,49.52999999999997,414.19,0.4823032223983101,2250.5696000000003,18.8991,3.63,6.17,29.03085507789843,0,Normal / No Flood
2023,7,20,4.02,26.91,81.61,1.24,2023-07-20,16.77999999999998,50.02999999999997,395.9,0.2395709177592374,2196.1251,4.984799999999999,9.13,3.63,28.330294603874997,1,Historical Disaster Record
2023,7,21,4.19,26.95,83.55,1.2,2023-07-21,17.339999999999982,50.419999999999966,384.5,0.2416378316032298,2251.6724999999997,5.0280000000000005,4.02,9.13,26.538583765156247,0,Normal / No Flood
2023,7,22,24.51,25.07,91.66,1.66,2023-07-22,32.719999999999985,67.82999999999997,301.89,0.7490831295843525,2297.9162,40.6866,4.19,4.02,25.08383220523437,1,Historical Disaster Record
2023,7,23,2.4,26.1,81.08,1.18,2023-07-23,31.09999999999998,54.049999999999976,236.24,0.0771704180064309,2116.188,2.832,24.51,4.19,40.220074646671875,0,Normal / No Flood
2023,7,24,2.95,26.09,82.27,1.15,2023-07-24,29.85999999999998,50.82999999999998,112.34,0.0987943737441393,2146.4242999999997,3.3925,2.4,24.51,31.81816675453906,0,Normal / No Flood
2023,7,25,8.8,25.69,83.07,1.16,2023-07-25,14.14999999999998,55.99999999999997,111.47,0.6219081272084815,2134.0683,10.208,2.95,2.4,27.871675201867184,1,Historical Disaster Record
2023,7,26,16.29,24.86,84.56,1.38,2023-07-26,28.039999999999974,63.159999999999975,112.69,0.5809557774607708,2102.1616,22.480199999999996,8.8,2.95,30.18178331569531,0,Normal / No Flood
2023,7,27,7.19,24.93,85.48,1.25,2023-07-27,32.27999999999998,66.32999999999997,116.36,0.2227385377943,2131.0164,8.9875,16.29,8.8,37.01317732473437,0,Normal / No Flood
2023,7,28,10.91,24.67,85.5,1.0,2023-07-28,34.38999999999998,73.04999999999998,123.47,0.3172433847048562,2109.2850000000003,10.91,7.19,16.29,36.47728881536718,0,Normal / No Flood
2023,7,29,3.57,25.04,87.44,1.41,2023-07-29,21.66999999999998,52.10999999999997,119.94,0.1647438855560684,2189.4975999999997,5.0337,10.91,7.19,39.137460193148435,0,Normal / No Flood
2023,7,30,6.42,25.34,87.47,1.52,2023-07-30,20.899999999999977,56.129999999999974,110.18,0.3071770334928232,2216.4898,9.7584,3.57,10.91,29.622598395468746,0,Normal / No Flood
2023,7,31,5.61,25.49,87.61,1.74,2023-07-31,15.59999999999998,58.78999999999997,109.62,0.3596153846153851,2233.1789,9.7614,6.42,3.57,29.98223137605468,0,Normal / No Flood
2023,8,1,1.98,25.87,88.84,2.32,2023-08-01,14.009999999999978,51.96999999999997,107.97,0.1413276231263385,2298.2908,4.5935999999999995,5.61,6.42,29.449549620781248,0,Normal / No Flood
2023,8,2,5.25,25.98,88.35,2.04,2023-08-02,12.83999999999998,40.92999999999997,104.09,0.4088785046728979,2295.333,10.71,1.98,5.61,24.31720055732031,0,Normal / No Flood
2023,8,3,7.99,25.96,89.08,2.04,2023-08-03,15.219999999999978,41.729999999999976,108.06,0.5249671484888313,2312.5168,16.2996,5.25,1.98,20.693249820835938,0,Normal / No Flood
2023,8,4,16.33,26.19,88.12,1.64,2023-08-04,29.569999999999975,47.14999999999997,120.2,0.552248900913088,2307.8628000000003,26.781199999999995,7.99,5.25,22.421555472679685,0,Normal / No Flood
2023,8,5,43.04,26.06,87.18,1.96,2023-08-05,67.35999999999997,86.61999999999998,138.73000000000002,0.6389548693586701,2271.9108,84.3584,16.33,7.99,29.96595052360156,0,Normal / No Flood
2023,8,6,17.37,25.65,89.32,2.49,2023-08-06,76.73999999999998,97.56999999999996,153.7,0.2263487099296326,2291.0579999999995,43.25130000000001,43.04,16.33,61.08226677067188,0,Normal / No Flood
2023,8,7,11.48,25.53,89.85,3.03,2023-08-07,71.88999999999999,103.43999999999996,162.23000000000002,0.1596884128529698,2293.8705,34.7844,17.37,43.04,64.9350375843203,0,Normal / No Flood
2023,8,8,1.4,25.53,90.39,2.8,2023-08-08,30.24999999999998,102.85999999999996,154.83,0.0462809917355372,2307.6567,3.919999999999999,11.48,17.37,63.42411010120312,0,Normal / No Flood
2023,8,9,2.12,25.21,90.89,2.17,2023-08-09,14.99999999999998,99.72999999999996,140.66,0.1413333333333335,2291.3369,4.6004000000000005,1.4,11.48,54.5609623464453,0,Normal / No Flood
2023,8,10,27.7,24.11,92.88,1.32,2023-08-10,31.219999999999978,119.43999999999996,161.17000000000002,0.8872517616912242,2239.3368,36.564,2.12,1.4,46.74824273802343,0,Normal / No Flood
2023,8,11,20.92,24.15,92.97,1.74,2023-08-11,50.73999999999998,124.02999999999996,171.17999999999998,0.4122979897516754,2245.2255,36.4008,27.7,2.12,61.1038070322578,0,Normal / No Flood
2023,8,12,24.74,24.54,92.64,2.5,2023-08-12,73.35999999999997,105.72999999999998,192.35,0.3372410032715377,2273.3856,61.849999999999994,20.92,27.7,65.27046570353124,0,Normal / No Flood
2023,8,13,32.55,25.17,90.4,1.86,2023-08-13,78.20999999999998,120.90999999999995,218.48,0.4161871883390871,2275.3680000000004,60.543,24.74,20.92,64.78090365032031,1,Historical Disaster Record; 7-Day Antecedent Saturation (120.9mm)
2023,8,14,65.32,24.96,91.33,1.65,2023-08-14,122.60999999999996,174.74999999999994,278.19,0.5327461055378844,2279.5968000000003,107.77799999999998,32.55,24.74,77.99810768284374,1,Historical Disaster Record; IMD Heavy Rain (65.3mm); 3-Day Saturated Runoff (122.6mm); 7-Day Antecedent Saturation (174.7mm)
2023,8,15,5.48,24.5,90.8,1.88,2023-08-15,103.34999999999998,178.82999999999996,281.68999999999994,0.0530237058538945,2224.6,10.3024,65.32,32.55,118.69220030296871,1,Historical Disaster Record
2023,8,16,0.1,24.87,89.79,2.21,2023-08-16,70.89999999999998,176.80999999999997,276.53999999999996,0.001410437235543,2233.0773000000004,0.221,5.48,65.32,105.16488352246871,0,Normal / No Flood
2023,8,17,5.62,24.89,91.26,2.3,2023-08-17,11.199999999999983,154.72999999999996,274.17,0.501785714285715,2271.4614,12.925999999999998,0.1,5.48,88.8974710810156,0,Normal / No Flood
2023,8,18,1.49,25.48,88.23,1.57,2023-08-18,7.209999999999986,135.29999999999995,259.33,0.2066574202496536,2248.1004000000003,2.3393,5.62,0.1,72.79186287528124,0,Normal / No Flood
2023,8,19,3.19,26.48,85.58,1.03,2023-08-19,10.299999999999986,113.74999999999996,219.48,0.309708737864078,2266.1584,3.2857,1.49,5.62,57.439081660171865,0,Normal / No Flood
2023,8,20,4.74,26.37,86.78,1.57,2023-08-20,9.419999999999986,85.93999999999997,206.85,0.503184713375797,2288.3886,7.441800000000001,3.19,1.49,44.793303821679686,0,Normal / No Flood
2023,8,21,7.1,25.19,90.68,1.77,2023-08-21,15.029999999999983,27.71999999999997,202.47,0.472388556220892,2284.2292,12.567,4.74,3.19,33.23374165840624,0,Normal / No Flood
2023,8,22,59.09,24.97,90.78,1.59,2023-08-22,70.92999999999999,81.32999999999997,260.15999999999997,0.8330748625405331,2266.7766,93.9531,7.1,4.74,16.48459931409375,1,Historical Disaster Record
2023,8,23,49.96,25.01,89.95,1.38,2023-08-23,116.15,131.18999999999997,308.0,0.4301334481274214,2249.6495,68.9448,59.09,7.1,62.74516133976563,1,Historical Disaster Record; 3-Day Saturated Runoff (116.2mm); 7-Day Antecedent Saturation (131.2mm)
2023,8,24,6.58,24.37,90.17,1.65,2023-08-24,115.63,132.14999999999998,286.88,0.0569056473233589,2197.4429,10.857,49.96,59.09,95.77213808629688,1,Historical Disaster Record
2023,8,25,6.44,24.55,89.13,1.92,2023-08-25,62.97999999999999,137.09999999999997,272.4,0.1022546840266751,2188.1415,12.3648,6.58,49.96,85.4679206226328,0,Normal / No Flood
2023,8,26,2.28,24.2,88.37,1.74,2023-08-26,15.299999999999986,136.18999999999997,249.94,0.1490196078431373,2138.554,3.9672,6.44,6.58,77.71572164692968,0,Normal / No Flood
2023,8,27,0.99,23.74,89.81,2.16,2023-08-27,9.709999999999988,132.44,218.38,0.1019567456230691,2132.0894,2.1384000000000003,2.28,6.44,67.12711862501563,0,Normal / No Flood
2023,8,28,8.81,23.2,88.72,1.99,2023-08-28,12.079999999999988,134.14999999999998,161.87,0.7293046357615902,2058.304,17.5319,0.99,2.28,56.60794574257812,0,Normal / No Flood
2023,8,29,0.1,23.48,87.71,1.83,2023-08-29,9.899999999999986,75.15999999999997,156.49,0.0101010101010101,2059.4308,0.183,8.81,0.99,53.67057115341406,0,Normal / No Flood
2023,8,30,0.0,23.81,90.51,2.03,2023-08-30,8.909999999999986,25.199999999999967,156.39,0.0,2155.0431,0.0,0.1,8.81,29.60352035584374,0,Normal / No Flood
2023,8,31,0.29,24.14,87.72,1.8,2023-08-31,0.3899999999999858,18.909999999999968,151.06,0.7435897435897706,2117.5608,0.522,0.0,0.1,11.549365671515623,0,Normal / No Flood
2023,9,1,1.57,24.2,87.23,2.16,2023-09-01,1.859999999999986,14.039999999999967,151.14,0.8440860215053828,2110.966,3.3912000000000004,0.29,0.0,8.270473166031248,0,Normal / No Flood
2023,9,2,0.21,23.73,85.58,2.28,2023-09-02,2.069999999999986,11.969999999999963,148.16,0.1014492753623195,2030.8134,0.4787999999999999,1.57,0.29,6.609563209875,0,Normal / No Flood
2023,9,3,0.0,23.95,84.27,1.86,2023-09-03,1.7799999999999858,10.979999999999963,143.42000000000002,0.0,2018.2665,0.0,0.21,1.57,5.175350331304688,0,Normal / No Flood
2023,9,4,1.53,24.08,84.5,1.72,2023-09-04,1.7399999999999858,3.6999999999999647,137.85,0.8793103448275934,2034.76,2.6316,0.0,0.21,4.129282161820312,0,Normal / No Flood
2023,9,5,0.38,24.89,79.43,1.44,2023-09-05,1.909999999999986,3.979999999999965,79.14,0.1989528795811533,1977.0127,0.5472,1.53,0.0,2.409748311953125,0,Normal / No Flood
2023,9,6,2.38,25.01,82.02,1.3,2023-09-06,4.289999999999986,6.359999999999964,31.56,0.5547785547785565,2051.3202,3.094,0.38,1.53,2.3440370126562495,0,Normal / No Flood
2023,9,7,0.57,25.23,75.76,1.37,2023-09-07,3.3299999999999854,6.639999999999964,25.550000000000004,0.1711711711711719,1911.4248,0.7809,2.38,0.38,4.015431460757812,0,Normal / No Flood
2023,9,8,0.79,24.82,78.64,1.12,2023-09-08,3.7399999999999856,5.859999999999965,19.9,0.211229946524065,1951.8448,0.8848000000000001,0.57,2.38,3.818594489382812,0,Normal / No Flood
2023,9,9,8.61,24.33,86.02,1.16,2023-09-09,9.969999999999985,14.259999999999962,26.23,0.8635907723169521,2092.8666,9.9876,0.79,0.57,3.4894951916640613,0,Normal / No Flood
2023,9,10,2.99,23.99,89.56,1.2,2023-09-10,12.389999999999985,17.249999999999964,28.230000000000004,0.2413236481033094,2148.5444,3.588,8.61,0.79,10.227347902656248,0,Normal / No Flood
2023,9,11,2.55,24.06,88.97,1.29,2023-09-11,14.149999999999984,18.269999999999964,21.97,0.1802120141342758,2140.6182,3.2895,2.99,8.61,11.234745717257807,0,Normal / No Flood
2023,9,12,4.34,24.06,90.24,1.24,2023-09-12,9.879999999999985,22.229999999999965,26.209999999999997,0.4392712550607294,2171.1744,5.3816,2.55,2.99,11.300123356359371,0,Normal / No Flood
2023,9,13,1.72,24.65,91.55,1.15,2023-09-13,8.609999999999985,21.56999999999996,27.93,0.1997677119628342,2256.7075,1.978,4.34,2.55,13.190558453390622,0,Normal / No Flood
2023,9,14,3.83,24.7,90.03,0.67,2023-09-14,9.889999999999986,24.829999999999963,31.47,0.3872598584428721,2223.741,2.5661,1.72,4.34,12.025447235789064,0,Normal / No Flood
2023,9,15,6.39,25.18,88.47,0.97,2023-09-15,11.939999999999984,30.42999999999996,36.29,0.5351758793969855,2227.6746,6.1983,3.83,1.72,13.321810551148436,0,Normal / No Flood
2023,9,16,7.44,24.28,87.87,1.11,2023-09-16,17.659999999999986,29.25999999999996,43.52,0.4212910532276334,2133.4836,8.258400000000002,6.39,3.83,16.53977145369531,0,Normal / No Flood
2023,9,17,9.88,23.96,87.76,0.76,2023-09-17,23.709999999999987,36.14999999999996,53.4,0.4167018135807678,2102.7296,7.508800000000001,7.44,6.39,18.036662315054684,0,Normal / No Flood
2023,9,18,2.27,24.15,85.12,1.2,2023-09-18,19.589999999999986,35.86999999999996,54.14,0.1158754466564574,2055.648,2.724,9.88,7.44,22.914416297929687,0,Normal / No Flood
2023,9,19,1.23,24.05,87.6,1.06,2023-09-19,13.379999999999985,32.75999999999996,54.99,0.0919282511210763,2106.7799999999997,1.3038,2.27,9.88,20.711903014390625,0,Normal / No Flood
2023,9,20,1.69,24.25,84.96,1.36,2023-09-20,5.189999999999985,32.72999999999996,54.3,0.3256262042389219,2060.2799999999997,2.2984,1.23,2.27,17.4680086835625,0,Normal / No Flood
2023,9,21,0.5,24.31,84.9,1.13,2023-09-21,3.4199999999999857,29.399999999999963,54.23,0.1461988304093573,2063.919,0.565,1.69,1.23,15.815623677960936,0,Normal / No Flood
2023,9,22,1.42,24.06,85.2,1.17,2023-09-22,3.6099999999999857,24.429999999999964,54.86,0.3933518005540181,2049.912,1.6613999999999998,0.5,1.69,12.824641415367186,0,Normal / No Flood
2023,9,23,7.09,23.61,84.32,1.48,2023-09-23,9.009999999999986,24.079999999999963,53.34,0.7869034406215328,1990.7952,10.4932,1.42,0.5,10.366730748062498,0,Normal / No Flood
2023,9,24,1.66,22.52,84.37,1.53,2023-09-24,10.169999999999986,15.859999999999962,52.01,0.1632251720747298,1900.0124,2.5398,7.09,1.42,12.810891629562498,0,Normal / No Flood
2023,9,25,0.0,22.57,75.24,1.31,2023-09-25,8.749999999999986,13.589999999999964,49.46,0.0,1698.1668,0.0,1.66,7.09,9.608051497742188,0,Normal / No Flood
2023,9,26,0.0,22.2,75.61,1.44,2023-09-26,1.6599999999999857,12.359999999999962,45.12,0.0,1678.542,0.0,0.0,1.66,7.5482902812421875,0,Normal / No Flood
2023,9,27,0.0,22.58,75.97,1.4,2023-09-27,0.0,10.669999999999964,43.4,0.0,1715.4026,0.0,0.0,0.0,6.080883393257811,0,Normal / No Flood
2023,9,28,0.0,22.43,73.43,1.22,2023-09-28,0.0,10.169999999999964,39.57,0.0,1647.0349,0.0,0.0,0.0,4.7082418969531235,0,Normal / No Flood
2023,9,29,0.03,23.02,67.18,1.25,2023-09-29,0.0299999999999857,8.779999999999962,33.21,1.0000000000004736,1546.4836,0.0375,0.0,0.0,3.865760349890624,0,Normal / No Flood
2023,9,30,0.46,22.73,68.23,1.37,2023-09-30,0.4899999999999858,2.1499999999999626,26.23,0.9387755102041088,1550.8679000000002,0.6302000000000001,0.03,0.0,2.9244597518515616,0,Normal / No Flood
2023,10,1,0.42,22.66,72.65,1.29,2023-10-01,0.9099999999999858,0.9099999999999626,16.77,0.4615384615384687,1646.2490000000005,0.5418,0.46,0.03,0.9448329665468748,0,Normal / No Flood
2023,10,2,0.38,21.91,68.8,0.86,2023-10-02,1.2599999999999858,1.2899999999999627,14.88,0.301587301587305,1507.408,0.3268,0.42,0.46,0.7077737499999999,0,Normal / No Flood
2023,10,3,0.0,20.78,75.84,1.75,2023-10-03,0.7999999999999858,1.2899999999999627,13.65,0.0,1575.9552,0.0,0.38,0.42,0.9246076875,0,Normal / No Flood
2023,10,4,0.0,21.82,73.46,1.57,2023-10-04,0.3799999999999858,1.2899999999999627,11.96,0.0,1602.8972,0.0,0.0,0.38,0.785916534375,0,Normal / No Flood
2023,10,5,0.0,21.44,69.56,1.61,2023-10-05,0.0,1.2899999999999627,11.46,0.0,1491.3664,0.0,0.0,0.0,0.6680290542187499,0,Normal / No Flood
2023,10,6,0.0,21.64,66.36,1.41,2023-10-06,0.0,1.2599999999999627,10.04,0.0,1436.0304,0.0,0.0,0.0,0.5678246960859373,0,Normal / No Flood
2023,10,7,0.0,21.46,67.55,1.26,2023-10-07,0.0,0.7999999999999627,2.9499999999999997,0.0,1449.623,0.0,0.0,0.0,0.4744762759218749,0,Normal / No Flood
2023,10,8,0.0,21.68,71.2,1.29,2023-10-08,0.0,0.3799999999999627,1.29,0.0,1543.616,0.0,0.0,0.0,0.2779591930156249,0,Normal / No Flood
2023,10,9,0.0,21.93,73.2,1.14,2023-10-09,0.0,0.0,1.29,0.0,1605.276,0.0,0.0,0.0,0.1218192935468749,0,Normal / No Flood
2023,10,10,6.41,21.1,70.84,1.37,2023-10-10,6.409999999999986,6.409999999999963,7.7,1.0000000000000022,1494.7240000000002,8.7817,0.0,0.0,0.0,0,Normal / No Flood
2023,10,11,0.0,20.11,71.31,1.52,2023-10-11,6.409999999999986,6.409999999999963,7.7,0.0,1434.0441,0.0,6.41,0.0,5.4485,0,Normal / No Flood
2023,10,12,0.0,19.94,73.11,1.31,2023-10-12,6.409999999999986,6.409999999999963,7.7,0.0,1457.8134,0.0,0.0,6.41,4.631225,0,Normal / No Flood
2023,10,13,0.0,20.06,70.41,1.24,2023-10-13,0.0,6.409999999999963,7.67,0.0,1412.4245999999998,0.0,0.0,0.0,3.936541249999999,0,Normal / No Flood
2023,10,14,3.26,20.74,69.34,1.51,2023-10-14,3.2599999999999856,9.669999999999964,10.47,1.0000000000000044,1438.1116,4.9226,0.0,0.0,3.346060062499999,0,Normal / No Flood
2023,10,15,0.13,20.33,67.32,1.33,2023-10-15,3.3899999999999855,9.799999999999963,10.18,0.0383480825958703,1368.6156,0.1729,3.26,0.0,5.6151510531249995,0,Normal / No Flood
2023,10,16,13.92,17.94,79.39,1.55,2023-10-16,17.309999999999985,23.719999999999963,23.72,0.8041594454072798,1424.2566000000002,21.576,0.13,3.26,4.8833783951562495,0,Normal / No Flood
2023,10,17,4.99,17.52,76.25,1.19,2023-10-17,19.039999999999985,22.29999999999996,28.71,0.2620798319327733,1335.9,5.9381,13.92,0.13,15.98287163588281,0,Normal / No Flood
2023,10,18,0.23,17.02,70.54,1.54,2023-10-18,19.139999999999983,22.52999999999996,28.94,0.0120167189132706,1200.5908000000002,0.3542,4.99,13.92,16.080276624999996,0,Normal / No Flood
2023,10,19,0.0,17.34,68.62,1.35,2023-10-19,5.219999999999986,22.52999999999996,28.94,0.0,1189.8708,0.0,0.23,4.99,13.86373513125,0,Normal / No Flood
2023,10,20,0.0,17.5,63.73,1.26,2023-10-20,0.2299999999999858,22.52999999999996,28.94,0.0,1115.275,0.0,0.0,0.23,11.784174861562498,0,Normal / No Flood
2023,10,21,0.0,18.0,61.82,1.29,2023-10-21,0.0,19.26999999999996,28.94,0.0,1112.76,0.0,0.0,0.0,10.016548632328124,0,Normal / No Flood
2023,10,22,0.0,18.06,68.74,1.45,2023-10-22,0.0,19.13999999999996,28.94,0.0,1241.4444,0.0,0.0,0.0,7.625747225851561,0,Normal / No Flood
2023,10,23,0.24,18.52,65.86,1.25,2023-10-23,0.2399999999999857,5.459999999999963,29.18,1.0000000000000593,1219.7272,0.3,0.0,0.0,6.446461373718749,0,Normal / No Flood
2023,10,24,0.02,18.98,65.22,1.37,2023-10-24,0.2599999999999858,0.4899999999999627,22.79,0.0769230769230811,1237.8756,0.0274,0.24,0.0,1.8904240591171872,0,Normal / No Flood
2023,10,25,0.0,18.82,66.28,1.25,2023-10-25,0.2599999999999858,0.2599999999999627,22.79,0.0,1247.3896,0.0,0.02,0.24,0.2641327303046874,0,Normal / No Flood
2023,10,26,0.0,18.32,66.14,1.78,2023-10-26,0.0199999999999857,0.2599999999999627,22.79,0.0,1211.6848,0.0,0.0,0.02,0.1618399999999999,0,Normal / No Flood
2023,10,27,0.0,18.13,66.07,1.64,2023-10-27,0.0,0.2599999999999627,22.79,0.0,1197.8491,0.0,0.0,0.0,0.1375639999999999,0,Normal / No Flood
2023,10,28,0.0,18.89,66.1,1.41,2023-10-28,0.0,0.2599999999999627,19.53,0.0,1248.629,0.0,0.0,0.0,0.1169293999999999,0,Normal / No Flood
2023,10,29,0.0,18.91,67.31,1.29,2023-10-29,0.0,0.2599999999999627,19.4,0.0,1272.8321,0.0,0.0,0.0,0.0993899899999999,0,Normal / No Flood
2023,10,30,0.0,18.27,68.13,1.28,2023-10-30,0.0,0.0199999999999626,5.48,0.0,1244.7351,0.0,0.0,0.0,0.0844814914999999,0,Normal / No Flood
2023,10,31,0.0,18.78,64.08,1.36,2023-10-31,0.0,0.0,0.49,0.0,1203.4224000000002,0.0,0.0,0.0,0.0064115417656249,0,Normal / No Flood
2023,11,1,0.0,19.59,58.27,1.31,2023-11-01,0.0,0.0,0.26,0.0,1141.5093000000002,0.0,0.0,0.0,0.0,0,Normal / No Flood
2023,11,2,0.0,19.3,57.66,1.24,2023-11-02,0.0,0.0,0.26,0.0,1112.838,0.0,0.0,0.0,0.0,0,Normal / No Flood
2023,11,3,0.0,18.6,59.46,1.19,2023-11-03,0.0,0.0,0.26,0.0,1105.956,0.0,0.0,0.0,0.0,0,Normal / No Flood
2023,11,4,0.0,18.05,59.19,1.37,2023-11-04,0.0,0.0,0.26,0.0,1068.3795,0.0,0.0,0.0,0.0,0,Normal / No Flood
2023,11,5,0.0,18.11,59.91,1.46,2023-11-05,0.0,0.0,0.26,0.0,1084.9701,0.0,0.0,0.0,0.0,0,Normal / No Flood
2023,11,6,0.0,17.39,60.48,1.25,2023-11-06,0.0,0.0,0.02,0.0,1051.7472,0.0,0.0,0.0,0.0,0,Normal / No Flood
2023,11,7,0.0,17.23,62.86,1.48,2023-11-07,0.0,0.0,0.0,0.0,1083.0778,0.0,0.0,0.0,0.0,0,Normal / No Flood
2023,11,8,0.0,17.72,65.84,1.58,2023-11-08,0.0,0.0,0.0,0.0,1166.6848,0.0,0.0,0.0,0.0,0,Normal / No Flood
2023,11,9,0.03,17.56,65.7,1.52,2023-11-09,0.0299999999999857,0.0299999999999626,0.03,1.0000000000004736,1153.692,0.0456,0.0,0.0,0.0,0,Normal / No Flood
2023,11,10,3.06,15.17,74.33,1.41,2023-11-10,3.0899999999999856,3.0899999999999626,3.09,0.990291262135927,1127.5861,4.3145999999999995,0.03,0.0,0.0255,0,Normal / No Flood
2023,11,11,0.05,14.73,72.05,1.4,2023-11-11,3.1399999999999855,3.1399999999999624,3.1399999999999997,0.0159235668789809,1061.2965,0.0699999999999999,3.06,0.03,2.622675,0,Normal / No Flood
2023,11,12,0.0,15.76,66.34,1.52,2023-11-12,3.1099999999999857,3.1399999999999624,3.1399999999999997,0.0,1045.5184,0.0,0.05,3.06,2.27177375,0,Normal / No Flood
2023,11,13,0.0,16.51,59.3,1.38,2023-11-13,0.0499999999999857,3.1399999999999624,3.1399999999999997,0.0,979.043,0.0,0.0,0.05,1.9310076874999995,0,Normal / No Flood
2023,11,14,0.0,17.29,57.53,1.22,2023-11-14,0.0,3.1399999999999624,3.1399999999999997,0.0,994.6937,0.0,0.0,0.0,1.6413565343749996,0,Normal / No Flood
2023,11,15,0.0,17.36,56.33,1.4,2023-11-15,0.0,3.1399999999999624,3.1399999999999997,0.0,977.8888,0.0,0.0,0.0,1.3951530542187496,0,Normal / No Flood
2023,11,16,0.0,17.1,55.07,1.39,2023-11-16,0.0,3.1099999999999626,3.1399999999999997,0.0,941.697,0.0,0.0,0.0,1.1858800960859373,0,Normal / No Flood
2023,11,17,0.0,17.67,54.83,1.5,2023-11-17,0.0,0.0499999999999627,3.1399999999999997,0.0,968.8461,0.0,0.0,0.0,0.9998233659218748,0,Normal / No Flood
2023,11,18,0.0,17.62,59.38,1.47,2023-11-18,0.0,0.0,3.1399999999999997,0.0,1046.2756000000002,0.0,0.0,0.0,0.0160288544140624,0,Normal / No Flood
2023,11,19,0.0,17.14,64.66,1.36,2023-11-19,0.0,0.0,3.1399999999999997,0.0,1108.2724,0.0,0.0,0.0,0.0,0,Normal / No Flood
2023,11,20,0.0,16.63,65.03,1.12,2023-11-20,0.0,0.0,3.1399999999999997,0.0,1081.4489,0.0,0.0,0.0,0.0,0,Normal / No Flood
2023,11,21,0.0,15.73,62.38,1.72,2023-11-21,0.0,0.0,3.1399999999999997,0.0,981.2374,0.0,0.0,0.0,0.0,0,Normal / No Flood
2023,11,22,0.0,14.99,60.48,1.63,2023-11-22,0.0,0.0,3.1399999999999997,0.0,906.5952,0.0,0.0,0.0,0.0,0,Normal / No Flood
2023,11,23,0.0,15.68,52.81,1.37,2023-11-23,0.0,0.0,3.11,0.0,828.0608,0.0,0.0,0.0,0.0,0,Normal / No Flood
2023,11,24,0.0,15.79,54.5,1.29,2023-11-24,0.0,0.0,0.05,0.0,860.555,0.0,0.0,0.0,0.0,0,Normal / No Flood
2023,11,25,0.0,16.23,53.24,1.28,2023-11-25,0.0,0.0,0.0,0.0,864.0852000000001,0.0,0.0,0.0,0.0,0,Normal / No Flood
2023,11,26,0.0,15.98,56.17,1.2,2023-11-26,0.0,0.0,0.0,0.0,897.5966000000001,0.0,0.0,0.0,0.0,0,Normal / No Flood
2023,11,27,0.0,15.14,64.89,1.41,2023-11-27,0.0,0.0,0.0,0.0,982.4346,0.0,0.0,0.0,0.0,0,Normal / No Flood
2023,11,28,0.0,15.9,56.77,1.15,2023-11-28,0.0,0.0,0.0,0.0,902.643,0.0,0.0,0.0,0.0,0,Normal / No Flood
2023,11,29,0.35,16.88,55.08,1.29,2023-11-29,0.3499999999999857,0.3499999999999627,0.35,1.0000000000000406,929.7504,0.4514999999999999,0.0,0.0,0.0,0,Normal / No Flood
2023,11,30,9.55,14.26,80.03,1.3,2023-11-30,9.899999999999986,9.899999999999965,9.9,0.964646464646466,1141.2278,12.415,0.35,0.0,0.2975,0,Normal / No Flood
2023,12,1,2.6,15.11,69.74,1.07,2023-12-01,12.499999999999986,12.499999999999964,12.5,0.2080000000000002,1053.7714,2.7820000000000005,9.55,0.35,8.370375,0,Normal / No Flood
2023,12,2,0.1,14.66,64.28,1.22,2023-12-02,12.249999999999986,12.599999999999962,12.6,0.0081632653061224,942.3448,0.122,2.6,9.55,9.32481875,0,Normal / No Flood
2023,12,3,0.0,14.26,62.48,1.74,2023-12-03,2.699999999999986,12.599999999999962,12.6,0.0,890.9648,0.0,0.1,2.6,8.011095937499999,0,Normal / No Flood
2023,12,4,1.28,13.66,66.83,1.17,2023-12-04,1.379999999999986,13.879999999999963,13.88,0.9275362318840674,912.8978,1.4976,0.0,0.1,6.8094315468749995,0,Normal / No Flood
2023,12,5,0.0,13.16,67.75,1.7,2023-12-05,1.2799999999999858,13.879999999999963,13.88,0.0,891.59,0.0,1.28,0.0,6.87601681484375,0,Normal / No Flood
2023,12,6,0.0,15.46,59.8,1.37,2023-12-06,1.2799999999999858,13.529999999999964,13.88,0.0,924.508,0.0,0.0,1.28,5.844614292617187,0,Normal / No Flood
2023,12,7,0.0,15.37,60.14,1.55,2023-12-07,0.0,3.979999999999963,13.88,0.0,924.3518,0.0,0.0,0.0,4.872550464960937,0,Normal / No Flood
2023,12,8,0.0,13.65,56.92,1.46,2023-12-08,0.0,1.3799999999999628,13.88,0.0,776.9580000000001,0.0,0.0,0.0,1.5393833810937498,0,Normal / No Flood
2023,12,9,0.0,12.35,59.01,1.78,2023-12-09,0.0,1.2799999999999627,13.88,0.0,728.7734999999999,0.0,0.0,0.0,0.600000508828125,0,Normal / No Flood
2023,12,10,0.0,12.08,53.39,1.95,2023-12-10,0.0,1.2799999999999627,13.88,0.0,644.9512,0.0,0.0,0.0,0.4827513799999999,0,Normal / No Flood
2023,12,11,0.0,12.26,47.12,1.24,2023-12-11,0.0,0.0,13.88,0.0,577.6912,0.0,0.0,0.0,0.4103386729999999,0,Normal / No Flood
2023,12,12,0.0,11.09,50.47,1.41,2023-12-12,0.0,0.0,13.88,0.0,559.7123,0.0,0.0,0.0,0.0,0,Normal / No Flood
2023,12,13,0.0,11.38,48.74,1.77,2023-12-13,0.0,0.0,13.53,0.0,554.6612,0.0,0.0,0.0,0.0,0,Normal / No Flood
2023,12,14,0.0,11.38,47.64,1.77,2023-12-14,0.0,0.0,3.98,0.0,542.1432000000001,0.0,0.0,0.0,0.0,0,Normal / No Flood
2023,12,15,0.0,12.45,46.97,1.24,2023-12-15,0.0,0.0,1.38,0.0,584.7764999999999,0.0,0.0,0.0,0.0,0,Normal / No Flood
2023,12,16,0.0,10.67,52.31,1.36,2023-12-16,0.0,0.0,1.28,0.0,558.1477,0.0,0.0,0.0,0.0,0,Normal / No Flood
2023,12,17,0.0,10.57,55.7,1.44,2023-12-17,0.0,0.0,1.28,0.0,588.749,0.0,0.0,0.0,0.0,0,Normal / No Flood
2023,12,18,0.0,10.64,56.14,2.0,2023-12-18,0.0,0.0,0.0,0.0,597.3296,0.0,0.0,0.0,0.0,0,Normal / No Flood
2023,12,19,0.0,11.21,47.64,1.89,2023-12-19,0.0,0.0,0.0,0.0,534.0444,0.0,0.0,0.0,0.0,0,Normal / No Flood
2023,12,20,0.0,11.16,44.07,1.51,2023-12-20,0.0,0.0,0.0,0.0,491.8212,0.0,0.0,0.0,0.0,0,Normal / No Flood
2023,12,21,0.0,11.87,44.08,1.63,2023-12-21,0.0,0.0,0.0,0.0,523.2295999999999,0.0,0.0,0.0,0.0,0,Normal / No Flood
2023,12,22,0.0,13.6,43.37,1.31,2023-12-22,0.0,0.0,0.0,0.0,589.832,0.0,0.0,0.0,0.0,0,Normal / No Flood
2023,12,23,0.0,14.11,49.17,1.24,2023-12-23,0.0,0.0,0.0,0.0,693.7887,0.0,0.0,0.0,0.0,0,Normal / No Flood
2023,12,24,0.0,12.89,53.67,1.37,2023-12-24,0.0,0.0,0.0,0.0,691.8063000000001,0.0,0.0,0.0,0.0,0,Normal / No Flood
2023,12,25,0.0,13.2,50.66,1.45,2023-12-25,0.0,0.0,0.0,0.0,668.7119999999999,0.0,0.0,0.0,0.0,0,Normal / No Flood
2023,12,26,0.0,13.2,49.15,1.21,2023-12-26,0.0,0.0,0.0,0.0,648.78,0.0,0.0,0.0,0.0,0,Normal / No Flood
2023,12,27,0.0,13.54,41.57,1.32,2023-12-27,0.0,0.0,0.0,0.0,562.8578,0.0,0.0,0.0,0.0,0,Normal / No Flood
2023,12,28,0.0,12.37,48.88,1.25,2023-12-28,0.0,0.0,0.0,0.0,604.6456,0.0,0.0,0.0,0.0,0,Normal / No Flood
2023,12,29,0.0,12.67,51.49,1.34,2023-12-29,0.0,0.0,0.0,0.0,652.3783,0.0,0.0,0.0,0.0,0,Normal / No Flood
2023,12,30,0.0,12.39,52.37,1.23,2023-12-30,0.0,0.0,0.0,0.0,648.8643,0.0,0.0,0.0,0.0,0,Normal / No Flood
2023,12,31,0.0,12.25,57.84,1.25,2023-12-31,0.0,0.0,0.0,0.0,708.5400000000001,0.0,0.0,0.0,0.0,0,Normal / No Flood
2024,1,1,0.0,11.36,54.34,1.32,2024-01-01,0.0,0.0,0.0,0.0,617.3024,0.0,0.0,0.0,0.0,0,Normal / No Flood
2024,1,2,0.0,10.86,49.62,1.29,2024-01-02,0.0,0.0,0.0,0.0,538.8732,0.0,0.0,0.0,0.0,0,Normal / No Flood
2024,1,3,0.0,11.66,45.85,1.38,2024-01-03,0.0,0.0,0.0,0.0,534.611,0.0,0.0,0.0,0.0,0,Normal / No Flood
2024,1,4,0.0,11.02,43.3,1.24,2024-01-04,0.0,0.0,0.0,0.0,477.16599999999994,0.0,0.0,0.0,0.0,0,Normal / No Flood
2024,1,5,0.0,10.75,43.47,1.36,2024-01-05,0.0,0.0,0.0,0.0,467.3025,0.0,0.0,0.0,0.0,0,Normal / No Flood
2024,1,6,0.0,10.59,43.58,1.37,2024-01-06,0.0,0.0,0.0,0.0,461.5121999999999,0.0,0.0,0.0,0.0,0,Normal / No Flood
2024,1,7,0.0,11.05,44.15,1.28,2024-01-07,0.0,0.0,0.0,0.0,487.8575,0.0,0.0,0.0,0.0,0,Normal / No Flood
2024,1,8,0.0,11.42,43.54,1.42,2024-01-08,0.0,0.0,0.0,0.0,497.2268,0.0,0.0,0.0,0.0,0,Normal / No Flood
2024,1,9,0.0,10.18,55.9,1.51,2024-01-09,0.0,0.0,0.0,0.0,569.062,0.0,0.0,0.0,0.0,0,Normal / No Flood
2024,1,10,0.0,10.02,45.74,1.75,2024-01-10,0.0,0.0,0.0,0.0,458.3148,0.0,0.0,0.0,0.0,0,Normal / No Flood
2024,1,11,0.0,10.18,42.8,1.52,2024-01-11,0.0,0.0,0.0,0.0,435.7039999999999,0.0,0.0,0.0,0.0,0,Normal / No Flood
2024,1,12,0.0,11.32,41.31,1.75,2024-01-12,0.0,0.0,0.0,0.0,467.6292,0.0,0.0,0.0,0.0,0,Normal / No Flood
2024,1,13,0.0,12.02,41.92,1.21,2024-01-13,0.0,0.0,0.0,0.0,503.8784,0.0,0.0,0.0,0.0,0,Normal / No Flood
2024,1,14,0.0,11.28,38.33,1.4,2024-01-14,0.0,0.0,0.0,0.0,432.3624,0.0,0.0,0.0,0.0,0,Normal / No Flood
2024,1,15,0.0,11.35,37.45,1.33,2024-01-15,0.0,0.0,0.0,0.0,425.0575,0.0,0.0,0.0,0.0,0,Normal / No Flood
2024,1,16,0.0,11.35,42.89,1.51,2024-01-16,0.0,0.0,0.0,0.0,486.8015,0.0,0.0,0.0,0.0,0,Normal / No Flood
2024,1,17,0.0,11.08,51.52,1.44,2024-01-17,0.0,0.0,0.0,0.0,570.8416000000001,0.0,0.0,0.0,0.0,0,Normal / No Flood
2024,1,18,0.0,10.27,58.13,1.47,2024-01-18,0.0,0.0,0.0,0.0,596.9951,0.0,0.0,0.0,0.0,0,Normal / No Flood
2024,1,19,0.0,10.35,55.92,1.46,2024-01-19,0.0,0.0,0.0,0.0,578.772,0.0,0.0,0.0,0.0,0,Normal / No Flood
2024,1,20,0.0,9.4,57.97,1.37,2024-01-20,0.0,0.0,0.0,0.0,544.918,0.0,0.0,0.0,0.0,0,Normal / No Flood
2024,1,21,0.0,8.26,58.5,2.04,2024-01-21,0.0,0.0,0.0,0.0,483.21,0.0,0.0,0.0,0.0,0,Normal / No Flood
2024,1,22,0.0,8.96,50.17,1.38,2024-01-22,0.0,0.0,0.0,0.0,449.5232,0.0,0.0,0.0,0.0,0,Normal / No Flood
2024,1,23,0.0,9.26,49.63,1.45,2024-01-23,0.0,0.0,0.0,0.0,459.5738,0.0,0.0,0.0,0.0,0,Normal / No Flood
2024,1,24,0.0,9.41,51.25,1.41,2024-01-24,0.0,0.0,0.0,0.0,482.2625,0.0,0.0,0.0,0.0,0,Normal / No Flood
2024,1,25,0.0,10.53,46.83,1.38,2024-01-25,0.0,0.0,0.0,0.0,493.1199,0.0,0.0,0.0,0.0,0,Normal / No Flood
2024,1,26,0.0,11.33,49.4,1.52,2024-01-26,0.0,0.0,0.0,0.0,559.702,0.0,0.0,0.0,0.0,0,Normal / No Flood
2024,1,27,0.0,12.08,53.58,2.12,2024-01-27,0.0,0.0,0.0,0.0,647.2464,0.0,0.0,0.0,0.0,0,Normal / No Flood
2024,1,28,0.0,13.56,48.48,1.43,2024-01-28,0.0,0.0,0.0,0.0,657.3888,0.0,0.0,0.0,0.0,0,Normal / No Flood
2024,1,29,0.0,12.17,54.09,1.5,2024-01-29,0.0,0.0,0.0,0.0,658.2753,0.0,0.0,0.0,0.0,0,Normal / No Flood
2024,1,30,0.76,12.19,53.02,1.31,2024-01-30,0.7599999999999858,0.7599999999999627,0.76,1.0000000000000189,646.3138,0.9956,0.0,0.0,0.0,0,Normal / No Flood
2024,1,31,4.11,11.5,61.61,1.29,2024-01-31,4.869999999999986,4.869999999999963,4.87,0.8439425051334727,708.515,5.301900000000001,0.76,0.0,0.646,0,Normal / No Flood
2024,2,1,27.73,8.89,83.35,3.19,2024-02-01,32.59999999999999,32.599999999999966,32.6,0.8506134969325156,740.9815,88.4587,4.11,0.76,4.0426,0,Normal / No Flood
2024,2,2,0.47,8.14,59.86,2.07,2024-02-02,32.30999999999999,33.069999999999965,33.07,0.01454658000619,487.2604,0.9729,27.73,4.11,27.00671,0,Normal / No Flood
2024,2,3,1.06,10.42,50.16,1.36,2024-02-03,29.259999999999987,34.12999999999996,34.13,0.036226930963773,522.6672,1.4416000000000002,0.47,27.73,23.3552035,0,Normal / No Flood
2024,2,4,20.42,10.71,77.76,1.52,2024-02-04,21.94999999999999,54.54999999999997,54.55,0.9302961275626428,832.8096000000002,31.038400000000003,1.06,0.47,20.752922974999997,0,Normal / No Flood
2024,2,5,7.3,9.55,75.9,1.23,2024-02-05,28.77999999999999,61.849999999999966,61.85,0.2536483669214733,724.8450000000001,8.979,20.42,1.06,34.99698452875,0,Normal / No Flood
2024,2,6,0.13,8.15,64.67,1.46,2024-02-06,27.849999999999987,61.21999999999997,61.98,0.0046678635547576,527.0605,0.1898,7.3,20.42,35.9524368494375,0,Normal / No Flood
2024,2,7,0.0,8.62,52.5,1.95,2024-02-07,7.4299999999999855,57.10999999999997,61.98,0.0,452.5499999999999,0.0,0.13,7.3,30.462978522992184,0,Normal / No Flood
2024,2,8,0.0,9.22,44.27,2.47,2024-02-08,0.1299999999999858,29.379999999999963,61.98,0.0,408.16940000000005,0.0,0.0,0.13,24.77359568663281,0,Normal / No Flood
2024,2,9,0.0,11.41,38.49,1.35,2024-02-09,0.0,28.909999999999965,61.98,0.0,439.1709,0.0,0.0,0.0,13.501394074304686,0,Normal / No Flood
2024,2,10,0.0,11.95,43.27,1.6,2024-02-10,0.0,27.84999999999996,61.98,0.0,517.0765,0.0,0.0,0.0,11.348114416390624,0,Normal / No Flood
2024,2,11,0.0,13.11,44.19,1.38,2024-02-11,0.0,7.429999999999961,61.98,0.0,579.3308999999999,0.0,0.0,0.0,9.357057297390623,0,Normal / No Flood
2024,2,12,0.0,13.75,46.49,1.59,2024-02-12,0.0,0.1299999999999609,61.98,0.0,639.2375000000001,0.0,0.0,0.0,2.389242181484374,0,Normal / No Flood
2024,2,13,0.0,14.44,47.61,1.29,2024-02-13,0.0,0.0,61.220000000000006,0.0,687.4884,0.0,0.0,0.0,0.0416750214765624,0,Normal / No Flood
2024,2,14,0.0,13.3,47.06,1.66,2024-02-14,0.0,0.0,57.11000000000001,0.0,625.898,0.0,0.0,0.0,0.0,0,Normal / No Flood
2024,2,15,0.0,13.62,43.65,1.71,2024-02-15,0.0,0.0,29.380000000000003,0.0,594.5129999999999,0.0,0.0,0.0,0.0,0,Normal / No Flood
2024,2,16,0.0,13.68,42.87,1.6,2024-02-16,0.0,0.0,28.910000000000004,0.0,586.4616,0.0,0.0,0.0,0.0,0,Normal / No Flood
2024,2,17,0.0,14.08,42.26,1.7,2024-02-17,0.0,0.0,27.85,0.0,595.0208,0.0,0.0,0.0,0.0,0,Normal / No Flood
2024,2,18,0.12,14.91,46.51,1.58,2024-02-18,0.1199999999999857,0.1199999999999609,7.55,1.0000000000001183,693.4641,0.1896,0.0,0.0,0.0,0,Normal / No Flood
2024,2,19,7.44,15.51,46.81,5.25,2024-02-19,7.559999999999986,7.559999999999961,7.69,0.984126984126986,726.0231,39.06,0.12,0.0,0.102,0,Normal / No Flood
2024,2,20,2.76,13.89,62.29,2.93,2024-02-20,10.319999999999986,10.31999999999996,10.32,0.2674418604651166,865.2081000000001,8.0868,7.44,0.12,6.410699999999999,0,Normal / No Flood
2024,2,21,0.45,11.9,55.71,1.7,2024-02-21,10.649999999999986,10.76999999999996,10.77,0.0422535211267606,662.9490000000001,0.765,2.76,7.44,7.795094999999999,0,Normal / No Flood
2024,2,22,0.06,11.25,45.14,1.87,2024-02-22,3.269999999999986,10.82999999999996,10.83,0.018348623853211,507.825,0.1122,0.45,2.76,7.008330749999999,0,Normal / No Flood
2024,2,23,0.01,10.63,41.04,1.69,2024-02-23,0.5199999999999858,10.83999999999996,10.84,0.0192307692307697,436.2552,0.0169,0.06,0.45,6.008081137499999,0,Normal / No Flood
2024,2,24,0.49,10.7,41.54,1.61,2024-02-24,0.5599999999999858,11.32999999999996,11.33,0.8750000000000221,444.4779999999999,0.7889,0.01,0.06,5.115368966874999,0,Normal / No Flood
2024,2,25,0.01,10.59,43.09,1.84,2024-02-25,0.5099999999999858,11.219999999999962,11.34,0.0196078431372554,456.3231,0.0184,0.49,0.01,4.76456362184375,0,Normal / No Flood
2024,2,26,0.0,11.13,41.17,1.35,2024-02-26,0.4999999999999858,3.7799999999999607,11.34,0.0,458.22210000000007,0.0,0.01,0.49,4.025680215562499,0,Normal / No Flood
2024,2,27,0.0,10.92,61.32,1.34,2024-02-27,0.0099999999999857,1.019999999999961,11.34,0.0,669.6144,0.0,0.0,0.01,1.3944986769374996,0,Normal / No Flood
2024,2,28,0.0,12.79,54.98,2.45,2024-02-28,0.0,0.569999999999961,11.34,0.0,703.1941999999999,0.0,0.0,0.0,0.4332500262890624,0,Normal / No Flood
2024,2,29,0.0,14.26,49.42,1.81,2024-02-29,0.0,0.5099999999999609,11.34,0.0,704.7292,0.0,0.0,0.0,0.2456417860781249,0,Normal / No Flood
2024,3,1,9.66,15.59,55.69,2.12,2024-03-01,9.659999999999986,10.15999999999996,21.0,1.0000000000000016,868.2071,20.4792,0.0,0.0,0.1924460866640624,0,Normal / No Flood
2024,3,2,31.65,13.92,72.65,5.74,2024-03-02,41.30999999999999,41.31999999999996,52.65,0.7661583151779232,1011.288,181.671,9.66,0.0,8.371854268414063,0,Normal / No Flood
2024,3,3,18.68,10.87,85.18,2.69,2024-03-03,59.98999999999998,59.98999999999996,71.21000000000001,0.3113852308718121,925.9066,50.249199999999995,31.65,9.66,33.885055770882815,0,Normal / No Flood
2024,3,4,1.27,9.4,57.9,1.61,2024-03-04,51.59999999999999,61.25999999999996,65.03999999999999,0.0246124031007752,544.26,2.0447,18.68,31.65,44.6775725,0,Normal / No Flood
2024,3,5,0.0,11.43,52.83,1.35,2024-03-05,19.949999999999985,61.25999999999996,62.28,0.0,603.8469,0.0,1.27,18.68,39.055436625,0,Normal / No Flood
2024,3,6,0.1,12.77,51.14,1.46,2024-03-06,1.369999999999986,61.35999999999996,61.92999999999999,0.0729927007299277,653.0577999999999,0.146,0.0,1.27,33.19712113124999,0,Normal / No Flood
2024,3,7,0.45,12.97,55.78,1.68,2024-03-07,0.5499999999999858,61.80999999999996,62.32,0.8181818181818393,723.4666000000001,0.756,0.1,0.0,28.302552961562498,0,Normal / No Flood
2024,3,8,0.0,13.27,52.52,1.67,2024-03-08,0.5499999999999858,52.14999999999995,62.309999999999995,0.0,696.9404000000001,0.0,0.45,0.1,24.43967001732812,0,Normal / No Flood
2024,3,9,0.0,14.48,49.78,1.9,2024-03-09,0.4499999999999858,20.499999999999957,61.82,0.0,720.8144000000001,0.0,0.0,0.45,18.141461042851557,0,Normal / No Flood
2024,3,10,0.0,16.43,44.42,1.29,2024-03-10,0.0,1.8199999999999577,61.809999999999995,0.0,729.8206,0.0,0.0,0.0,6.795916768937499,0,Normal / No Flood
2024,3,11,0.28,17.29,44.59,1.64,2024-03-11,0.2799999999999858,0.8299999999999574,62.09,1.0000000000000508,770.9611,0.4592,0.0,0.0,0.6864062458671873,0,Normal / No Flood
2024,3,12,2.28,17.12,49.96,1.58,2024-03-12,2.5599999999999854,3.1099999999999572,64.36999999999999,0.890625000000005,855.3152000000001,3.6024,0.28,0.0,0.4753823421875,0,Normal / No Flood
2024,3,13,1.51,15.64,55.57,1.46,2024-03-13,4.069999999999986,4.519999999999957,65.88,0.3710073710073723,869.1148000000001,2.2046,2.28,0.28,2.3420749908593748,0,Normal / No Flood
2024,3,14,0.54,15.51,57.04,1.78,2024-03-14,4.329999999999986,4.609999999999957,66.42,0.124711316397229,884.6904,0.9612,1.51,2.28,3.247014689726562,0,Normal / No Flood
2024,3,15,0.0,16.8,46.81,2.14,2024-03-15,2.0499999999999865,4.609999999999957,56.76,0.0,786.408,0.0,0.54,1.51,3.0963417499999997,0,Normal / No Flood
2024,3,16,0.0,17.46,41.85,1.68,2024-03-16,0.5399999999999863,4.609999999999957,25.11,0.0,730.701,0.0,0.0,0.54,2.6318904874999993,0,Normal / No Flood
2024,3,17,0.0,18.33,41.59,1.53,2024-03-17,0.0,4.609999999999957,6.43,0.0,762.3447,0.0,0.0,0.0,2.2371069143749995,0,Normal / No Flood
2024,3,18,0.0,19.26,42.38,1.47,2024-03-18,0.0,4.329999999999957,5.16,0.0,816.2388000000001,0.0,0.0,0.0,1.9015408772187496,0,Normal / No Flood
2024,3,19,0.07,18.82,44.29,1.53,2024-03-19,0.0699999999999862,2.1199999999999575,5.23,1.0000000000001967,833.5378,0.1071,0.0,0.0,1.5400123986249996,0,Normal / No Flood
2024,3,20,0.0,19.77,42.81,2.24,2024-03-20,0.0699999999999862,0.6099999999999575,5.13,0.0,846.3537,0.0,0.07,0.0,0.7472321417421874,0,Normal / No Flood
2024,3,21,0.33,19.75,44.47,1.53,2024-03-21,0.3999999999999862,0.3999999999999574,5.01,0.8250000000000284,878.2825,0.5049,0.0,0.07,0.2236866276718749,0,Normal / No Flood
2024,3,22,1.14,19.51,51.34,1.94,2024-03-22,1.4699999999999862,1.5399999999999574,6.1499999999999995,0.7755102040816398,1001.6434000000002,2.2116,0.33,0.0,0.32348875,0,Normal / No Flood
2024,3,23,0.0,20.36,46.66,2.63,2024-03-23,1.4699999999999862,1.5399999999999572,6.1499999999999995,0.0,949.9976,0.0,1.14,0.33,1.2439654374999998,0,Normal / No Flood
2024,3,24,0.1,19.57,41.54,1.89,2024-03-24,1.2399999999999862,1.6399999999999573,6.249999999999999,0.0806451612903234,812.9378,0.189,0.0,1.14,1.057370621875,0,Normal / No Flood
2024,3,25,0.0,19.68,42.33,2.44,2024-03-25,0.0999999999999862,1.6399999999999573,5.969999999999999,0.0,833.0544,0.0,0.1,0.0,0.9837650285937498,0,Normal / No Flood
2024,3,26,0.0,21.59,42.49,2.37,2024-03-26,0.0999999999999862,1.5699999999999572,3.69,0.0,917.3591,0.0,0.0,0.1,0.8362002743046874,0,Normal / No Flood
2024,3,27,0.01,21.81,45.64,2.14,2024-03-27,0.0099999999999862,1.5799999999999572,2.1899999999999995,1.000000000001377,995.4084,0.0214,0.0,0.0,0.6916958964062498,0,Normal / No Flood
2024,3,28,0.1,23.24,48.02,1.97,2024-03-28,0.1099999999999862,1.3499999999999572,1.7499999999999998,0.9090909090910227,1115.9848,0.197,0.01,0.0,0.5964415119453124,0,Normal / No Flood
2024,3,29,2.34,25.01,45.16,1.59,2024-03-29,2.449999999999986,2.549999999999957,4.09,0.955102040816332,1129.4516,3.7206,0.1,0.01,0.5020534118906249,0,Normal / No Flood
2024,3,30,18.44,22.81,53.02,2.11,2024-03-30,20.87999999999999,20.98999999999996,22.53,0.8831417624521078,1209.3862,38.9084,2.34,0.1,2.1051062015625,0,Normal / No Flood
2024,3,31,1.47,21.61,45.33,1.71,2024-03-31,22.249999999999982,22.359999999999957,24.0,0.0660674157303371,979.5813,2.5137,18.44,2.34,17.463340271328125,0,Normal / No Flood
2024,4,1,0.03,19.49,50.67,1.75,2024-04-01,19.939999999999987,22.38999999999996,24.03,0.0015045135406218,987.5583,0.0525,1.47,18.44,16.066090178125,0,Normal / No Flood
2024,4,2,0.0,20.19,47.35,2.1,2024-04-02,1.4999999999999858,22.38999999999996,23.96,0.0,955.9965,0.0,0.03,1.47,13.68167665140625,0,Normal / No Flood
2024,4,3,0.0,22.23,39.68,1.66,2024-04-03,0.0299999999999857,22.37999999999996,23.96,0.0,882.0864,0.0,0.0,0.03,11.629425153695312,0,Normal / No Flood
2024,4,4,0.0,22.14,35.78,1.83,2024-04-04,0.0,22.27999999999996,23.630000000000003,0.0,792.1692,0.0,0.0,0.0,9.882286475390623,0,Normal / No Flood
2024,4,5,0.0,21.58,37.22,2.34,2024-04-05,0.0,19.93999999999996,22.49,0.0,803.2076,0.0,0.0,0.0,8.372694451578123,0,Normal / No Flood
2024,4,6,0.0,20.9,36.08,1.94,2024-04-06,0.0,1.4999999999999574,22.49,0.0,754.0719999999999,0.0,0.0,0.0,6.479162455249998,0,Normal / No Flood
2024,4,7,0.0,21.76,33.94,2.18,2024-04-07,0.0,0.0299999999999573,22.39,0.0,738.5344,0.0,0.0,0.0,0.4825628052421874,0,Normal / No Flood
2024,4,8,0.0,22.03,34.1,2.2,2024-04-08,0.0,0.0,22.39,0.0,751.2230000000001,0.0,0.0,0.0,0.0096173126484374,0,Normal / No Flood
2024,4,9,0.03,22.51,32.96,2.21,2024-04-09,0.0299999999999857,0.0299999999999573,22.42,1.0000000000004736,741.9296,0.0663,0.0,0.0,0.0,0,Normal / No Flood
2024,4,10,0.02,23.01,34.26,1.63,2024-04-10,0.0499999999999857,0.0499999999999573,22.430000000000003,0.4000000000001136,788.3226,0.0326,0.03,0.0,0.0255,0,Normal / No Flood
2024,4,11,0.05,23.24,36.23,1.5,2024-04-11,0.0999999999999858,0.0999999999999573,22.380000000000003,0.500000000000071,841.9851999999998,0.075,0.02,0.03,0.038675,0,Normal / No Flood
2024,4,12,0.0,24.33,33.71,1.89,2024-04-12,0.0699999999999858,0.0999999999999573,20.040000000000003,0.0,820.1642999999999,0.0,0.05,0.02,0.0753737499999999,0,Normal / No Flood
2024,4,13,0.23,25.31,37.75,2.01,2024-04-13,0.2799999999999858,0.3299999999999574,1.83,0.821428571428613,955.4525,0.4623,0.0,0.05,0.0640676874999999,0,Normal / No Flood
2024,4,14,2.49,21.86,55.43,1.74,2024-04-14,2.719999999999986,2.8199999999999577,2.8500000000000005,0.915441176470593,1211.6998,4.3326,0.23,0.0,0.2499575343749999,0,Normal / No Flood
2024,4,15,1.6,23.41,52.57,1.87,2024-04-15,4.319999999999986,4.419999999999957,4.420000000000001,0.3703703703703715,1230.6637,2.9920000000000004,2.49,0.23,2.3289639042187504,0,Normal / No Flood
2024,4,16,0.04,23.18,50.11,2.09,2024-04-16,4.129999999999986,4.429999999999957,4.460000000000001,0.0096852300242131,1161.5498,0.0836,1.6,2.49,3.339619318585937,0,Normal / No Flood
2024,4,17,0.04,22.27,42.22,2.48,2024-04-17,1.679999999999986,4.4499999999999575,4.500000000000001,0.023809523809524,940.2394,0.0992,0.04,1.6,2.864501705046875,0,Normal / No Flood
2024,4,18,0.23,23.9,37.09,2.2,2024-04-18,0.3099999999999858,4.629999999999958,4.73,0.7419354838710018,886.451,0.5060000000000001,0.04,0.04,2.4633766387890623,0,Normal / No Flood
2024,4,19,8.28,25.23,40.67,2.57,2024-04-19,8.549999999999985,12.909999999999958,13.01,0.9684210526315806,1026.1041,21.2796,0.23,0.04,2.27574561671875,0,Normal / No Flood
2024,4,20,1.22,23.61,44.34,1.94,2024-04-20,9.729999999999986,13.899999999999958,14.23,0.1253854059609457,1046.8674,2.3668,8.28,0.23,8.972383774210938,0,Normal / No Flood
2024,4,21,0.55,24.26,42.97,1.97,2024-04-21,10.049999999999985,11.959999999999956,14.78,0.054726368159204,1042.4522,1.0835,1.22,8.28,8.60085338732031,0,Normal / No Flood
2024,4,22,0.06,24.12,39.13,2.09,2024-04-22,1.829999999999986,10.419999999999956,14.84,0.0327868852459018,943.8156,0.1253999999999999,0.55,1.22,7.099723971874999,0,Normal / No Flood
2024,4,23,0.37,24.24,35.89,2.09,2024-04-23,0.9799999999999858,10.749999999999956,15.18,0.3775510204081687,869.9735999999999,0.7733,0.06,0.55,5.649780536031248,0,Normal / No Flood
2024,4,24,0.43,23.78,39.37,1.76,2024-04-24,0.8599999999999858,11.139999999999958,15.59,0.5000000000000082,936.2186,0.7568,0.37,0.06,5.105913834624999,0,Normal / No Flood
2024,4,25,0.0,24.97,37.68,2.26,2024-04-25,0.7999999999999858,10.909999999999958,15.54,0.0,940.8696,0.0,0.43,0.37,4.694627138429686,0,Normal / No Flood
2024,4,26,0.28,26.38,32.59,1.44,2024-04-26,0.7099999999999858,2.9099999999999575,15.82,0.3943661971831065,859.7242000000001,0.4032,0.0,0.43,3.927760246906249,0,Normal / No Flood
2024,4,27,10.81,24.06,47.19,3.09,2024-04-27,11.089999999999986,12.499999999999956,26.4,0.9747520288548256,1135.3914,33.4029,0.28,0.0,1.3203746625468749,0,Normal / No Flood
2024,4,28,1.06,24.15,42.03,1.69,2024-04-28,12.149999999999986,13.009999999999955,24.97,0.0872427983539095,1015.0245,1.7914,10.81,0.28,9.978380022617186,0,Normal / No Flood
2024,4,29,7.04,22.75,50.51,2.67,2024-04-29,18.909999999999982,19.98999999999996,30.41,0.3722897937599156,1149.1025,18.7968,1.06,10.81,9.232753230453124,0,Normal / No Flood
2024,4,30,0.0,22.8,42.59,2.22,2024-04-30,8.099999999999985,19.619999999999955,30.37,0.0,971.052,0.0,7.04,1.06,13.815490814382812,0,Normal / No Flood
2024,5,1,0.78,21.06,36.83,2.24,2024-05-01,7.819999999999985,19.969999999999956,31.11,0.0997442455242968,775.6397999999999,1.7472000000000003,0.0,7.04,11.642345697960938,0,Normal / No Flood
2024,5,2,0.06,22.27,36.85,2.8,2024-05-02,0.8399999999999859,20.02999999999996,30.94,0.0714285714285726,820.6495,0.1679999999999999,0.78,0.0,10.4418229175,0,Normal / No Flood
2024,5,3,0.0,24.33,35.5,2.48,2024-05-03,0.8399999999999859,19.749999999999957,22.66,0.0,863.7149999999999,0.0,0.06,0.78,8.926549479874998,0,Normal / No Flood
2024,5,4,0.0,26.55,34.68,2.81,2024-05-04,0.0599999999999857,8.939999999999957,21.44,0.0,920.754,0.0,0.0,0.06,7.511269710882812,0,Normal / No Flood
2024,5,5,0.0,27.05,33.33,2.55,2024-05-05,0.0,7.879999999999956,20.89,0.0,901.5765,0.0,0.0,0.0,3.4389566785781245,0,Normal / No Flood
2024,5,6,0.15,27.8,34.87,1.9,2024-05-06,0.1499999999999857,0.9899999999999574,20.98,1.0000000000000948,969.386,0.285,0.0,0.0,2.634273220249999,0,Normal / No Flood
2024,5,7,0.03,28.99,30.82,1.64,2024-05-07,0.1799999999999857,1.0199999999999574,20.64,0.1666666666666798,893.4717999999999,0.0491999999999999,0.15,0.0,0.4482989409374999,0,Normal / No Flood
2024,5,8,0.0,28.66,30.62,1.74,2024-05-08,0.1799999999999857,0.2399999999999573,20.21,0.0,877.5692,0.0,0.03,0.15,0.4065540997968749,0,Normal / No Flood
2024,5,9,0.07,27.34,39.2,2.18,2024-05-09,0.0999999999999858,0.2499999999999573,20.28,0.7000000000000995,1071.728,0.1526,0.0,0.03,0.1330283752968749,0,Normal / No Flood
2024,5,10,2.12,27.85,43.31,2.28,2024-05-10,2.1899999999999857,2.3699999999999575,22.12,0.9680365296803716,1206.1835,4.8336,0.07,0.0,0.1562246875,0,Normal / No Flood
2024,5,11,3.23,27.22,46.57,2.32,2024-05-11,5.419999999999986,5.599999999999957,14.54,0.5959409594095957,1267.6354,7.4936,2.12,0.07,1.934790984375,0,Normal / No Flood
2024,5,12,0.71,26.93,42.72,1.78,2024-05-12,6.059999999999985,6.309999999999958,14.19,0.1171617161716174,1150.4496,1.2638,3.23,2.12,4.39007233671875,0,Normal / No Flood
2024,5,13,0.37,27.77,30.83,2.11,2024-05-13,4.309999999999985,6.529999999999957,7.52,0.0858468677494202,856.1491,0.7807,0.71,3.23,4.335061486210938,0,Normal / No Flood
2024,5,14,0.0,27.23,26.7,1.96,2024-05-14,1.079999999999986,6.499999999999957,7.52,0.0,727.0409999999999,0.0,0.37,0.71,3.958428684523437,0,Normal / No Flood
2024,5,15,0.04,29.09,27.29,2.15,2024-05-15,0.4099999999999857,6.539999999999957,6.779999999999999,0.0975609756097594,793.8661,0.086,0.0,0.37,3.3564896660937493,0,Normal / No Flood
2024,5,16,0.0,30.05,28.85,2.42,2024-05-16,0.0399999999999857,6.469999999999957,6.72,0.0,866.9425000000001,0.0,0.04,0.0,2.887016216179687,0,Normal / No Flood
2024,5,17,0.0,31.07,31.59,2.21,2024-05-17,0.0399999999999857,4.349999999999957,6.72,0.0,981.5013,0.0,0.0,0.04,2.4348894469999993,0,Normal / No Flood
2024,5,18,0.07,31.67,29.69,2.98,2024-05-18,0.0699999999999858,1.189999999999957,6.79,1.000000000000203,940.2823,0.2086,0.0,0.0,1.4919761168671872,0,Normal / No Flood
2024,5,19,0.0,31.98,30.05,2.76,2024-05-19,0.0699999999999858,0.4799999999999573,6.79,0.0,960.999,0.0,0.07,0.0,0.4475353034609374,0,Normal / No Flood
2024,5,20,0.33,32.07,27.24,2.5,2024-05-20,0.3999999999999858,0.4399999999999574,6.97,0.8250000000000293,873.5867999999999,0.8250000000000001,0.0,0.07,0.1869367351640624,0,Normal / No Flood
2024,5,21,0.07,31.64,25.63,2.22,2024-05-21,0.3999999999999858,0.5099999999999574,7.01,0.1750000000000062,810.9331999999999,0.1554,0.33,0.0,0.338574730625,0,Normal / No Flood
2024,5,22,0.08,32.06,25.38,2.09,2024-05-22,0.4799999999999858,0.5499999999999574,7.09,0.1666666666666716,813.6828,0.1672,0.07,0.33,0.34728852103125,0,Normal / No Flood
2024,5,23,2.29,30.54,34.25,2.04,2024-05-23,2.4399999999999857,2.8399999999999572,9.31,0.93852459016394,1045.995,4.6716,0.08,0.07,0.352295621875,0,Normal / No Flood
2024,5,24,2.6,30.25,39.69,2.08,2024-05-24,4.969999999999986,5.439999999999957,9.79,0.5231388329979894,1200.6225,5.408,2.29,0.08,2.2459512785937497,0,Normal / No Flood
2024,5,25,0.0,31.51,31.0,3.13,2024-05-25,4.889999999999986,5.369999999999957,6.56,0.0,976.81,0.0,2.6,2.29,4.119058586804687,0,Normal / No Flood
2024,5,26,0.02,32.51,24.78,2.74,2024-05-26,2.619999999999986,5.389999999999957,5.869999999999999,0.0076335877862595,805.5978,0.0548,0.0,2.6,3.48212546203125,0,Normal / No Flood
2024,5,27,0.0,33.09,19.94,2.61,2024-05-27,0.0199999999999857,5.059999999999957,5.5,0.0,659.8146000000002,0.0,0.02,0.0,2.976806642726562,0,Normal / No Flood
2024,5,28,0.0,33.67,16.11,2.55,2024-05-28,0.0199999999999857,4.989999999999958,5.5,0.0,542.4237,0.0,0.0,0.02,2.440363773054687,0,Normal / No Flood
2024,5,29,0.0,33.9,15.03,2.17,2024-05-29,0.0,4.9099999999999575,5.46,0.0,509.51699999999994,0.0,0.0,0.0,2.0552348703437495,0,Normal / No Flood
2024,5,30,0.38,33.59,14.62,2.62,2024-05-30,0.3799999999999858,2.999999999999958,5.840000000000001,1.0000000000000373,491.0858,0.9956,0.0,0.0,1.7251503977890623,0,Normal / No Flood
2024,5,31,0.97,32.82,15.29,2.38,2024-05-31,1.349999999999986,1.3699999999999577,6.8100000000000005,0.718518518518526,501.8178,2.3086,0.38,0.0,1.16537453578125,0,Normal / No Flood
2024,6,1,0.0,33.47,16.17,2.18,2024-06-01,1.349999999999986,1.3699999999999577,6.74,0.0,541.2099000000001,0.0,0.97,0.38,1.1065929903125,0,Normal / No Flood
2024,6,2,1.63,32.22,22.85,2.57,2024-06-02,2.599999999999986,2.9799999999999573,8.370000000000001,0.6269230769230802,736.227,4.1891,0.0,0.97,0.9406040417656248,0,Normal / No Flood
2024,6,3,0.28,32.48,20.98,2.56,2024-06-03,1.909999999999986,3.259999999999957,8.32,0.1465968586387445,681.4304,0.7168000000000001,1.63,0.0,2.1795636249999997,0,Normal / No Flood
2024,6,4,0.03,33.18,22.51,2.67,2024-06-04,1.939999999999986,3.2899999999999574,8.28,0.0154639175257733,746.8818,0.0800999999999999,0.28,1.63,2.09062908125,0,Normal / No Flood
2024,6,5,3.28,32.52,24.42,2.01,2024-06-05,3.5899999999999856,6.569999999999958,11.48,0.9136490250696416,794.1384000000002,6.592799999999999,0.03,0.28,1.8025347190625,0,Normal / No Flood
2024,6,6,6.52,29.04,40.53,2.55,2024-06-06,9.829999999999984,12.709999999999958,15.71,0.6632756866734496,1176.9912,16.625999999999998,3.28,0.03,4.320154511203125,0,Normal / No Flood
2024,6,7,0.02,30.42,34.45,2.84,2024-06-07,9.819999999999986,11.759999999999955,13.13,0.0020366598778004,1047.969,0.0567999999999999,6.52,3.28,9.110584935007813,0,Normal / No Flood
2024,6,8,0.0,30.5,32.11,2.54,2024-06-08,6.539999999999985,11.759999999999955,13.13,0.0,979.355,0.0,0.02,6.52,7.49668138546875,0,Normal / No Flood
2024,6,9,0.0,31.0,25.7,2.94,2024-06-09,0.0199999999999857,10.129999999999958,13.11,0.0,796.6999999999999,0.0,0.0,0.02,6.372179177648436,0,Normal / No Flood
2024,6,10,0.0,31.56,21.02,2.39,2024-06-10,0.0,9.849999999999955,13.11,0.0,663.3911999999999,0.0,0.0,0.0,4.972192745187499,0,Normal / No Flood
2024,6,11,0.0,32.39,18.38,2.55,2024-06-11,0.0,9.819999999999958,13.11,0.0,595.3281999999999,0.0,0.0,0.0,4.150066486398437,0,Normal / No Flood
2024,6,12,0.0,33.44,18.87,2.6,2024-06-12,0.0,6.539999999999957,13.11,0.0,631.0128,0.0,0.0,0.0,3.5193817976874993,0,Normal / No Flood
2024,6,13,0.0,34.13,20.42,2.95,2024-06-13,0.0,0.0199999999999582,12.73,0.0,696.9346000000002,0.0,0.0,0.0,2.097705605906249,0,Normal / No Flood
2024,6,14,0.0,33.95,23.11,2.94,2024-06-14,0.0,0.0,11.76,0.0,784.5845,0.0,0.0,0.0,0.0064115417656249,0,Normal / No Flood
2024,6,15,0.0,34.23,23.95,3.46,2024-06-15,0.0,0.0,11.76,0.0,819.8084999999999,0.0,0.0,0.0,0.0,0,Normal / No Flood
2024,6,16,0.0,34.47,22.66,2.99,2024-06-16,0.0,0.0,10.13,0.0,781.0902,0.0,0.0,0.0,0.0,0,Normal / No Flood
2024,6,17,1.41,35.11,23.85,3.03,2024-06-17,1.4099999999999857,1.4099999999999582,11.26,1.00000000000001,837.3735,4.2722999999999995,0.0,0.0,0.0,0,Normal / No Flood
2024,6,18,1.16,34.45,28.71,3.39,2024-06-18,2.5699999999999856,2.569999999999958,12.39,0.4513618677042826,989.0595,3.9324,1.41,0.0,1.1985,0,Normal / No Flood
2024,6,19,3.13,34.5,30.48,2.79,2024-06-19,5.699999999999985,5.699999999999958,12.239999999999998,0.5491228070175452,1051.56,8.7327,1.16,1.41,2.0047249999999996,0,Normal / No Flood
2024,6,20,10.63,31.78,38.57,1.52,2024-06-20,14.919999999999986,16.32999999999996,16.35,0.7124664879356576,1225.7546,16.157600000000002,3.13,1.16,4.364516249999999,0,Normal / No Flood
2024,6,21,0.99,30.1,40.98,1.26,2024-06-21,14.749999999999986,17.319999999999958,17.32,0.0671186440677966,1233.498,1.2474,10.63,3.13,12.745338812499998,0,Normal / No Flood
2024,6,22,0.05,31.27,40.09,1.45,2024-06-22,11.669999999999986,17.36999999999996,17.37,0.0042844901456726,1253.6143000000002,0.0725,0.99,10.63,11.675037990625,0,Normal / No Flood
2024,6,23,1.6,31.87,40.07,1.58,2024-06-23,2.639999999999986,18.96999999999996,18.97,0.6060606060606093,1277.0309,2.5280000000000005,0.05,0.99,9.966282292031249,0,Normal / No Flood
2024,6,24,3.74,32.28,40.08,1.5,2024-06-24,5.389999999999986,21.29999999999996,22.71,0.6938775510204099,1293.7824,5.61,1.6,0.05,9.83133994822656,0,Normal / No Flood
2024,6,25,0.21,32.21,38.94,1.81,2024-06-25,5.5499999999999865,20.34999999999996,22.92,0.0378378378378379,1254.2574,0.3801,3.74,1.6,11.1514273156875,0,Normal / No Flood
2024,6,26,1.02,32.89,38.65,1.87,2024-06-26,4.969999999999986,18.23999999999996,23.94,0.2052313883299804,1271.1985,1.9074,0.21,3.74,9.34112420928906,0,Normal / No Flood
2024,6,27,19.34,29.51,64.29,1.46,2024-06-27,20.569999999999983,26.94999999999996,43.28,0.9402041808458927,1897.1979000000003,28.2364,1.02,0.21,7.954060234523436,0,Normal / No Flood
2024,6,28,9.83,29.2,69.24,1.31,2024-06-28,30.189999999999984,35.78999999999996,53.11,0.325604504802915,2021.808,12.8773,19.34,1.02,20.303376918179687,0,Normal / No Flood
2024,6,29,4.18,29.66,64.44,2.15,2024-06-29,33.34999999999999,39.91999999999995,57.29,0.1253373313343328,1911.2904,8.986999999999998,9.83,19.34,25.343604760664057,0,Normal / No Flood
2024,6,30,7.58,30.49,60.96,1.95,2024-06-30,21.589999999999986,45.89999999999996,64.87,0.3510884668828163,1858.6704,14.781,4.18,9.83,25.081439520312497,0,Normal / No Flood
2024,7,1,8.49,30.99,61.12,2.19,2024-07-01,20.249999999999982,50.64999999999995,71.95,0.4192592592592595,1894.1087999999995,18.5931,7.58,4.18,27.32623875220312,0,Normal / No Flood
2024,7,2,28.97,29.45,74.02,2.19,2024-07-02,45.039999999999985,79.40999999999995,99.76,0.6432060390763767,2179.8889999999997,63.4443,8.49,7.58,29.42468837572656,0,Normal / No Flood
2024,7,3,20.04,27.74,79.43,2.48,2024-07-03,57.499999999999986,98.42999999999996,116.67,0.3485217391304348,2203.3882,49.6992,28.97,8.49,49.578262109109374,0,Normal / No Flood
2024,7,4,28.21,26.21,81.17,2.06,2024-07-04,77.21999999999998,107.29999999999995,134.25,0.3653198653198654,2127.4657,58.1126,20.04,28.97,58.897582457203114,0,Normal / No Flood
2024,7,5,29.36,27.2,80.7,1.82,2024-07-05,77.60999999999999,126.82999999999996,162.61999999999998,0.3783017652364386,2195.04,53.4352,28.21,20.04,68.77147833436717,1,Historical Disaster Record; 7-Day Antecedent Saturation (126.8mm)
2024,7,6,8.4,26.48,77.9,1.58,2024-07-06,65.96999999999998,131.04999999999995,170.97,0.1273306048203729,2062.7920000000004,13.272000000000002,29.36,28.21,80.73317472307812,0,Normal / No Flood
2024,7,7,4.52,27.68,72.92,1.98,2024-07-07,42.27999999999999,127.98999999999997,173.89,0.1069063386944182,2018.4256,8.949599999999998,8.4,29.36,74.6241881199531,0,Normal / No Flood
2024,7,8,14.03,27.37,77.38,1.95,2024-07-08,26.949999999999985,133.52999999999994,184.18,0.5205936920222637,2117.8906,27.3585,4.52,8.4,65.20708172216405,0,Normal / No Flood
2024,7,9,0.33,28.1,71.96,1.23,2024-07-09,18.87999999999998,104.88999999999996,184.3,0.017478813559322,2022.076,0.4059,14.03,4.52,65.03807490625779,0,Normal / No Flood
2024,7,10,1.61,29.1,65.1,1.64,2024-07-10,15.969999999999985,86.45999999999997,184.89,0.1008140262993113,1894.41,2.6404,0.33,14.03,47.66881315993749,0,Normal / No Flood
2024,7,11,4.14,29.16,66.11,1.96,2024-07-11,6.079999999999986,62.38999999999996,169.69,0.6809210526315804,1927.7676,8.1144,1.61,0.33,36.42628106416406,0,Normal / No Flood
2024,7,12,0.92,29.41,63.98,1.84,2024-07-12,6.669999999999986,33.94999999999996,160.78,0.1379310344827589,1881.6518,1.6928,4.14,1.61,26.79438119318749,0,Normal / No Flood
2024,7,13,0.26,28.54,63.74,1.58,2024-07-13,5.319999999999985,25.80999999999996,156.86,0.0488721804511279,1819.1396,0.4108,0.92,4.14,15.5569021990625,0,Normal / No Flood
2024,7,14,0.49,29.45,59.18,1.53,2024-07-14,1.6699999999999855,21.779999999999955,149.77,0.2934131736526971,1742.851,0.7497,0.26,0.92,11.155446458874998,0,Normal / No Flood
2024,7,15,2.1,29.43,65.98,1.19,2024-07-15,2.849999999999986,9.849999999999955,143.38,0.7368421052631616,1941.7914,2.499,0.49,0.26,8.666972316867184,0,Normal / No Flood
2024,7,16,8.84,28.77,73.33,1.44,2024-07-16,11.429999999999986,18.359999999999957,123.25,0.773403324584428,2109.7041,12.7296,2.1,0.49,5.328884403039062,0,Normal / No Flood
2024,7,17,8.03,28.89,74.84,1.18,2024-07-17,18.969999999999985,24.77999999999996,111.24,0.4232999472851874,2162.1276000000003,9.4754,8.84,2.1,11.953629869320311,0,Normal / No Flood
2024,7,18,7.69,28.8,72.0,1.55,2024-07-18,24.559999999999985,28.329999999999956,90.72,0.3131107491856679,2073.6,11.9195,8.03,8.84,16.547375643609374,0,Normal / No Flood
2024,7,19,3.99,29.2,65.81,1.43,2024-07-19,19.709999999999987,31.399999999999956,65.35,0.2024353120243532,1921.652,5.7057,7.69,8.03,19.473658523406247,0,Normal / No Flood
2024,7,20,4.74,28.52,75.05,1.54,2024-07-20,16.419999999999987,35.87999999999996,61.69,0.2886723507917176,2140.426,7.299600000000001,3.99,7.69,19.693418461859373,0,Normal / No Flood
2024,7,21,14.31,28.78,77.0,1.34,2024-07-21,23.039999999999985,49.69999999999996,71.47999999999999,0.6210937500000004,2216.06,19.175400000000003,4.74,3.99,20.697558156070308,0,Normal / No Flood
2024,7,22,8.02,28.17,80.25,1.78,2024-07-22,27.069999999999983,55.619999999999955,65.47,0.2962689323974881,2260.6425,14.2756,14.31,4.74,29.622904075390625,0,Normal / No Flood
2024,7,23,21.29,27.65,81.17,1.25,2024-07-23,43.61999999999998,68.06999999999996,86.42999999999999,0.4880788629069236,2244.3505,26.612499999999997,8.02,14.31,31.4242383615,0,Normal / No Flood
2024,7,24,4.9,27.7,78.68,1.63,2024-07-24,34.20999999999999,64.93999999999996,89.72,0.1432329728149664,2179.436,7.987,21.29,8.02,42.39828636592968,0,Normal / No Flood
2024,7,25,17.12,25.97,84.62,1.34,2024-07-25,43.30999999999999,74.36999999999996,102.7,0.3952897714153776,2197.5814,22.940800000000003,4.9,21.29,38.01544449497655,1,Historical Disaster Record
2024,7,26,12.37,28.34,75.77,1.65,2024-07-26,34.389999999999986,82.74999999999997,114.15,0.3596975865077058,2147.3217999999997,20.4105,17.12,4.9,44.76967568317968,0,Normal / No Flood
2024,7,27,9.5,27.17,85.35,1.57,2024-07-27,38.98999999999999,87.50999999999996,123.39,0.2436522185175686,2318.9595,14.915,12.37,17.12,47.48148713579688,0,Normal / No Flood
2024,7,28,8.81,28.34,67.49,1.54,2024-07-28,30.679999999999986,82.00999999999996,131.70999999999998,0.2871577574967407,1912.6666,13.5674,9.5,12.37,47.14265897674218,0,Normal / No Flood
2024,7,29,12.18,28.2,79.93,1.66,2024-07-29,30.48999999999998,86.16999999999996,141.79,0.3994752377828798,2254.0260000000003,20.2188,8.81,9.5,43.66042071692187,0,Normal / No Flood
2024,7,30,11.56,26.89,87.73,1.31,2024-07-30,32.54999999999998,76.43999999999997,144.51,0.3551459293394779,2359.0597,15.1436,12.18,8.81,45.278983598570306,0,Normal / No Flood
2024,7,31,6.01,28.01,85.59,1.86,2024-07-31,29.749999999999982,77.54999999999995,142.49,0.2020168067226891,2397.3759000000005,11.1786,11.56,12.18,42.51181278070312,1,Historical Disaster Record
2024,8,1,56.69,26.41,87.13,1.4,2024-08-01,74.25999999999998,117.11999999999996,191.49,0.7633988688392138,2301.1033,79.36599999999999,6.01,11.56,39.90833729090624,1,Historical Disaster Record
2024,8,2,4.14,27.17,80.77,1.27,2024-08-02,66.83999999999997,108.88999999999994,191.64,0.0619389587073608,2194.5209,5.2578,56.69,6.01,77.44354890860156,1,Historical Disaster Record
2024,8,3,5.05,25.02,85.53,1.71,2024-08-03,65.87999999999998,104.43999999999996,191.95,0.0766545233758348,2139.9606,8.6355,4.14,56.69,65.9753087775781,0,Normal / No Flood
2024,8,4,1.3,26.34,76.7,1.5,2024-08-04,10.48999999999998,96.92999999999996,178.94,0.1239275500476646,2020.278,1.95,5.05,4.14,57.78285247307031,0,Normal / No Flood
2024,8,5,3.22,26.45,82.97,1.37,2024-08-05,9.56999999999998,87.96999999999996,174.14,0.3364681295715786,2194.5564999999997,4.4114,1.3,5.05,47.819783076515606,0,Normal / No Flood
2024,8,6,4.94,26.31,87.68,1.2,2024-08-06,9.45999999999998,81.34999999999995,157.79,0.5221987315010582,2306.8608,5.928,3.22,1.3,40.064881020062494,0,Normal / No Flood
2024,8,7,19.89,25.24,90.08,1.71,2024-08-07,28.04999999999998,95.22999999999996,172.78,0.7090909090909097,2273.6191999999996,34.0119,4.94,3.22,35.10415839760155,0,Normal / No Flood
2024,8,8,16.85,25.91,85.58,1.33,2024-08-08,41.67999999999998,55.38999999999996,172.51,0.4042706333973131,2217.3778,22.410500000000003,19.89,4.94,45.10736658247656,0,Normal / No Flood
2024,8,9,14.3,25.49,89.44,1.34,2024-08-09,51.039999999999985,65.54999999999995,174.44,0.2801724137931035,2279.8255999999997,19.162000000000003,16.85,19.89,37.21627373064063,0,Normal / No Flood
2024,8,10,10.74,25.65,86.8,1.05,2024-08-10,41.88999999999998,71.23999999999997,175.67999999999998,0.2563857722606829,2226.4199999999996,11.277,14.3,16.85,42.66072189738281,0,Normal / No Flood
2024,8,11,56.87,24.88,91.88,1.64,2024-08-11,81.90999999999997,126.80999999999996,223.74,0.6942986204370654,2285.9743999999996,93.2668,10.74,14.3,44.01453646132812,1,Historical Disaster Record; 3-Day Saturated Runoff (81.9mm); 7-Day Antecedent Saturation (126.8mm)
2024,8,12,3.65,25.54,85.73,1.06,2024-08-12,71.25999999999998,127.23999999999997,215.21,0.0512208812798203,2189.5442,3.869,56.87,10.74,85.3976183095781,0,Normal / No Flood
2024,8,13,3.58,25.41,88.78,1.05,2024-08-13,64.09999999999998,125.87999999999997,207.23,0.0558502340093603,2255.8998,3.759,3.65,56.87,74.81305607251561,0,Normal / No Flood
2024,8,14,6.92,26.05,86.07,1.06,2024-08-14,14.14999999999998,112.90999999999995,208.14,0.4890459363957604,2242.1234999999997,7.3352,3.58,3.65,65.28799446794531,0,Normal / No Flood
2024,8,15,4.73,25.69,90.18,1.05,2024-08-15,15.22999999999998,100.78999999999996,156.17999999999998,0.3105712409717667,2316.7242,4.966500000000001,6.92,3.58,55.95695875472656,0,Normal / No Flood
2024,8,16,6.88,25.43,90.71,1.32,2024-08-16,18.52999999999998,93.36999999999996,158.92,0.3712898003237996,2306.7553,9.0816,4.73,6.92,46.99244959460937,0,Normal / No Flood
2024,8,17,12.59,25.03,91.04,1.61,2024-08-17,24.19999999999998,95.21999999999994,166.45999999999998,0.5202479338842979,2278.7312,20.2699,6.88,4.73,41.89496764735937,0,Normal / No Flood
2024,8,18,8.2,25.36,86.54,1.92,2024-08-18,27.66999999999998,46.549999999999955,173.36,0.2963498373689919,2194.6544,15.743999999999998,12.59,6.88,43.38567426133593,0,Normal / No Flood
2024,8,19,9.74,24.52,91.19,1.15,2024-08-19,30.52999999999998,52.63999999999996,179.88,0.3190304618408125,2235.9788,11.201,8.2,12.59,28.351286963164057,0,Normal / No Flood
2024,8,20,17.36,25.2,87.45,1.5,2024-08-20,35.29999999999998,66.41999999999996,192.3,0.4917847025495753,2203.74,26.04,9.74,8.2,31.383003502296873,0,Normal / No Flood
2024,8,21,4.42,25.46,87.1,1.6,2024-08-21,31.519999999999985,63.91999999999996,176.82999999999998,0.1402284263959391,2217.566,7.072,17.36,9.74,40.456036897312494,0,Normal / No Flood
2024,8,22,1.84,25.4,87.5,1.65,2024-08-22,23.61999999999998,61.02999999999995,161.82,0.0779000846740051,2222.5,3.036,4.42,17.36,36.25899692944531,0,Normal / No Flood
2024,8,23,2.91,25.96,84.96,1.2,2024-08-23,9.16999999999998,57.05999999999996,150.42999999999998,0.3173391494002188,2205.5616,3.492,1.84,4.42,31.095267206593743,0,Normal / No Flood
2024,8,24,7.54,25.76,85.16,0.77,2024-08-24,12.289999999999978,52.009999999999955,147.23,0.6135069161920271,2193.7216,5.8058000000000005,2.91,1.84,27.029742313335937,0,Normal / No Flood
2024,8,25,2.45,25.52,86.17,1.12,2024-08-25,12.89999999999998,46.25999999999996,92.81,0.1899224806201553,2199.0584,2.7440000000000007,7.54,2.91,25.953625256093744,0,Normal / No Flood
2024,8,26,25.0,26.06,85.51,1.02,2024-08-26,34.98999999999998,61.51999999999995,114.16,0.7144898542440701,2228.3906,25.5,2.45,7.54,21.90865916235937,0,Normal / No Flood
2024,8,27,21.9,25.48,86.17,0.94,2024-08-27,49.34999999999998,66.05999999999996,132.48,0.4437689969604865,2195.6116,20.586,25.0,2.45,37.218302574125005,0,Normal / No Flood
2024,8,28,17.72,25.04,87.97,0.94,2024-08-28,64.61999999999998,79.35999999999996,143.28,0.2742185082017952,2202.7688,16.656799999999997,21.9,25.0,45.52012167332812,0,Normal / No Flood
2024,8,29,11.77,24.01,91.22,1.63,2024-08-29,51.38999999999997,89.28999999999995,150.32,0.2290328857754428,2190.1922,19.1851,17.72,21.9,52.54969530165624,0,Normal / No Flood
2024,8,30,6.69,25.03,83.94,1.1,2024-08-30,36.17999999999998,93.06999999999996,150.13,0.1849087893864014,2101.0182,7.359000000000001,11.77,17.72,54.17035844033592,0,Normal / No Flood
2024,8,31,0.1,25.35,83.35,1.59,2024-08-31,18.559999999999977,85.62999999999997,137.64,0.0053879310344827,2112.9225,0.159,6.69,11.77,50.938357246421866,0,Normal / No Flood
2024,9,1,4.46,25.69,85.38,1.35,2024-09-01,11.24999999999998,87.63999999999996,133.89999999999998,0.3964444444444452,2193.4122,6.021,0.1,6.69,41.32802510066406,0,Normal / No Flood
2024,9,2,9.69,25.14,88.98,1.21,2024-09-02,14.24999999999998,72.32999999999996,133.85,0.6800000000000009,2236.9572000000003,11.7249,4.46,0.1,38.252219549218744,0,Normal / No Flood
2024,9,3,21.65,24.91,84.46,1.3,2024-09-03,35.799999999999976,72.07999999999996,138.14,0.6047486033519557,2103.8986,28.145,9.69,4.46,33.938623490859364,0,Normal / No Flood
2024,9,4,25.6,24.68,82.31,1.35,2024-09-04,56.939999999999976,79.95999999999995,159.32,0.4495960660344224,2031.4108,34.56,21.65,9.69,41.282787468875,0,Normal / No Flood
2024,9,5,2.98,24.68,84.67,1.11,2024-09-05,50.229999999999976,71.16999999999996,160.45999999999998,0.0593270953613378,2089.6556,3.3078000000000003,25.6,21.65,52.02183724485156,0,Normal / No Flood
2024,9,6,6.98,24.83,84.57,1.09,2024-09-06,35.55999999999998,71.45999999999995,164.52999999999997,0.1962879640044995,2099.8731,7.608200000000001,2.98,25.6,43.544348178414054,0,Normal / No Flood
2024,9,7,7.39,24.83,85.9,0.92,2024-09-07,17.34999999999998,78.74999999999994,164.38,0.4259365994236316,2132.897,6.7988,6.98,2.98,41.12273433914063,0,Normal / No Flood
2024,9,8,8.73,25.49,83.46,1.15,2024-09-08,23.09999999999998,83.01999999999995,170.66,0.3779220779220782,2127.3954,10.0395,7.39,6.98,41.208575135765614,0,Normal / No Flood
2024,9,9,5.52,25.05,86.72,1.16,2024-09-09,21.63999999999998,78.84999999999997,151.18,0.2550831792975973,2172.336,6.403199999999999,8.73,7.39,41.23248112372656,0,Normal / No Flood
2024,9,10,8.85,25.08,86.49,1.3,2024-09-10,23.09999999999998,66.04999999999995,138.13,0.3831168831168834,2169.1692,11.505,5.52,8.73,37.09917576753905,0,Normal / No Flood
2024,9,11,1.89,25.48,80.69,1.32,2024-09-11,16.259999999999977,42.33999999999996,122.3,0.1162361623616237,2055.9812,2.4948,8.85,5.52,33.1573795353125,0,Normal / No Flood
2024,9,12,1.16,24.43,85.96,1.57,2024-09-12,11.899999999999975,40.51999999999996,111.69,0.0974789915966388,2100.0028,1.8212,1.89,8.85,22.814515164015624,0,Normal / No Flood
2024,9,13,27.88,23.15,91.75,2.23,2024-09-13,30.92999999999998,61.41999999999996,132.88,0.9013902360168128,2124.0125,62.1724,1.16,1.89,19.56631612479687,0,Normal / No Flood
2024,9,14,15.79,22.93,84.67,1.5,2024-09-14,44.82999999999997,69.81999999999995,148.57,0.3522194958732993,1941.4831,23.685,27.88,1.16,38.427384841304686,0,Normal / No Flood
2024,9,15,6.83,23.26,86.88,1.66,2024-09-15,50.49999999999998,67.91999999999994,150.94,0.1352475247524753,2020.8288,11.3378,15.79,27.88,44.071072135070295,0,Normal / No Flood
2024,9,16,0.0,23.31,87.02,1.75,2024-09-16,22.619999999999976,62.39999999999995,141.25,0.0,2028.4362,0.0,6.83,15.79,40.88706903121875,0,Normal / No Flood
2024,9,17,4.62,24.71,80.75,1.06,2024-09-17,11.449999999999974,58.16999999999995,124.22,0.4034934497816603,1995.3325,4.897200000000001,0.0,6.83,33.24986097832031,0,Normal / No Flood
2024,9,18,2.2,24.39,83.31,1.3,2024-09-18,6.819999999999975,58.479999999999954,100.82,0.3225806451612915,2031.9309,2.8600000000000003,4.62,0.0,29.777840684976557,0,Normal / No Flood
2024,9,19,0.05,24.44,78.06,1.33,2024-09-19,6.869999999999975,57.369999999999955,97.89,0.007278020378457,1907.7864,0.0665,2.2,4.62,26.666157489906247,0,Normal / No Flood
2024,9,20,0.0,24.9,79.93,1.36,2024-09-20,2.249999999999975,29.489999999999956,90.91,0.0,1990.257,0.0,0.05,2.2,22.392644857374997,0,Normal / No Flood
2024,9,21,0.0,25.05,87.47,1.43,2024-09-21,0.0499999999999751,13.699999999999958,83.52,0.0,2191.1235,0.0,0.0,0.05,11.436712290679688,0,Normal / No Flood
2024,9,22,0.0,25.06,88.1,1.35,2024-09-22,0.0,6.8699999999999575,74.78999999999999,0.0,2207.7859999999996,0.0,0.0,0.0,5.418580056710937,0,Normal / No Flood
2024,9,23,0.0,25.99,82.84,1.25,2024-09-23,0.0,6.8699999999999575,69.27,0.0,2153.0116,0.0,0.0,0.0,2.7446827621875,0,Normal / No Flood
2024,9,24,1.82,26.24,83.62,1.06,2024-09-24,1.8199999999999752,4.069999999999958,62.239999999999995,1.0000000000000138,2194.1888,1.9292,0.0,0.0,2.3329803478593747,0,Normal / No Flood
2024,9,25,8.29,25.64,84.67,1.0,2024-09-25,10.109999999999976,10.159999999999958,68.63999999999999,0.8199802176063323,2170.9388,8.29,1.82,0.0,2.27112707,0,Normal / No Flood
2024,9,26,20.3,23.87,88.56,1.39,2024-09-26,30.409999999999975,30.40999999999996,87.78,0.6675435711936869,2113.9272,28.217,8.29,1.82,8.377478854414061,0,Normal / No Flood
2024,9,27,10.86,23.74,85.71,1.12,2024-09-27,39.449999999999974,41.26999999999995,70.76,0.2752851711026617,2034.7554,12.1632,20.3,8.29,24.3622325,0,Normal / No Flood
2024,9,28,1.23,23.45,86.31,1.19,2024-09-28,32.38999999999997,42.49999999999996,56.2,0.0379746835443038,2023.9695,1.4637,10.86,20.3,29.938897625,0,Normal / No Flood
2024,9,29,0.0,23.14,86.19,1.53,2024-09-29,12.089999999999977,42.49999999999996,49.37,0.0,1994.4366,0.0,1.23,10.86,26.49356298125,0,Normal / No Flood
2024,9,30,0.0,23.37,88.14,1.86,2024-09-30,1.2299999999999751,42.49999999999996,49.37,0.0,2059.8318,0.0,0.0,1.23,22.519528534062495,0,Normal / No Flood
2024,10,1,0.0,23.48,87.64,1.98,2024-10-01,0.0,40.67999999999996,44.75,0.0,2057.7872,0.0,0.0,0.0,19.14159925395312,0,Normal / No Flood
2024,10,2,0.0,23.38,77.65,1.9,2024-10-02,0.0,32.38999999999996,42.55,0.0,1815.457,0.0,0.0,0.0,15.77442661028906,0,Normal / No Flood
2024,10,3,0.0,23.58,70.96,1.53,2024-10-03,0.0,12.089999999999955,42.5,0.0,1673.2367999999997,0.0,0.0,0.0,11.149316166171872,0,Normal / No Flood
2024,10,4,0.0,23.43,70.49,1.39,2024-10-04,0.0,1.2299999999999571,42.5,0.0,1651.5806999999998,0.0,0.0,0.0,3.945361082953123,0,Normal / No Flood
2024,10,5,0.3,22.97,69.03,1.3,2024-10-05,0.2999999999999751,0.2999999999999573,42.8,1.0000000000000828,1585.6191,0.39,0.0,0.0,0.3943098185859374,0,Normal / No Flood
2024,10,6,1.52,22.84,71.29,1.61,2024-10-06,1.8199999999999752,1.8199999999999577,44.32,0.8351648351648465,1628.2636000000002,2.4472,0.3,0.0,0.255,0,Normal / No Flood
2024,10,7,0.0,22.7,71.26,1.45,2024-10-07,1.8199999999999752,1.8199999999999577,44.32,0.0,1617.602,0.0,1.52,0.3,1.50875,0,Normal / No Flood
2024,10,8,0.0,22.28,72.09,1.3,2024-10-08,1.5199999999999751,1.8199999999999577,42.5,0.0,1606.1652,0.0,0.0,1.52,1.2824375,0,Normal / No Flood
2024,10,9,0.0,21.49,75.72,1.69,2024-10-09,0.0,1.8199999999999577,34.21,0.0,1627.2227999999998,0.0,0.0,0.0,1.0900718749999998,0,Normal / No Flood
2024,10,10,0.0,20.81,70.45,1.67,2024-10-10,0.0,1.8199999999999577,13.91,0.0,1466.0645,0.0,0.0,0.0,0.9265610937499996,0,Normal / No Flood
2024,10,11,0.0,20.93,68.76,1.89,2024-10-11,0.0,1.8199999999999577,3.05,0.0,1439.1468,0.0,0.0,0.0,0.7875769296874999,0,Normal / No Flood
2024,10,12,0.0,21.45,65.84,1.39,2024-10-12,0.0,1.5199999999999574,1.82,0.0,1412.268,0.0,0.0,0.0,0.6694403902343748,0,Normal / No Flood
2024,10,13,0.0,21.43,61.76,1.3,2024-10-13,0.0,0.0,1.82,0.0,1323.5168,0.0,0.0,0.0,0.4872771741874999,0,Normal / No Flood
2024,10,14,0.02,20.66,60.61,1.68,2024-10-14,0.0199999999999751,0.0199999999999573,1.84,1.0000000000012434,1252.2026,0.0336,0.0,0.0,0.0,0,Normal / No Flood
2024,10,15,0.48,20.53,65.81,1.94,2024-10-15,0.4999999999999751,0.4999999999999573,2.3200000000000003,0.9600000000000476,1351.0793,0.9312,0.02,0.0,0.017,0,Normal / No Flood
2024,10,16,0.0,21.29,65.09,1.47,2024-10-16,0.4999999999999751,0.4999999999999573,2.3200000000000003,0.0,1385.7661,0.0,0.48,0.02,0.42245,0,Normal / No Flood
2024,10,17,0.0,21.65,61.72,1.47,2024-10-17,0.4799999999999751,0.4999999999999573,2.3200000000000003,0.0,1336.2379999999998,0.0,0.0,0.48,0.3590824999999999,0,Normal / No Flood
2024,10,18,0.0,21.36,61.79,1.57,2024-10-18,0.0,0.4999999999999573,2.3200000000000003,0.0,1319.8344,0.0,0.0,0.0,0.3052201249999999,0,Normal / No Flood
2024,10,19,0.0,21.18,63.19,1.53,2024-10-19,0.0,0.4999999999999573,2.0200000000000005,0.0,1338.3642,0.0,0.0,0.0,0.2594371062499999,0,Normal / No Flood
2024,10,20,0.0,21.17,64.22,1.4,2024-10-20,0.0,0.4999999999999573,0.5,0.0,1359.5374000000002,0.0,0.0,0.0,0.2205215403124999,0,Normal / No Flood
2024,10,21,0.0,21.17,69.05,1.27,2024-10-21,0.0,0.4799999999999573,0.5,0.0,1461.7885,0.0,0.0,0.0,0.1874433092656249,0,Normal / No Flood
2024,10,22,0.0,20.79,72.0,1.41,2024-10-22,0.0,0.0,0.5,0.0,1496.88,0.0,0.0,0.0,0.1538770023749999,0,Normal / No Flood
2024,10,23,0.0,21.36,65.93,1.55,2024-10-23,0.0,0.0,0.5,0.0,1408.2648000000002,0.0,0.0,0.0,0.0,0,Normal / No Flood
2024,10,24,0.0,21.61,57.77,1.55,2024-10-24,0.0,0.0,0.5,0.0,1248.4097,0.0,0.0,0.0,0.0,0,Normal / No Flood
2024,10,25,0.0,22.03,55.61,1.79,2024-10-25,0.0,0.0,0.5,0.0,1225.0883,0.0,0.0,0.0,0.0,0,Normal / No Flood
2024,10,26,0.0,21.77,54.56,1.48,2024-10-26,0.0,0.0,0.5,0.0,1187.7712,0.0,0.0,0.0,0.0,0,Normal / No Flood
2024,10,27,0.0,21.4,63.1,1.32,2024-10-27,0.0,0.0,0.5,0.0,1350.34,0.0,0.0,0.0,0.0,0,Normal / No Flood
2024,10,28,0.0,21.83,71.67,1.21,2024-10-28,0.0,0.0,0.48,0.0,1564.5561,0.0,0.0,0.0,0.0,0,Normal / No Flood
2024,10,29,0.0,22.64,68.86,1.14,2024-10-29,0.0,0.0,0.0,0.0,1558.9904,0.0,0.0,0.0,0.0,0,Normal / No Flood
2024,10,30,0.0,22.39,61.56,1.53,2024-10-30,0.0,0.0,0.0,0.0,1378.3284,0.0,0.0,0.0,0.0,0,Normal / No Flood
2024,10,31,0.0,21.4,57.8,1.99,2024-10-31,0.0,0.0,0.0,0.0,1236.9199999999998,0.0,0.0,0.0,0.0,0,Normal / No Flood
2024,11,1,0.0,20.6,54.36,1.66,2024-11-01,0.0,0.0,0.0,0.0,1119.816,0.0,0.0,0.0,0.0,0,Normal / No Flood
2024,11,2,0.0,20.47,47.21,1.12,2024-11-02,0.0,0.0,0.0,0.0,966.3887,0.0,0.0,0.0,0.0,0,Normal / No Flood
2024,11,3,0.0,20.39,51.07,1.28,2024-11-03,0.0,0.0,0.0,0.0,1041.3173,0.0,0.0,0.0,0.0,0,Normal / No Flood
2024,11,4,0.0,20.61,52.28,1.27,2024-11-04,0.0,0.0,0.0,0.0,1077.4908,0.0,0.0,0.0,0.0,0,Normal / No Flood
2024,11,5,0.0,20.03,60.92,1.35,2024-11-05,0.0,0.0,0.0,0.0,1220.2276000000002,0.0,0.0,0.0,0.0,0,Normal / No Flood
2024,11,6,0.0,20.02,63.2,1.3,2024-11-06,0.0,0.0,0.0,0.0,1265.264,0.0,0.0,0.0,0.0,0,Normal / No Flood
2024,11,7,0.0,20.33,64.68,1.16,2024-11-07,0.0,0.0,0.0,0.0,1314.9444,0.0,0.0,0.0,0.0,0,Normal / No Flood
2024,11,8,0.0,20.52,66.35,1.21,2024-11-08,0.0,0.0,0.0,0.0,1361.502,0.0,0.0,0.0,0.0,0,Normal / No Flood
2024,11,9,0.0,20.3,69.8,1.15,2024-11-09,0.0,0.0,0.0,0.0,1416.94,0.0,0.0,0.0,0.0,0,Normal / No Flood
2024,11,10,0.0,20.08,71.5,1.08,2024-11-10,0.0,0.0,0.0,0.0,1435.7199999999998,0.0,0.0,0.0,0.0,0,Normal / No Flood
2024,11,11,0.0,20.01,68.36,1.15,2024-11-11,0.0,0.0,0.0,0.0,1367.8836,0.0,0.0,0.0,0.0,0,Normal / No Flood
2024,11,12,0.0,18.93,65.7,1.37,2024-11-12,0.0,0.0,0.0,0.0,1243.701,0.0,0.0,0.0,0.0,0,Normal / No Flood
2024,11,13,0.0,18.19,57.89,1.44,2024-11-13,0.0,0.0,0.0,0.0,1053.0191,0.0,0.0,0.0,0.0,0,Normal / No Flood
2024,11,14,0.0,17.52,58.01,1.19,2024-11-14,0.0,0.0,0.0,0.0,1016.3352,0.0,0.0,0.0,0.0,0,Normal / No Flood
2024,11,15,0.0,17.82,57.85,1.34,2024-11-15,0.0,0.0,0.0,0.0,1030.887,0.0,0.0,0.0,0.0,0,Normal / No Flood
2024,11,16,0.0,17.02,58.37,1.62,2024-11-16,0.0,0.0,0.0,0.0,993.4574,0.0,0.0,0.0,0.0,0,Normal / No Flood
2024,11,17,0.0,16.6,52.63,1.42,2024-11-17,0.0,0.0,0.0,0.0,873.6580000000001,0.0,0.0,0.0,0.0,0,Normal / No Flood
2024,11,18,0.0,16.82,51.64,1.32,2024-11-18,0.0,0.0,0.0,0.0,868.5848,0.0,0.0,0.0,0.0,0,Normal / No Flood
2024,11,19,0.0,16.21,51.77,1.57,2024-11-19,0.0,0.0,0.0,0.0,839.1917000000001,0.0,0.0,0.0,0.0,0,Normal / No Flood
2024,11,20,0.0,15.52,51.53,1.53,2024-11-20,0.0,0.0,0.0,0.0,799.7456,0.0,0.0,0.0,0.0,0,Normal / No Flood
2024,11,21,0.0,15.17,48.69,1.66,2024-11-21,0.0,0.0,0.0,0.0,738.6273,0.0,0.0,0.0,0.0,0,Normal / No Flood
2024,11,22,0.0,15.56,47.59,1.52,2024-11-22,0.0,0.0,0.0,0.0,740.5004000000001,0.0,0.0,0.0,0.0,0,Normal / No Flood
2024,11,23,0.0,15.8,49.92,1.1,2024-11-23,0.0,0.0,0.0,0.0,788.7360000000001,0.0,0.0,0.0,0.0,0,Normal / No Flood
2024,11,24,0.0,15.87,52.97,1.66,2024-11-24,0.0,0.0,0.0,0.0,840.6338999999999,0.0,0.0,0.0,0.0,0,Normal / No Flood
2024,11,25,0.0,14.81,57.3,1.72,2024-11-25,0.0,0.0,0.0,0.0,848.6129999999999,0.0,0.0,0.0,0.0,0,Normal / No Flood
2024,11,26,0.0,14.74,51.25,1.68,2024-11-26,0.0,0.0,0.0,0.0,755.425,0.0,0.0,0.0,0.0,0,Normal / No Flood
2024,11,27,0.0,14.53,50.15,1.57,2024-11-27,0.0,0.0,0.0,0.0,728.6795,0.0,0.0,0.0,0.0,0,Normal / No Flood
2024,11,28,0.0,14.25,48.74,1.67,2024-11-28,0.0,0.0,0.0,0.0,694.5450000000001,0.0,0.0,0.0,0.0,0,Normal / No Flood
2024,11,29,0.0,15.03,46.5,1.37,2024-11-29,0.0,0.0,0.0,0.0,698.895,0.0,0.0,0.0,0.0,0,Normal / No Flood
2024,11,30,0.0,14.72,46.43,1.49,2024-11-30,0.0,0.0,0.0,0.0,683.4496,0.0,0.0,0.0,0.0,0,Normal / No Flood
2024,12,1,0.0,15.17,45.03,1.35,2024-12-01,0.0,0.0,0.0,0.0,683.1051,0.0,0.0,0.0,0.0,0,Normal / No Flood
2024,12,2,0.0,14.96,51.25,1.34,2024-12-02,0.0,0.0,0.0,0.0,766.7,0.0,0.0,0.0,0.0,0,Normal / No Flood
2024,12,3,0.0,15.17,50.22,1.69,2024-12-03,0.0,0.0,0.0,0.0,761.8374,0.0,0.0,0.0,0.0,0,Normal / No Flood
2024,12,4,0.0,14.32,47.45,2.08,2024-12-04,0.0,0.0,0.0,0.0,679.484,0.0,0.0,0.0,0.0,0,Normal / No Flood
2024,12,5,0.0,12.92,41.43,1.56,2024-12-05,0.0,0.0,0.0,0.0,535.2755999999999,0.0,0.0,0.0,0.0,0,Normal / No Flood
2024,12,6,0.0,12.79,39.54,1.58,2024-12-06,0.0,0.0,0.0,0.0,505.7166,0.0,0.0,0.0,0.0,0,Normal / No Flood
2024,12,7,0.0,12.12,40.21,1.35,2024-12-07,0.0,0.0,0.0,0.0,487.3452,0.0,0.0,0.0,0.0,0,Normal / No Flood
2024,12,8,0.91,11.03,50.27,2.0,2024-12-08,0.9099999999999752,0.9099999999999574,0.91,1.000000000000027,554.4781,1.82,0.0,0.0,0.0,0,Normal / No Flood
2024,12,9,0.64,8.56,67.75,1.76,2024-12-09,1.5499999999999752,1.5499999999999574,1.55,0.4129032258064582,579.94,1.1264,0.91,0.0,0.7735,0,Normal / No Flood
2024,12,10,0.0,9.03,44.34,2.11,2024-12-10,1.5499999999999752,1.5499999999999574,1.55,0.0,400.3902,0.0,0.64,0.91,1.2014749999999998,0,Normal / No Flood
2024,12,11,0.0,10.99,34.85,1.47,2024-12-11,0.6399999999999751,1.5499999999999574,1.55,0.0,383.0015,0.0,0.0,0.64,1.0212537499999998,0,Normal / No Flood
2024,12,12,0.0,9.88,36.77,1.65,2024-12-12,0.0,1.5499999999999574,1.55,0.0,363.28760000000005,0.0,0.0,0.0,0.8680656874999999,0,Normal / No Flood
2024,12,13,0.0,10.25,38.6,2.02,2024-12-13,0.0,1.5499999999999574,1.55,0.0,395.65,0.0,0.0,0.0,0.7378558343749999,0,Normal / No Flood
2024,12,14,0.0,11.98,33.47,1.71,2024-12-14,0.0,1.5499999999999574,1.55,0.0,400.9706,0.0,0.0,0.0,0.62717745921875,0,Normal / No Flood
2024,12,15,0.0,13.43,31.99,1.3,2024-12-15,0.0,0.6399999999999574,1.55,0.0,429.6257,0.0,0.0,0.0,0.5331008403359374,0,Normal / No Flood
2024,12,16,0.0,13.44,31.54,1.27,2024-12-16,0.0,0.0,1.55,0.0,423.8975999999999,0.0,0.0,0.0,0.2051693364999999,0,Normal / No Flood
2024,12,17,0.0,12.51,34.05,1.55,2024-12-17,0.0,0.0,1.55,0.0,425.9655,0.0,0.0,0.0,0.0,0,Normal / No Flood
2024,12,18,0.0,13.3,36.65,1.53,2024-12-18,0.0,0.0,1.55,0.0,487.445,0.0,0.0,0.0,0.0,0,Normal / No Flood
2024,12,19,0.0,11.56,49.28,1.95,2024-12-19,0.0,0.0,1.55,0.0,569.6768000000001,0.0,0.0,0.0,0.0,0,Normal / No Flood
2024,12,20,0.0,11.71,50.46,1.58,2024-12-20,0.0,0.0,1.55,0.0,590.8866,0.0,0.0,0.0,0.0,0,Normal / No Flood
2024,12,21,0.0,11.98,42.07,1.54,2024-12-21,0.0,0.0,1.55,0.0,503.9986,0.0,0.0,0.0,0.0,0,Normal / No Flood
2024,12,22,0.0,12.37,42.39,1.52,2024-12-22,0.0,0.0,0.64,0.0,524.3643,0.0,0.0,0.0,0.0,0,Normal / No Flood
2024,12,23,4.12,9.77,62.89,1.19,2024-12-23,4.119999999999975,4.1199999999999575,4.12,1.000000000000006,614.4353,4.9028,0.0,0.0,0.0,0,Normal / No Flood
2024,12,24,3.59,10.08,69.45,1.06,2024-12-24,7.709999999999975,7.709999999999957,7.71,0.4656290531776928,700.056,3.8054,4.12,0.0,3.502,0,Normal / No Flood
2024,12,25,0.0,11.59,52.46,1.28,2024-12-25,7.709999999999975,7.709999999999957,7.71,0.0,608.0114,0.0,3.59,4.12,6.0282,0,Normal / No Flood
2024,12,26,0.0,12.88,48.57,1.53,2024-12-26,3.589999999999975,7.709999999999957,7.71,0.0,625.5816000000001,0.0,0.0,3.59,5.123969999999999,0,Normal / No Flood
2024,12,27,9.75,10.99,67.04,2.54,2024-12-27,9.749999999999975,17.459999999999958,17.46,1.0000000000000024,736.7696000000001,24.765,0.0,0.0,4.355374499999999,0,Normal / No Flood
2024,12,28,21.95,9.74,87.58,1.85,2024-12-28,31.699999999999974,39.409999999999954,39.41,0.6924290220820195,853.0292,40.6075,9.75,0.0,11.989568325,0,Normal / No Flood
2024,12,29,0.01,10.38,63.49,1.98,2024-12-29,31.709999999999976,39.41999999999996,39.42,0.0003153579312519,659.0262,0.0198,21.95,9.75,28.848633076249996,0,Normal / No Flood
2024,12,30,0.0,9.92,43.32,1.75,2024-12-30,21.959999999999976,35.29999999999996,39.42,0.0,429.7344,0.0,0.01,21.95,24.529838114812495,0,Normal / No Flood
2024,12,31,0.0,11.19,41.47,1.31,2024-12-31,0.0099999999999751,31.70999999999996,39.42,0.0,464.0493,0.0,0.0,0.01,19.727701434429687,0,Normal / No Flood
2025,1,1,0.0,11.49,43.98,1.92,2025-01-01,0.0,31.70999999999996,39.42,0.0,505.3302,0.0,0.0,0.0,15.790305234374998,0,Normal / No Flood
2025,1,2,0.0,14.71,42.85,1.6,2025-01-02,0.0,31.70999999999996,39.42,0.0,630.3235000000001,0.0,0.0,0.0,13.421759449218747,0,Normal / No Flood
2025,1,3,0.0,16.7,37.47,1.01,2025-01-03,0.0,21.95999999999996,39.42,0.0,625.7489999999999,0.0,0.0,0.0,11.408495531835936,0,Normal / No Flood
2025,1,4,0.0,17.64,30.55,1.27,2025-01-04,0.0,0.0099999999999573,39.42,0.0,538.902,0.0,0.0,0.0,7.040438582929685,0,Normal / No Flood
2025,1,5,0.01,14.44,44.34,1.74,2025-01-05,0.0099999999999751,0.0099999999999573,39.43,1.000000000002487,640.2696000000001,0.0174,0.0,0.0,0.0032057708828124,0,Normal / No Flood
2025,1,6,0.96,11.64,60.53,1.3,2025-01-06,0.9699999999999752,0.9699999999999572,36.27,0.98969072164951,704.5692,1.248,0.01,0.0,0.0085,0,Normal / No Flood
2025,1,7,0.0,10.68,59.6,2.1,2025-01-07,0.9699999999999752,0.9699999999999572,32.68,0.0,636.528,0.0,0.96,0.01,0.823225,0,Normal / No Flood
2025,1,8,0.0,10.82,43.43,1.77,2025-01-08,0.9599999999999752,0.9699999999999572,32.68,0.0,469.9126,0.0,0.0,0.96,0.6997412499999999,0,Normal / No Flood
2025,1,9,0.0,11.47,37.36,1.38,2025-01-09,0.0,0.9699999999999572,32.68,0.0,428.5192,0.0,0.0,0.0,0.5947800624999998,0,Normal / No Flood
2025,1,10,0.0,11.82,32.38,1.24,2025-01-10,0.0,0.9699999999999572,22.93,0.0,382.7316,0.0,0.0,0.0,0.5055630531249998,0,Normal / No Flood
2025,1,11,2.31,10.12,50.88,1.74,2025-01-11,2.309999999999975,3.2799999999999576,3.29,1.0000000000000109,514.9055999999999,4.0194,0.0,0.0,0.4297285951562499,0,Normal / No Flood
2025,1,12,6.03,8.41,80.16,1.51,2025-01-12,8.339999999999975,9.299999999999958,9.31,0.7230215827338151,674.1456,9.1053,2.31,0.0,2.3287693058828127,0,Normal / No Flood
2025,1,13,0.0,10.35,61.57,1.78,2025-01-13,8.339999999999975,8.339999999999957,9.31,0.0,637.2495,0.0,6.03,2.31,7.102229004749999,0,Normal / No Flood
2025,1,14,0.0,11.89,45.02,1.34,2025-01-14,6.029999999999975,8.339999999999957,9.31,0.0,535.2878000000001,0.0,0.0,6.03,5.77530375,0,Normal / No Flood
2025,1,15,0.0,11.68,46.97,1.67,2025-01-15,0.0,8.339999999999957,9.31,0.0,548.6096,0.0,0.0,0.0,4.9090081875,0,Normal / No Flood
2025,1,16,2.68,9.27,75.21,1.62,2025-01-16,2.679999999999976,11.019999999999955,11.99,1.0000000000000089,697.1967,4.341600000000001,0.0,0.0,4.172656959374999,0,Normal / No Flood
2025,1,17,0.0,10.93,51.2,1.56,2025-01-17,2.679999999999976,11.019999999999955,11.99,0.0,559.616,0.0,2.68,0.0,5.82475841546875,0,Normal / No Flood
2025,1,18,0.0,13.28,39.85,1.07,2025-01-18,2.679999999999976,8.709999999999958,11.99,0.0,529.208,0.0,0.0,2.68,4.951044653148437,0,Normal / No Flood
2025,1,19,0.0,14.41,39.91,1.14,2025-01-19,0.0,2.6799999999999566,11.98,0.0,575.1030999999999,0.0,0.0,0.0,3.5789348423359373,0,Normal / No Flood
2025,1,20,0.0,14.71,42.78,1.23,2025-01-20,0.0,2.6799999999999566,11.02,0.0,629.2938,0.0,0.0,0.0,1.39897675,0,Normal / No Flood
2025,1,21,0.0,13.86,46.66,1.2,2025-01-21,0.0,2.6799999999999566,11.02,0.0,646.7076,0.0,0.0,0.0,1.1891302375,0,Normal / No Flood
2025,1,22,0.0,13.85,45.51,1.53,2025-01-22,0.0,2.6799999999999566,11.02,0.0,630.3135,0.0,0.0,0.0,1.0107607018749998,0,Normal / No Flood
2025,1,23,0.0,12.22,48.87,1.6,2025-01-23,0.0,0.0,11.02,0.0,597.1914,0.0,0.0,0.0,0.8591465965937498,0,Normal / No Flood
2025,1,24,0.0,12.09,43.38,2.11,2025-01-24,0.0,0.0,11.02,0.0,524.4642,0.0,0.0,0.0,0.0,0,Normal / No Flood
2025,1,25,0.0,12.51,32.48,1.9,2025-01-25,0.0,0.0,8.71,0.0,406.3248,0.0,0.0,0.0,0.0,0,Normal / No Flood
2025,1,26,0.0,13.23,30.48,1.52,2025-01-26,0.0,0.0,2.68,0.0,403.2504,0.0,0.0,0.0,0.0,0,Normal / No Flood
2025,1,27,0.0,12.78,31.53,1.76,2025-01-27,0.0,0.0,2.68,0.0,402.9534,0.0,0.0,0.0,0.0,0,Normal / No Flood
2025,1,28,0.0,13.74,30.85,1.55,2025-01-28,0.0,0.0,2.68,0.0,423.879,0.0,0.0,0.0,0.0,0,Normal / No Flood
2025,1,29,0.0,13.15,37.3,2.01,2025-01-29,0.0,0.0,2.68,0.0,490.49499999999995,0.0,0.0,0.0,0.0,0,Normal / No Flood
2025,1,30,0.0,13.45,37.66,1.48,2025-01-30,0.0,0.0,0.0,0.0,506.52699999999993,0.0,0.0,0.0,0.0,0,Normal / No Flood
2025,1,31,0.0,12.49,45.07,2.03,2025-01-31,0.0,0.0,0.0,0.0,562.9243,0.0,0.0,0.0,0.0,0,Normal / No Flood
2025,2,1,0.0,12.81,46.9,1.81,2025-02-01,0.0,0.0,0.0,0.0,600.789,0.0,0.0,0.0,0.0,0,Normal / No Flood
2025,2,2,0.0,13.64,46.26,1.43,2025-02-02,0.0,0.0,0.0,0.0,630.9864,0.0,0.0,0.0,0.0,0,Normal / No Flood
2025,2,3,0.0,13.94,37.38,1.51,2025-02-03,0.0,0.0,0.0,0.0,521.0772000000001,0.0,0.0,0.0,0.0,0,Normal / No Flood
2025,2,4,6.58,13.33,53.04,1.86,2025-02-04,6.579999999999976,6.5799999999999566,6.58,1.0000000000000036,707.0232,12.2388,0.0,0.0,0.0,0,Normal / No Flood
2025,2,5,2.39,11.62,63.28,1.46,2025-02-05,8.969999999999976,8.969999999999956,8.97,0.2664437012263106,735.3136,3.4894000000000003,6.58,0.0,5.593,0,Normal / No Flood
2025,2,6,0.0,10.15,46.97,2.01,2025-02-06,8.969999999999976,8.969999999999956,8.97,0.0,476.7455,0.0,2.39,6.58,6.785549999999999,0,Normal / No Flood
2025,2,7,0.0,11.59,32.7,2.27,2025-02-07,2.389999999999976,8.969999999999956,8.97,0.0,378.99300000000005,0.0,0.0,2.39,5.7677175,0,Normal / No Flood
2025,2,8,0.0,13.5,31.73,1.87,2025-02-08,0.0,8.969999999999956,8.97,0.0,428.355,0.0,0.0,0.0,4.902559875,0,Normal / No Flood
2025,2,9,0.0,15.27,34.74,1.45,2025-02-09,0.0,8.969999999999956,8.97,0.0,530.4798000000001,0.0,0.0,0.0,4.16717589375,0,Normal / No Flood
2025,2,10,0.0,14.96,37.18,1.62,2025-02-10,0.0,8.969999999999956,8.97,0.0,556.2128,0.0,0.0,0.0,3.5420995096874996,0,Normal / No Flood
2025,2,11,0.2,14.43,43.42,1.84,2025-02-11,0.199999999999976,2.589999999999957,9.17,1.00000000000012,626.5506,0.368,0.0,0.0,3.0107845832343743,0,Normal / No Flood
2025,2,12,0.04,12.75,45.46,2.14,2025-02-12,0.239999999999976,0.2399999999999565,9.21,0.1666666666666833,579.615,0.0856,0.2,0.0,0.9361792409921874,0,Normal / No Flood
2025,2,13,0.0,11.51,37.55,2.6,2025-02-13,0.239999999999976,0.2399999999999565,9.21,0.0,432.2005,0.0,0.04,0.2,0.1785,0,Normal / No Flood
2025,2,14,0.0,12.24,32.63,2.3,2025-02-14,0.039999999999976,0.2399999999999565,9.21,0.0,399.3912,0.0,0.0,0.04,0.151725,0,Normal / No Flood
2025,2,15,0.08,14.11,40.32,1.11,2025-02-15,0.079999999999976,0.3199999999999565,9.29,1.0000000000002998,568.9152,0.0888,0.0,0.0,0.1289662499999999,0,Normal / No Flood
2025,2,16,0.0,14.62,39.36,1.48,2025-02-16,0.079999999999976,0.3199999999999565,9.29,0.0,575.4431999999999,0.0,0.08,0.0,0.1776213125,0,Normal / No Flood
2025,2,17,0.0,15.03,34.33,1.74,2025-02-17,0.079999999999976,0.3199999999999565,9.29,0.0,515.9798999999999,0.0,0.0,0.08,0.1509781156249999,0,Normal / No Flood
2025,2,18,0.0,14.77,34.6,1.96,2025-02-18,0.0,0.1199999999999564,2.71,0.0,511.042,0.0,0.0,0.0,0.1283313982812499,0,Normal / No Flood
2025,2,19,0.3,15.6,34.06,1.7,2025-02-19,0.299999999999976,0.3799999999999565,0.62,1.00000000000008,531.336,0.51,0.0,0.0,0.0545835835312499,0,Normal / No Flood
2025,2,20,12.2,12.45,66.31,3.53,2025-02-20,12.499999999999975,12.579999999999956,12.82,0.976000000000002,825.5595,43.065999999999995,0.3,0.0,0.290496425,0,Normal / No Flood
2025,2,21,0.55,13.32,64.6,1.64,2025-02-21,13.049999999999976,13.129999999999956,13.37,0.0421455938697318,860.472,0.902,12.2,0.3,10.616921961249998,0,Normal / No Flood
2025,2,22,0.5,14.06,53.92,1.6,2025-02-22,13.249999999999975,13.549999999999956,13.87,0.0377358490566038,758.1152000000001,0.8,0.55,12.2,9.4918836670625,0,Normal / No Flood
2025,2,23,0.18,14.44,49.03,1.65,2025-02-23,1.2299999999999751,13.729999999999956,14.05,0.1463414634146371,707.9932,0.297,0.5,0.55,8.471301874999998,0,Normal / No Flood
2025,2,24,0.0,14.81,45.21,1.91,2025-02-24,0.6799999999999751,13.729999999999956,14.05,0.0,669.5601,0.0,0.18,0.5,7.353606593749999,0,Normal / No Flood
2025,2,25,0.01,15.59,40.38,1.67,2025-02-25,0.1899999999999751,13.739999999999956,13.86,0.0526315789473753,629.5242000000001,0.0167,0.0,0.18,6.250565604687498,0,Normal / No Flood
2025,2,26,4.44,16.73,61.01,1.48,2025-02-26,4.449999999999975,17.879999999999956,18.26,0.9977528089887696,1020.6973,6.5712,0.01,0.0,5.321480763984375,0,Normal / No Flood
2025,2,27,23.61,13.6,81.11,2.33,2025-02-27,28.059999999999977,29.289999999999957,41.87,0.8414112615823244,1103.096,55.0113,4.44,0.01,8.215511491874999,0,Normal / No Flood
2025,2,28,54.39,10.0,90.11,4.04,2025-02-28,82.43999999999997,83.12999999999995,96.26,0.6597525473071327,901.1,219.7356,23.61,4.44,23.727300362617186,1,3-Day Saturated Runoff (82.4mm)
2025,3,1,0.62,13.71,72.69,1.41,2025-03-01,78.61999999999998,83.24999999999996,96.8,0.0078860340880183,996.5799,0.8742,54.39,23.61,66.24983551945311,0,Normal / No Flood
2025,3,2,0.0,13.82,52.0,1.56,2025-03-02,55.00999999999997,83.06999999999996,96.8,0.0,718.64,0.0,0.62,54.39,56.70311492901562,0,Normal / No Flood
2025,3,3,2.39,15.34,46.78,1.48,2025-03-03,3.009999999999972,85.45999999999997,99.19,0.7940199335548248,717.6052,3.5372000000000003,0.0,0.62,48.14859939515624,0,Normal / No Flood
2025,3,4,2.91,13.93,64.71,1.95,2025-03-04,5.299999999999972,88.35999999999996,102.1,0.5490566037735878,901.4103,5.6745,2.39,0.0,42.957809485882805,0,Normal / No Flood
2025,3,5,0.0,12.29,50.07,2.88,2025-03-05,5.299999999999972,83.91999999999996,101.8,0.0,615.3602999999999,0.0,2.91,2.39,38.98491315774999,0,Normal / No Flood
2025,3,6,0.0,14.51,42.77,2.23,2025-03-06,2.9099999999999717,60.30999999999996,89.6,0.0,620.5927,0.0,0.0,2.91,31.92731825291406,0,Normal / No Flood
2025,3,7,0.0,14.68,43.68,2.12,2025-03-07,0.0,5.919999999999957,89.05,0.0,641.2224,0.0,0.0,0.0,20.704719218804684,0,Normal / No Flood
2025,3,8,0.0,15.98,42.31,2.04,2025-03-08,0.0,5.299999999999958,88.55,0.0,676.1138000000001,0.0,0.0,0.0,2.7782516791093745,0,Normal / No Flood
2025,3,9,0.0,17.89,39.98,1.64,2025-03-09,0.0,5.299999999999958,88.36999999999999,0.0,715.2421999999999,0.0,0.0,0.0,2.19256980171875,0,Normal / No Flood
2025,3,10,0.05,19.06,43.04,1.5,2025-03-10,0.0499999999999715,2.9599999999999573,88.42,1.0000000000005684,820.3423999999999,0.075,0.0,0.0,1.863684331460937,0,Normal / No Flood
2025,3,11,0.05,19.55,48.78,1.56,2025-03-11,0.0999999999999715,0.0999999999999573,88.46000000000001,0.5000000000001421,953.649,0.078,0.05,0.0,0.9753793268984372,0,Normal / No Flood
2025,3,12,0.0,19.78,48.24,1.85,2025-03-12,0.0999999999999715,0.0999999999999573,84.02,0.0,954.1872,0.0,0.05,0.05,0.078625,0,Normal / No Flood
2025,3,13,0.15,19.56,50.36,1.87,2025-03-13,0.1999999999999716,0.2499999999999573,60.56,0.7500000000001065,985.0416,0.2805,0.0,0.05,0.06683125,0,Normal / No Flood
2025,3,14,1.57,19.56,48.21,1.88,2025-03-14,1.7199999999999718,1.8199999999999577,7.74,0.9127906976744335,942.9876,2.9516,0.15,0.0,0.1843065625,0,Normal / No Flood
2025,3,15,12.45,17.09,60.87,2.39,2025-03-15,14.169999999999972,14.269999999999955,19.57,0.8786167960479905,1040.2683,29.7555,1.57,0.15,1.4911605781249997,0,Normal / No Flood
2025,3,16,4.12,17.15,57.81,1.83,2025-03-16,18.139999999999972,18.38999999999996,23.69,0.2271223814773983,991.4415,7.5396,12.45,1.57,11.849986491406248,0,Normal / No Flood
2025,3,17,0.08,16.18,54.86,1.59,2025-03-17,16.64999999999997,18.419999999999956,21.38,0.0048048048048048,887.6347999999999,0.1272,4.12,12.45,13.574488517695308,0,Normal / No Flood
2025,3,18,0.0,17.78,48.27,2.13,2025-03-18,4.199999999999972,18.369999999999955,18.47,0.0,858.2406000000001,0.0,0.08,4.12,11.59269071378906,0,Normal / No Flood
2025,3,19,0.07,18.79,43.92,1.87,2025-03-19,0.1499999999999716,18.439999999999955,18.54,0.466666666666755,825.2568,0.1309,0.0,0.08,9.840162580468748,0,Normal / No Flood
2025,3,20,0.0,18.57,40.72,2.0,2025-03-20,0.0699999999999715,18.289999999999957,18.54,0.0,756.1704,0.0,0.07,0.0,8.423638193398435,0,Normal / No Flood
2025,3,21,0.0,18.63,40.56,2.1,2025-03-21,0.0699999999999715,16.719999999999956,18.54,0.0,755.6328,0.0,0.0,0.07,7.119218885632812,0,Normal / No Flood
2025,3,22,0.0,18.93,39.83,1.53,2025-03-22,0.0,4.269999999999958,18.54,0.0,753.9819,0.0,0.0,0.0,5.623525928476561,0,Normal / No Flood
2025,3,23,0.0,20.1,35.67,1.84,2025-03-23,0.0,0.1499999999999574,18.54,0.0,716.9670000000001,0.0,0.0,0.0,1.3874900024687498,0,Normal / No Flood
2025,3,24,0.0,20.98,36.49,1.57,2025-03-24,0.0,0.0699999999999573,18.49,0.0,765.5602,0.0,0.0,0.0,0.0567055389374999,0,Normal / No Flood
2025,3,25,0.0,21.92,39.56,1.79,2025-03-25,0.0,0.0699999999999573,18.44,0.0,867.1552000000001,0.0,0.0,0.0,0.0264004660937499,0,Normal / No Flood
2025,3,26,0.0,23.4,34.22,1.69,2025-03-26,0.0,0.0,18.44,0.0,800.7479999999999,0.0,0.0,0.0,0.0224403961796874,0,Normal / No Flood
2025,3,27,0.0,23.11,35.74,2.25,2025-03-27,0.0,0.0,18.29,0.0,825.9514,0.0,0.0,0.0,0.0,0,Normal / No Flood
2025,3,28,0.0,20.02,31.62,2.07,2025-03-28,0.0,0.0,16.72,0.0,633.0324,0.0,0.0,0.0,0.0,0,Normal / No Flood
2025,3,29,0.0,18.86,28.93,2.09,2025-03-29,0.0,0.0,4.2700000000000005,0.0,545.6197999999999,0.0,0.0,0.0,0.0,0,Normal / No Flood
2025,3,30,0.0,20.29,28.27,1.86,2025-03-30,0.0,0.0,0.15,0.0,573.5983,0.0,0.0,0.0,0.0,0,Normal / No Flood
2025,3,31,0.81,20.91,31.3,2.03,2025-03-31,0.8099999999999716,0.8099999999999574,0.8800000000000001,1.000000000000035,654.4830000000001,1.6443,0.0,0.0,0.0,0,Normal / No Flood
2025,4,1,0.0,20.56,30.09,1.93,2025-04-01,0.8099999999999716,0.8099999999999574,0.8800000000000001,0.0,618.6504,0.0,0.81,0.0,0.6885,0,Normal / No Flood
2025,4,2,0.0,21.53,28.61,1.95,2025-04-02,0.8099999999999716,0.8099999999999574,0.81,0.0,615.9733,0.0,0.0,0.81,0.585225,0,Normal / No Flood
2025,4,3,0.0,21.93,29.9,2.18,2025-04-03,0.0,0.8099999999999574,0.81,0.0,655.707,0.0,0.0,0.0,0.4974412499999999,0,Normal / No Flood
2025,4,4,0.0,23.05,29.46,2.1,2025-04-04,0.0,0.8099999999999574,0.81,0.0,679.053,0.0,0.0,0.0,0.4228250624999999,0,Normal / No Flood
2025,4,5,0.0,22.94,32.22,2.26,2025-04-05,0.0,0.8099999999999574,0.81,0.0,739.1268,0.0,0.0,0.0,0.3594013031249999,0,Normal / No Flood
2025,4,6,0.0,24.63,31.41,1.84,2025-04-06,0.0,0.8099999999999574,0.81,0.0,773.6283,0.0,0.0,0.0,0.30549110765625,0,Normal / No Flood
2025,4,7,0.0,26.18,33.74,1.71,2025-04-07,0.0,0.0,0.81,0.0,883.3132,0.0,0.0,0.0,0.2596674415078124,0,Normal / No Flood
2025,4,8,0.0,25.93,34.37,2.19,2025-04-08,0.0,0.0,0.81,0.0,891.2140999999999,0.0,0.0,0.0,0.0,0,Normal / No Flood
2025,4,9,0.25,26.37,36.87,1.97,2025-04-09,0.2499999999999715,0.2499999999999573,1.06,1.0000000000001137,972.2619,0.4925,0.0,0.0,0.0,0,Normal / No Flood
2025,4,10,1.83,26.79,41.74,1.97,2025-04-10,2.0799999999999716,2.0799999999999574,2.89,0.8798076923077043,1118.2146,3.6051,0.25,0.0,0.2125,0,Normal / No Flood
2025,4,11,3.34,24.77,44.39,2.16,2025-04-11,5.4199999999999715,5.419999999999957,6.23,0.6162361623616268,1099.5403,7.2144,1.83,0.25,1.736125,0,Normal / No Flood
2025,4,12,7.57,21.96,52.09,1.44,2025-04-12,12.739999999999972,12.989999999999958,13.8,0.5941915227629526,1143.8964,10.9008,3.34,1.83,4.31470625,0,Normal / No Flood
2025,4,13,0.0,23.75,45.03,1.68,2025-04-13,10.909999999999972,12.989999999999958,13.8,0.0,1069.4625,0.0,7.57,3.34,10.1020003125,0,Normal / No Flood
2025,4,14,0.0,25.49,41.16,1.6,2025-04-14,7.569999999999972,12.989999999999958,12.99,0.0,1049.1683999999998,0.0,0.0,7.57,8.586700265625,0,Normal / No Flood
2025,4,15,0.0,25.54,43.89,1.6,2025-04-15,0.0,12.989999999999958,12.99,0.0,1120.9506,0.0,0.0,0.0,7.298695225781249,0,Normal / No Flood
2025,4,16,2.01,26.22,46.2,1.45,2025-04-16,2.0099999999999714,14.749999999999956,15.0,1.0000000000000142,1211.364,2.914499999999999,0.0,0.0,6.203890941914062,0,Normal / No Flood
2025,4,17,6.25,27.09,44.69,1.99,2025-04-17,8.259999999999971,19.16999999999996,21.25,0.7566585956416492,1210.6521,12.4375,2.01,0.0,6.9136846693671865,0,Normal / No Flood
2025,4,18,0.91,27.69,38.78,1.93,2025-04-18,9.169999999999972,16.739999999999956,22.16,0.0992366412213743,1073.8182000000002,1.7563,6.25,2.01,10.690474308140624,0,Normal / No Flood
2025,4,19,1.36,26.95,40.34,3.68,2025-04-19,8.519999999999971,10.529999999999957,23.52,0.1596244131455404,1087.163,5.0048,0.91,6.25,8.950284808289062,0,Normal / No Flood
2025,4,20,1.38,26.69,38.97,3.83,2025-04-20,3.649999999999971,11.909999999999958,24.9,0.3780821917808248,1040.1093,5.2854,1.36,0.91,6.7009888124999994,0,Normal / No Flood
2025,4,21,2.49,27.19,38.59,2.56,2025-04-21,5.229999999999972,14.399999999999958,27.39,0.4760994263862358,1049.2621,6.3744000000000005,1.38,1.36,6.868840490624999,0,Normal / No Flood
2025,4,22,0.18,26.2,32.95,2.01,2025-04-22,4.049999999999971,14.579999999999956,27.57,0.0444444444444447,863.2900000000001,0.3617999999999999,2.49,1.38,7.955014417031249,0,Normal / No Flood
2025,4,23,0.0,25.98,27.76,2.22,2025-04-23,2.669999999999972,12.569999999999958,27.32,0.0,721.2048000000001,0.0,0.18,2.49,6.914762254476561,0,Normal / No Flood
2025,4,24,0.0,26.63,23.47,2.14,2025-04-24,0.1799999999999715,6.319999999999958,25.49,0.0,625.0061,0.0,0.0,0.18,5.3298419609765615,0,Normal / No Flood
2025,4,25,0.0,26.79,22.24,2.32,2025-04-25,0.0,5.4099999999999575,22.15,0.0,595.8095999999999,0.0,0.0,0.0,2.8272998853359375,0,Normal / No Flood
2025,4,26,0.0,27.03,20.66,2.59,2025-04-26,0.0,4.049999999999958,14.58,0.0,558.4398,0.0,0.0,0.0,2.1552385247499997,0,Normal / No Flood
2025,4,27,0.0,27.3,22.42,2.2,2025-04-27,0.0,2.6699999999999577,14.58,0.0,612.066,0.0,0.0,0.0,1.4613656319843749,0,Normal / No Flood
2025,4,28,0.0,28.3,22.57,2.02,2025-04-28,0.0,0.1799999999999573,14.58,0.0,638.731,0.0,0.0,0.0,0.8661238626328124,0,Normal / No Flood
2025,4,29,0.0,26.76,28.22,1.99,2025-04-29,0.0,0.0,14.58,0.0,755.1672,0.0,0.0,0.0,0.0577038758906249,0,Normal / No Flood
2025,4,30,0.0,26.98,36.38,2.07,2025-04-30,0.0,0.0,12.57,0.0,981.5324,0.0,0.0,0.0,0.0,0,Normal / No Flood
2025,5,1,3.18,26.05,48.74,2.68,2025-05-01,3.1799999999999717,3.1799999999999575,9.5,1.0000000000000089,1269.677,8.522400000000001,0.0,0.0,0.0,0,Normal / No Flood
2025,5,2,8.96,22.32,67.91,2.08,2025-05-02,12.139999999999972,12.139999999999958,17.55,0.7380560131795735,1515.7512,18.6368,3.18,0.0,2.703,0,Normal / No Flood
2025,5,3,1.76,25.97,51.11,1.68,2025-05-03,13.899999999999972,13.899999999999958,17.950000000000003,0.1266187050359714,1327.3266999999998,2.9568,8.96,3.18,9.91355,0,Normal / No Flood
2025,5,4,10.36,24.43,57.89,1.65,2025-05-04,21.07999999999997,24.259999999999955,26.93,0.4914611005692606,1414.2527,17.093999999999998,1.76,8.96,9.9225175,0,Normal / No Flood
2025,5,5,5.23,23.73,56.31,2.49,2025-05-05,17.349999999999973,29.48999999999996,29.67,0.3014409221902022,1336.2363,13.022700000000002,10.36,1.76,17.240139875,0,Normal / No Flood
2025,5,6,2.05,25.02,52.27,1.56,2025-05-06,17.639999999999972,31.539999999999957,31.54,0.1162131519274378,1307.7954,3.198,5.23,10.36,19.09961889374999,0,Normal / No Flood
2025,5,7,3.84,24.23,57.01,1.17,2025-05-07,11.119999999999973,35.37999999999996,35.38,0.3453237410071951,1381.3523,4.4928,2.05,5.23,17.977176059687498,0,Normal / No Flood
2025,5,8,3.45,25.67,52.25,1.47,2025-05-08,9.339999999999971,35.649999999999956,38.83,0.3693790149892945,1341.2575000000002,5.0715,3.84,2.05,18.54459965073437,0,Normal / No Flood
2025,5,9,4.01,27.37,46.36,1.67,2025-05-09,11.299999999999972,30.699999999999957,42.84,0.354867256637169,1268.8732,6.696699999999999,3.45,3.84,17.8288898335,0,Normal / No Flood
2025,5,10,8.58,26.74,52.45,1.31,2025-05-10,16.03999999999997,37.51999999999995,51.42,0.5349127182044897,1402.513,11.2398,4.01,3.45,16.121541254125,0,Normal / No Flood
2025,5,11,1.04,27.73,46.61,1.88,2025-05-11,13.62999999999997,28.199999999999957,52.46,0.0763022743947177,1292.4953,1.9552,8.58,4.01,20.516726741937497,0,Normal / No Flood
2025,5,12,0.04,27.92,37.74,2.0,2025-05-12,9.65999999999997,23.009999999999955,52.5,0.0041407867494824,1053.7008,0.08,1.04,8.58,15.500215891242185,0,Normal / No Flood
2025,5,13,0.0,29.06,35.71,1.8,2025-05-13,1.0799999999999716,20.95999999999996,52.5,0.0,1037.7326,0.0,0.04,1.04,11.78405806160156,0,Normal / No Flood
2025,5,14,0.0,29.53,33.12,2.3,2025-05-14,0.0399999999999715,17.11999999999996,52.5,0.0,978.0336,0.0,0.0,0.04,9.457843776031249,0,Normal / No Flood
2025,5,15,0.48,30.05,33.12,2.49,2025-05-15,0.4799999999999715,14.149999999999958,49.8,1.0000000000000593,995.256,1.1952,0.0,0.0,6.992803593476562,0,Normal / No Flood
2025,5,16,2.53,30.54,32.27,1.91,2025-05-16,3.0099999999999714,12.669999999999956,43.37,0.840531561461802,985.5258,4.832299999999999,0.48,0.0,5.411790743070312,0,Normal / No Flood
2025,5,17,0.25,30.81,28.61,2.05,2025-05-17,3.2599999999999714,4.339999999999957,41.86,0.0766871165644178,881.4740999999999,0.5125,2.53,0.48,5.657835126203124,0,Normal / No Flood
2025,5,18,1.53,30.17,32.84,2.15,2025-05-18,4.309999999999971,4.829999999999957,33.03,0.3549883990719281,990.7828000000002,3.2895,0.25,2.53,2.683691152437499,0,Normal / No Flood
2025,5,19,0.62,30.28,34.95,2.04,2025-05-19,2.3999999999999715,5.4099999999999575,28.42,0.2583333333333364,1058.286,1.2648,1.53,0.25,3.2982473335312497,0,Normal / No Flood
2025,5,20,0.04,31.35,32.84,2.13,2025-05-20,2.1899999999999715,5.4499999999999575,26.41,0.0182648401826486,1029.534,0.0852,0.62,1.53,3.319610612499999,0,Normal / No Flood
2025,5,21,5.9,30.97,38.75,2.04,2025-05-21,6.559999999999972,11.34999999999996,28.47,0.8993902439024429,1200.0875,12.036,0.04,0.62,2.8556690206249997,0,Normal / No Flood
2025,5,22,0.34,28.76,43.2,2.72,2025-05-22,6.279999999999972,11.209999999999958,25.360000000000003,0.0541401273885352,1242.4320000000002,0.9248000000000002,5.9,0.04,7.44231866753125,0,Normal / No Flood
2025,5,23,0.0,29.32,44.21,2.48,2025-05-23,6.239999999999972,8.679999999999959,21.35,0.0,1296.2372,0.0,0.34,5.9,6.484175415382811,0,Normal / No Flood
2025,5,24,7.8,29.0,50.18,2.63,2025-05-24,8.139999999999972,16.229999999999958,20.57,0.9582309582309616,1455.22,20.514,0.0,0.34,4.822148074726562,0,Normal / No Flood
2025,5,25,6.42,25.37,63.33,2.04,2025-05-25,14.21999999999997,21.11999999999996,25.950000000000003,0.4514767932489461,1606.6821,13.0968,7.8,0.0,10.660703232257813,0,Normal / No Flood
2025,5,26,1.03,28.11,50.45,1.82,2025-05-26,15.249999999999972,21.52999999999996,26.94,0.0675409836065575,1418.1495,1.8746,6.42,7.8,14.101687244109376,0,Normal / No Flood
2025,5,27,0.99,29.32,48.74,1.77,2025-05-27,8.439999999999971,22.47999999999996,27.930000000000003,0.1172985781990525,1429.0568,1.7523,1.03,6.42,12.69299003196875,0,Normal / No Flood
2025,5,28,3.55,29.97,49.94,1.95,2025-05-28,5.569999999999972,20.129999999999956,31.48,0.6373429084380642,1496.7017999999998,6.922499999999999,0.99,1.03,11.619641906171871,0,Normal / No Flood
2025,5,29,6.56,30.01,47.27,1.65,2025-05-29,11.09999999999997,26.349999999999955,37.56,0.5909909909909926,1418.5727000000002,10.823999999999998,3.55,0.99,11.286501522515625,0,Normal / No Flood
2025,5,30,6.35,28.78,45.38,1.75,2025-05-30,16.45999999999997,32.69999999999995,41.379999999999995,0.3857837181044964,1306.0364000000002,11.1125,6.56,3.55,15.076879515625,0,Normal / No Flood
2025,5,31,0.12,28.91,35.98,1.82,2025-05-31,13.029999999999973,25.019999999999957,41.25,0.0092095165003837,1040.1817999999998,0.2184,6.35,6.56,18.21284758828125,0,Normal / No Flood
2025,6,1,3.6,28.89,32.93,1.58,2025-06-01,10.06999999999997,22.199999999999957,43.32,0.3574975173783526,951.3477,5.688000000000001,0.12,6.35,13.457494354734372,0,Normal / No Flood
2025,6,2,3.34,27.24,39.37,2.29,2025-06-02,7.05999999999997,24.509999999999955,46.04,0.4730878186968858,1072.4388,7.6486,3.6,0.12,12.749481030773437,0,Normal / No Flood
2025,6,3,17.48,25.77,49.7,2.03,2025-06-03,24.41999999999997,40.99999999999996,63.48,0.7158067158067167,1280.769,35.4844,3.34,3.6,13.395393635367183,0,Normal / No Flood
2025,6,4,4.98,25.39,47.62,1.55,2025-06-04,25.79999999999997,42.42999999999997,62.559999999999995,0.1930232558139537,1209.0718,7.719000000000001,17.48,3.34,25.974318970273433,0,Normal / No Flood
2025,6,5,2.33,26.18,45.7,1.74,2025-06-05,24.78999999999997,38.19999999999996,64.55,0.0939895118999597,1196.4260000000002,4.0542,4.98,17.48,25.34382976084375,0,Normal / No Flood
2025,6,6,0.0,28.48,43.32,1.68,2025-06-06,7.309999999999968,31.84999999999996,64.55,0.0,1233.7536,0.0,2.33,4.98,21.735217452460937,0,Normal / No Flood
2025,6,7,0.0,29.91,43.12,1.62,2025-06-07,2.329999999999968,31.72999999999996,56.75,0.0,1289.7192,0.0,0.0,2.33,16.74462000059375,0,Normal / No Flood
2025,6,8,0.0,32.18,37.6,2.15,2025-06-08,0.0,28.12999999999996,50.33,0.0,1209.968,0.0,0.0,0.0,14.200228137499998,0,Normal / No Flood
2025,6,9,0.0,33.26,28.93,2.17,2025-06-09,0.0,24.789999999999957,49.3,0.0,962.2118,0.0,0.0,0.0,11.089228026734371,0,Normal / No Flood
2025,6,10,0.0,33.26,26.56,1.81,2025-06-10,0.0,7.309999999999958,48.309999999999995,0.0,883.3856,0.0,0.0,0.0,8.515725469093749,0,Normal / No Flood
2025,6,11,0.25,33.31,30.67,1.72,2025-06-11,0.249999999999968,2.5799999999999574,45.01,1.000000000000128,1021.6177,0.43,0.0,0.0,2.475232271046875,0,Normal / No Flood
2025,6,12,0.32,32.17,36.02,2.15,2025-06-12,0.5699999999999681,0.5699999999999574,38.77,0.5614035087719612,1158.7634000000005,0.688,0.25,0.0,0.9594446156953124,0,Normal / No Flood
2025,6,13,1.48,31.94,42.19,2.2,2025-06-13,2.049999999999968,2.049999999999957,33.900000000000006,0.7219512195122064,1347.5486,3.256,0.32,0.25,0.452625,0,Normal / No Flood
2025,6,14,0.13,32.25,40.11,2.02,2025-06-14,1.929999999999968,2.1799999999999575,33.91,0.0673575129533689,1293.5475,0.2626,1.48,0.32,1.64273125,0,Normal / No Flood
2025,6,15,4.36,31.21,42.61,1.78,2025-06-15,5.969999999999969,6.539999999999958,34.67,0.7303182579564528,1329.8581,7.760800000000001,0.13,1.48,1.5068215625,0,Normal / No Flood
2025,6,16,22.88,29.02,59.31,1.26,2025-06-16,27.36999999999997,29.41999999999996,54.21,0.835951772013154,1721.1762,28.8288,4.36,0.13,4.986798328125,0,Normal / No Flood
2025,6,17,11.09,26.45,70.47,0.82,2025-06-17,38.32999999999997,40.509999999999955,47.82000000000001,0.2893295069136449,1863.9315,9.0938,22.88,4.36,23.68677857890625,0,Normal / No Flood
2025,6,18,4.09,28.03,60.02,1.58,2025-06-18,38.05999999999997,44.34999999999995,46.93,0.1074619022595902,1682.3606000000002,6.4622,11.09,22.88,29.56026179207031,0,Normal / No Flood
2025,6,19,1.99,29.34,57.4,1.63,2025-06-19,17.169999999999963,46.01999999999995,46.59,0.1158998252766455,1684.116,3.2436999999999996,4.09,11.09,28.534599891999992,0,Normal / No Flood
2025,6,20,5.95,28.43,68.35,1.85,2025-06-20,12.029999999999966,50.48999999999996,52.54,0.4945968412302591,1943.1905,11.0075,1.99,4.09,25.858712940187495,0,Normal / No Flood
2025,6,21,1.4,28.02,69.11,1.77,2025-06-21,9.339999999999964,51.759999999999955,53.940000000000005,0.1498929336188442,1936.4622,2.478,5.95,1.99,26.63412002210156,0,Normal / No Flood
2025,6,22,3.13,28.19,67.51,1.56,2025-06-22,10.479999999999963,50.52999999999996,57.07,0.2986641221374055,1903.1069,4.8828,1.4,5.95,23.793578250531247,0,Normal / No Flood
2025,6,23,4.72,29.18,66.92,1.94,2025-06-23,9.249999999999964,32.369999999999955,61.79,0.5102702702702722,1952.7256,9.1568,3.13,1.4,21.696982823781248,0,Normal / No Flood
2025,6,24,5.7,27.51,70.96,2.34,2025-06-24,13.549999999999963,26.97999999999996,67.49,0.4206642066420675,1952.1096,13.338,4.72,3.13,16.21985218732031,0,Normal / No Flood
2025,6,25,6.91,26.67,75.15,2.15,2025-06-25,17.329999999999963,29.79999999999996,74.15,0.3987305251009818,2004.2505000000003,14.8565,5.7,4.72,15.60995443653906,0,Normal / No Flood
2025,6,26,4.47,27.31,72.96,1.59,2025-06-26,17.079999999999963,32.27999999999996,78.3,0.2617096018735368,1992.5375999999997,7.1073,6.91,5.7,18.027475023648435,0,Normal / No Flood
2025,6,27,16.03,28.23,69.46,1.54,2025-06-27,27.409999999999965,42.35999999999996,92.85,0.5848230572783664,1960.8558,24.686200000000003,4.47,6.91,18.58059762527344,0,Normal / No Flood
2025,6,28,36.56,26.55,77.78,1.45,2025-06-28,57.05999999999997,77.51999999999995,129.28,0.640729057132843,2065.059,53.012,16.03,4.47,27.7976893575,0,Normal / No Flood
2025,6,29,49.0,24.83,87.77,1.99,2025-06-29,101.58999999999996,123.38999999999996,173.92000000000002,0.4823309380844572,2179.3291,97.51,36.56,16.03,54.32254921882031,1,Historical Disaster Record; 3-Day Saturated Runoff (101.6mm); 7-Day Antecedent Saturation (123.4mm)
2025,6,30,54.59,24.22,88.29,2.74,2025-06-30,140.14999999999998,173.25999999999996,205.63,0.3895112379593294,2138.3838,149.5766,49.0,36.56,86.971271492625,1,Historical Disaster Record; 3-Day Saturated Runoff (140.1mm); 7-Day Antecedent Saturation (173.3mm)
2025,7,1,35.53,24.04,84.88,1.62,2025-07-01,139.11999999999998,203.08999999999995,230.07,0.2553910293271996,2040.5152,57.558600000000006,54.59,49.0,119.04092549054688,1,Historical Disaster Record; 3-Day Saturated Runoff (139.1mm); 7-Day Antecedent Saturation (203.1mm)
2025,7,2,6.37,26.82,77.24,1.29,2025-07-02,96.48999999999997,202.54999999999995,232.35,0.0660172038553218,2071.5768,8.2173,35.53,54.59,129.83209067424218,0,Normal / No Flood
2025,7,3,16.04,25.87,85.7,1.45,2025-07-03,57.93999999999997,214.11999999999995,246.40000000000003,0.2768381083879877,2217.059,23.258,6.37,35.53,113.88886754508592,0,Normal / No Flood
2025,7,4,3.77,26.83,83.94,1.68,2025-07-04,26.179999999999964,201.85999999999996,244.22,0.1440030557677618,2252.1101999999996,6.3336,16.04,6.37,109.22150476639844,0,Normal / No Flood
2025,7,5,9.95,26.72,87.9,1.59,2025-07-05,29.75999999999996,175.24999999999994,252.77,0.3343413978494627,2348.688,15.8205,3.77,16.04,91.67475593506248,0,Normal / No Flood
2025,7,6,3.38,26.2,89.59,1.43,2025-07-06,17.099999999999962,129.62999999999997,253.02,0.1976608187134507,2347.258,4.833399999999999,9.95,3.77,76.41878894937499,0,Normal / No Flood
2025,7,7,10.35,26.52,88.57,1.49,2025-07-07,23.679999999999964,85.38999999999996,258.65,0.4370777027027033,2348.8763999999996,15.4215,3.38,9.95,54.47693488005467,0,Normal / No Flood
2025,7,8,8.46,25.77,90.41,1.64,2025-07-08,22.18999999999997,58.31999999999996,261.41,0.3812528165840474,2329.8657,13.8744,10.35,3.38,40.22763688616406,0,Normal / No Flood
2025,7,9,9.68,26.5,83.22,1.4,2025-07-09,28.489999999999966,61.62999999999996,264.18,0.3397683397683401,2205.33,13.552,8.46,10.35,31.70290299860156,0,Normal / No Flood
2025,7,10,15.95,25.07,82.91,1.09,2025-07-10,34.08999999999996,61.53999999999997,275.65999999999997,0.4678791434438257,2078.5537,17.3855,9.68,8.46,33.4397029043125,0,Normal / No Flood
2025,7,11,13.03,24.14,84.07,1.56,2025-07-11,38.65999999999996,70.79999999999995,272.66,0.337040869115365,2029.4498,20.3268,15.95,9.68,37.61049944703906,0,Normal / No Flood
2025,7,12,4.65,25.34,86.65,1.42,2025-07-12,33.62999999999997,65.49999999999996,240.75000000000003,0.1382694023193578,2195.711,6.603,13.03,15.95,42.01713525058593,0,Normal / No Flood
2025,7,13,16.33,25.18,87.07,1.1,2025-07-13,34.00999999999996,78.44999999999996,208.08,0.4801528962069984,2192.4226,17.963,4.65,13.03,36.95578423885937,0,Normal / No Flood
2025,7,14,8.81,26.14,81.98,0.92,2025-07-14,29.789999999999964,76.90999999999997,162.3,0.2957368244377311,2142.9572000000003,8.1052,16.33,4.65,44.37189862839843,0,Normal / No Flood
2025,7,15,3.14,26.03,84.74,1.82,2025-07-15,28.27999999999996,71.58999999999996,129.91,0.1110325318246111,2205.7822,5.7148,8.81,16.33,42.38433689998437,0,Normal / No Flood
2025,7,16,6.32,25.31,84.67,2.76,2025-07-16,18.269999999999968,68.22999999999996,129.86,0.3459222769567603,2142.9977,17.4432,3.14,8.81,36.39041652315625,0,Normal / No Flood
2025,7,17,2.37,24.27,85.51,1.89,2025-07-17,11.829999999999966,54.64999999999995,116.19,0.200338123415047,2075.3277000000003,4.4793,6.32,3.14,33.66614576230468,0,Normal / No Flood
2025,7,18,4.5,26.32,79.88,1.11,2025-07-18,13.189999999999966,46.11999999999996,116.92,0.3411675511751336,2102.4416,4.995,2.37,6.32,26.284500023585935,0,Normal / No Flood
2025,7,19,1.12,26.32,84.87,1.45,2025-07-19,7.989999999999965,42.589999999999954,108.09,0.1401752190237803,2233.7784,1.624,4.5,2.37,22.61627347878906,0,Normal / No Flood
2025,7,20,15.81,26.11,86.69,1.6,2025-07-20,21.429999999999964,42.06999999999996,120.52,0.7377508166122271,2263.4759,25.296000000000003,1.12,4.5,18.90875151553906,0,Normal / No Flood
2025,7,21,28.18,24.09,91.06,1.99,2025-07-21,45.10999999999997,61.439999999999955,138.35,0.6246951895366886,2193.6354,56.0782,15.81,1.12,25.06116851432031,0,Normal / No Flood
2025,7,22,14.2,25.0,85.85,1.06,2025-07-22,58.18999999999997,72.49999999999996,144.09,0.2440281835366902,2146.25,15.052,28.18,15.81,42.854351711578126,0,Normal / No Flood
2025,7,23,8.5,26.08,87.56,1.58,2025-07-23,50.87999999999997,74.67999999999996,142.91000000000005,0.167059748427673,2283.5648,13.43,14.2,28.18,47.64057870621875,0,Normal / No Flood
2025,7,24,7.07,26.48,88.01,1.81,2025-07-24,29.769999999999964,79.37999999999995,134.03,0.2374874034262683,2330.5048,12.7967,8.5,14.2,45.99735178203906,0,Normal / No Flood
2025,7,25,8.93,26.72,84.93,1.2,2025-07-25,24.499999999999964,83.80999999999996,129.93,0.3644897959183679,2269.3296,10.716,7.07,8.5,44.46144647039062,0,Normal / No Flood
2025,7,26,0.96,26.82,86.45,1.16,2025-07-26,16.959999999999965,83.64999999999995,126.24,0.0566037735849057,2318.589,1.1136,8.93,7.07,44.15652213715624,0,Normal / No Flood
2025,7,27,10.79,26.59,88.63,1.77,2025-07-27,20.679999999999964,78.62999999999995,120.7,0.521760154738879,2356.6717,19.0983,0.96,8.93,38.043854428539056,0,Normal / No Flood
2025,7,28,19.66,26.23,89.99,2.05,2025-07-28,31.409999999999965,70.10999999999996,131.55,0.6259153135943974,2360.4377,40.303,10.79,0.96,37.20070106339062,0,Normal / No Flood
2025,7,29,19.35,24.24,91.17,2.36,2025-07-29,49.79999999999997,75.25999999999996,147.76,0.3885542168674701,2209.9608,45.666,19.66,10.79,40.65281290828125,0,Normal / No Flood
2025,7,30,13.98,24.78,88.34,1.49,2025-07-30,52.98999999999997,80.73999999999995,155.42,0.2638233628986603,2189.0652,20.8302,19.35,19.66,47.13302551648438,0,Normal / No Flood
2025,7,31,14.97,25.01,90.39,2.06,2025-07-31,48.29999999999997,88.63999999999996,168.01999999999998,0.309937888198758,2260.6539,30.8382,13.98,19.35,49.62990222617968,0,Normal / No Flood
2025,8,1,16.8,25.48,89.36,1.8,2025-08-01,45.74999999999997,96.50999999999996,180.32,0.3672131147540986,2276.8928,30.24,14.97,13.98,52.983408880226555,0,Normal / No Flood
2025,8,2,9.73,25.39,91.41,2.08,2025-08-02,41.49999999999997,105.27999999999996,188.93,0.2344578313253013,2320.8999,20.2384,16.8,14.97,56.882557159593745,0,Normal / No Flood
2025,8,3,13.35,25.23,92.86,1.81,2025-08-03,39.87999999999997,107.83999999999996,186.47000000000003,0.3347542627883653,2342.8578,24.1635,9.73,16.8,56.35908268161718,0,Normal / No Flood
2025,8,4,24.62,25.57,90.31,2.21,2025-08-04,47.69999999999997,112.79999999999995,182.91000000000005,0.516142557651992,2309.2267,54.4102,13.35,9.73,56.31254751420312,0,Normal / No Flood
2025,8,5,36.9,25.24,92.06,1.93,2025-08-05,74.86999999999998,130.34999999999997,205.61,0.4928542807533059,2323.5944,71.217,24.62,13.35,63.43550166480468,1,7-Day Antecedent Saturation (130.3mm)
2025,8,6,20.03,24.61,90.28,1.44,2025-08-06,81.54999999999997,136.39999999999998,217.14,0.2456161863887186,2221.7908,28.8432,36.9,24.62,80.01248475557811,0,Normal / No Flood
2025,8,7,4.0,25.3,87.42,1.88,2025-08-07,60.92999999999997,125.42999999999996,214.07,0.0656491055309371,2211.726,7.52,20.03,36.9,81.22669450219531,0,Normal / No Flood
2025,8,8,19.17,25.67,88.58,1.76,2025-08-08,43.19999999999997,127.79999999999995,224.31,0.4437500000000003,2273.8486000000003,33.739200000000004,4.0,20.03,68.36350716703124,0,Normal / No Flood
2025,8,9,6.42,25.56,85.18,1.32,2025-08-09,29.589999999999968,124.48999999999997,229.77,0.2169651909428863,2177.2008,8.474400000000001,19.17,4.0,69.8256402713203,0,Normal / No Flood
2025,8,10,3.93,25.24,88.55,1.56,2025-08-10,29.519999999999968,115.06999999999996,222.91,0.1331300813008131,2235.002,6.130800000000001,6.42,19.17,62.157461421992174,0,Normal / No Flood
2025,8,11,30.62,24.07,93.72,1.52,2025-08-11,40.96999999999997,121.06999999999996,233.87,0.747376128874787,2255.8404,46.5424,3.93,6.42,52.53659369942187,1,7-Day Antecedent Saturation (121.1mm)
2025,8,12,12.17,24.03,92.03,1.53,2025-08-12,46.71999999999996,96.33999999999996,226.69,0.2604880136986303,2211.4809,18.6201,30.62,3.93,63.974387918046865,0,Normal / No Flood
2025,8,13,8.74,25.09,89.57,1.73,2025-08-13,51.529999999999966,85.04999999999995,221.45,0.1696099359596352,2247.3113,15.1202,12.17,30.62,54.667829356398435,0,Normal / No Flood
2025,8,14,42.25,24.2,93.43,1.48,2025-08-14,63.15999999999997,123.29999999999995,248.73,0.6689360354654849,2261.0060000000003,62.53,8.74,12.17,48.43866973640624,1,7-Day Antecedent Saturation (123.3mm)
2025,8,15,8.65,24.71,91.58,1.47,2025-08-15,59.639999999999965,112.77999999999996,240.58,0.1450368879946345,2262.9418,12.7155,42.25,8.74,75.99540717578905,0,Normal / No Flood
2025,8,16,7.94,24.71,91.9,1.71,2025-08-16,58.83999999999997,114.29999999999995,238.79,0.1349422161794698,2270.849,13.5774,8.65,42.25,66.72495273442186,0,Normal / No Flood
2025,8,17,15.08,24.99,83.65,1.51,2025-08-17,31.66999999999997,125.44999999999996,240.52,0.4761604041679828,2090.4135,22.7708,7.94,8.65,61.715820653507805,0,Normal / No Flood
2025,8,18,17.82,25.09,85.39,1.23,2025-08-18,40.83999999999997,112.64999999999996,233.72,0.4363369245837418,2142.4351,21.9186,15.08,7.94,64.2055597920781,0,Normal / No Flood
2025,8,19,7.17,25.3,83.87,1.15,2025-08-19,40.069999999999965,107.64999999999996,203.99,0.1789368604941354,2121.911,8.2455,17.82,15.08,61.37806594657031,0,Normal / No Flood
2025,8,20,16.55,24.75,86.64,1.19,2025-08-20,41.53999999999997,115.45999999999997,200.51,0.3984111699566686,2144.34,19.6945,7.17,17.82,54.94964636485937,0,Normal / No Flood
2025,8,21,1.8,25.24,86.25,1.25,2025-08-21,25.519999999999964,75.00999999999995,198.31,0.0705329153605016,2176.95,2.25,16.55,7.17,58.39313222128904,0,Normal / No Flood
2025,8,22,2.11,25.31,88.29,1.4,2025-08-22,20.459999999999965,68.46999999999996,181.25,0.1031280547409581,2234.6199,2.9539999999999997,1.8,16.55,39.65143770519531,0,Normal / No Flood
2025,8,23,11.79,24.06,93.76,1.7,2025-08-23,15.69999999999996,72.31999999999995,186.62,0.7509554140127407,2255.8656,20.043,2.11,1.8,33.14017900782812,0,Normal / No Flood
2025,8,24,12.7,25.07,84.01,1.59,2025-08-24,26.59999999999996,69.93999999999996,195.39,0.4774436090225571,2106.1307,20.193,11.79,2.11,36.02707738784374,0,Normal / No Flood
2025,8,25,54.47,24.32,86.64,0.72,2025-08-25,78.95999999999995,106.58999999999996,219.24,0.6898429584599801,2107.0848,39.218399999999995,12.7,11.79,37.30885866207812,1,Historical Disaster Record; 3-Day Saturated Runoff (79.0mm)
2025,8,26,11.88,23.74,90.62,2.13,2025-08-26,79.04999999999997,111.29999999999995,218.95,0.1502846299810247,2151.3188,25.3044,54.47,12.7,73.1562487065703,0,Normal / No Flood
2025,8,27,5.53,24.93,90.27,1.24,2025-08-27,71.87999999999997,100.27999999999996,215.74,0.0769337785197551,2250.4311,6.857200000000001,11.88,54.47,70.32705433605467,0,Normal / No Flood
2025,8,28,11.98,25.24,89.34,1.39,2025-08-28,29.389999999999965,110.45999999999997,185.47,0.4076216400136105,2254.9416,16.6522,5.53,11.88,59.96877799624998,0,Normal / No Flood
2025,8,29,20.77,24.11,90.36,2.14,2025-08-29,38.27999999999996,129.11999999999995,197.59,0.5425809822361553,2178.5796,44.4478,11.98,5.53,60.665978351742176,0,Normal / No Flood
2025,8,30,12.99,24.24,88.99,1.53,2025-08-30,45.73999999999996,130.31999999999996,202.64,0.2839965019676435,2157.1175999999996,19.8747,20.77,11.98,68.64562659114844,0,Normal / No Flood
2025,8,31,42.89,23.27,94.56,1.6,2025-08-31,76.64999999999996,160.50999999999996,230.45,0.5595564253098503,2200.4112,68.62400000000001,12.99,20.77,66.1776193122656,1,Historical Disaster Record; 3-Day Saturated Runoff (76.6mm); 7-Day Antecedent Saturation (160.5mm)
2025,9,1,49.9,22.93,92.43,1.52,2025-09-01,105.77999999999996,155.93999999999997,262.53,0.471733787105313,2119.4199000000003,75.848,42.89,12.99,89.24684674742969,1,Historical Disaster Record; 3-Day Saturated Runoff (105.8mm); 7-Day Antecedent Saturation (155.9mm)
2025,9,2,44.67,22.51,90.05,2.43,2025-09-02,137.45999999999995,188.72999999999996,300.03,0.3249672632038412,2027.0255,108.5481,49.9,42.89,103.43226083643752,1,Historical Disaster Record; 3-Day Saturated Runoff (137.5mm); 7-Day Antecedent Saturation (188.7mm)
2025,9,3,42.55,23.45,87.65,2.32,2025-09-03,137.11999999999998,225.74999999999997,326.03,0.3103121353558927,2055.3925,98.71599999999998,44.67,49.9,122.6497342735078,1,Historical Disaster Record; 3-Day Saturated Runoff (137.1mm); 7-Day Antecedent Saturation (225.7mm)
2025,9,4,14.64,24.28,84.09,0.86,2025-09-04,101.85999999999996,228.4099999999999,338.87,0.1437266836834872,2041.7052,12.5904,42.55,44.67,138.9129015290156,0,Normal / No Flood
2025,9,5,3.17,25.01,82.88,1.31,2025-09-05,60.35999999999997,210.80999999999997,339.93,0.0525182239893969,2072.8288,4.1527,14.64,42.55,127.25552980969528,0,Normal / No Flood
2025,9,6,14.62,24.74,89.27,1.32,2025-09-06,32.429999999999964,212.4399999999999,342.76,0.4508171446191802,2208.5397999999996,19.2984,3.17,14.64,105.20207213317968,0,Normal / No Flood
2025,9,7,9.95,24.74,87.75,1.0,2025-09-07,27.739999999999963,179.49999999999997,340.01,0.3586878154289838,2170.935,9.95,14.62,3.17,98.3091093929453,0,Normal / No Flood
2025,9,8,2.41,24.3,90.31,1.47,2025-09-08,26.979999999999965,132.00999999999996,287.95,0.0893254262416606,2194.533,3.5427,9.95,14.62,80.3331243650781,0,Normal / No Flood
2025,9,9,0.5,24.41,91.58,2.14,2025-09-09,12.859999999999964,87.83999999999995,276.57,0.0388802488335926,2235.4678,1.07,2.41,9.95,56.734378510867174,0,Normal / No Flood
2025,9,10,4.24,24.43,93.09,3.34,2025-09-10,7.149999999999965,49.52999999999996,275.28000000000003,0.593006993006996,2274.1887,14.1616,0.5,2.41,36.47706998074218,0,Normal / No Flood
2025,9,11,6.16,23.31,91.71,2.48,2025-09-11,10.899999999999965,41.049999999999955,269.46,0.5651376146789009,2137.7600999999995,15.2768,4.24,0.5,23.015037643218747,0,Normal / No Flood
2025,9,12,3.66,23.47,92.4,2.0,2025-09-12,14.059999999999963,41.53999999999996,252.35,0.2603129445234715,2168.628,7.32,6.16,4.24,20.80952071016406,0,Normal / No Flood
2025,9,13,9.26,23.36,90.28,1.17,2025-09-13,19.079999999999963,36.17999999999996,248.62,0.4853249475890994,2108.9408,10.8342,3.66,6.16,19.935297639265624,0,Normal / No Flood
2025,9,14,8.48,24.28,88.65,1.63,2025-09-14,21.399999999999963,34.70999999999996,214.21,0.3962616822429913,2152.422,13.8224,9.26,3.66,20.83219151730469,0,Normal / No Flood
2025,9,15,29.71,23.37,90.39,1.45,2025-09-15,47.44999999999996,62.009999999999955,194.02,0.6261327713382513,2112.4143,43.0795,8.48,9.26,22.20408206557031,0,Normal / No Flood
2025,9,16,25.72,23.64,90.75,1.9,2025-09-16,63.90999999999997,87.22999999999996,175.07,0.4024409325614146,2145.33,48.867999999999995,29.71,8.48,43.47026759039062,0,Normal / No Flood
2025,9,17,4.49,23.87,88.54,1.6,2025-09-17,59.91999999999996,87.47999999999995,137.01,0.0749332443257677,2113.4498000000003,7.184000000000001,25.72,29.71,58.67548218931249,0,Normal / No Flood
2025,9,18,13.33,23.65,91.47,1.89,2025-09-18,43.53999999999997,94.64999999999996,135.7,0.3061552595314655,2163.2655,25.1937,4.49,25.72,52.535300034749994,0,Normal / No Flood
2025,9,19,3.0,23.92,89.42,1.89,2025-09-19,20.81999999999996,93.98999999999997,135.53,0.1440922190201732,2138.9264000000003,5.67,13.33,4.49,54.30696339529687,0,Normal / No Flood
2025,9,20,0.15,23.36,91.14,2.09,2025-09-20,16.47999999999996,84.87999999999995,121.06,0.0091019417475728,2129.0304,0.3134999999999999,3.0,13.33,47.71360356435937,0,Normal / No Flood
2025,9,21,0.0,23.39,90.82,2.21,2025-09-21,3.149999999999961,76.39999999999995,111.11,0.0,2124.2798,0.0,0.15,3.0,38.16080076784374,0,Normal / No Flood
2025,9,22,0.0,23.71,86.86,1.89,2025-09-22,0.1499999999999609,46.689999999999955,108.7,0.0,2059.4506,0.0,0.0,0.15,30.12596100033593,0,Normal / No Flood
2025,9,23,0.0,23.88,83.14,1.97,2025-09-23,0.0,20.969999999999956,108.2,0.0,1985.3832,0.0,0.0,0.0,17.511373351375,0,Normal / No Flood
2025,9,24,0.0,23.89,84.09,1.87,2025-09-24,0.0,16.479999999999954,103.96,0.0,2008.9101,0.0,0.0,0.0,7.876211044664061,0,Normal / No Flood
2025,9,25,0.0,23.91,84.09,1.76,2025-09-25,0.0,3.1499999999999573,97.8,0.0,2010.5919,0.0,0.0,0.0,5.4712969305390615,0,Normal / No Flood
2025,9,26,0.0,24.15,86.11,1.89,2025-09-26,0.0,0.1499999999999573,94.14,0.0,2079.5564999999997,0.0,0.0,0.0,1.0183036921874995,0,Normal / No Flood
2025,9,27,0.0,25.53,80.94,1.3,2025-09-27,0.0,0.0,84.88,0.0,2066.3982,0.0,0.0,0.0,0.0480865632421874,0,Normal / No Flood
2025,9,28,0.0,24.93,84.78,1.36,2025-09-28,0.0,0.0,76.39999999999999,0.0,2113.5654,0.0,0.0,0.0,0.0,0,Normal / No Flood
2025,9,29,0.46,24.47,80.55,1.48,2025-09-29,0.4599999999999609,0.4599999999999574,47.150000000000006,1.000000000000085,1971.0585,0.6808000000000001,0.0,0.0,0.0,0,Normal / No Flood
2025,9,30,0.2,24.4,77.72,1.23,2025-09-30,0.659999999999961,0.6599999999999574,21.63,0.3030303030303209,1896.368,0.246,0.46,0.0,0.391,0,Normal / No Flood
2025,10,1,0.08,24.07,81.65,1.25,2025-10-01,0.7399999999999609,0.7399999999999574,17.220000000000002,0.1081081081081138,1965.3155,0.1,0.2,0.46,0.50235,0,Normal / No Flood
2025,10,2,2.77,24.06,84.0,1.16,2025-10-02,3.0499999999999607,3.509999999999957,6.66,0.9081967213114872,2021.04,3.2131999999999996,0.08,0.2,0.4949975,0,Normal / No Flood
2025,10,3,0.84,23.17,88.73,1.13,2025-10-03,3.68999999999996,4.349999999999958,4.5,0.2276422764227666,2055.8741000000005,0.9491999999999998,2.77,0.08,2.775247875,0,Normal / No Flood
2025,10,4,0.71,23.08,85.44,1.75,2025-10-04,4.319999999999961,5.059999999999958,5.06,0.1643518518518533,1971.9552,1.2425,0.84,2.77,3.0729606937499994,0,Normal / No Flood
2025,10,5,2.96,22.51,75.27,1.19,2025-10-05,4.509999999999961,8.019999999999957,8.02,0.6563192904656376,1694.3277,3.5224,0.71,0.84,3.2155165896875,0,Normal / No Flood
2025,10,6,23.13,20.07,77.56,1.75,2025-10-06,26.79999999999996,30.689999999999955,31.15,0.8630597014925385,1556.6292,40.4775,2.96,0.71,5.249189101234375,0,Normal / No Flood
2025,10,7,10.7,18.71,80.64,1.91,2025-10-07,36.78999999999996,41.189999999999955,41.849999999999994,0.2908399021473229,1508.7744,20.437,23.13,2.96,23.996965094531248,0,Normal / No Flood
2025,10,8,17.72,18.95,85.3,1.54,2025-10-08,51.549999999999955,58.82999999999995,59.56999999999999,0.3437439379243456,1616.435,27.2888,10.7,23.13,29.437922225343748,0,Normal / No Flood
2025,10,9,1.03,19.65,81.34,1.04,2025-10-09,29.44999999999996,57.089999999999954,60.599999999999994,0.034974533106961,1598.331,1.0712000000000002,17.72,10.7,40.06243464953906,0,Normal / No Flood
2025,10,10,0.11,19.84,80.1,1.17,2025-10-10,18.85999999999996,56.35999999999996,60.709999999999994,0.0058324496288441,1589.184,0.1286999999999999,1.03,17.72,34.173770697749994,0,Normal / No Flood
2025,10,11,0.0,19.8,84.1,1.54,2025-10-11,1.139999999999961,55.64999999999995,60.709999999999994,0.0,1665.1799999999998,0.0,0.11,1.03,28.91231305205468,0,Normal / No Flood
2025,10,12,0.0,19.92,79.55,1.43,2025-10-12,0.1099999999999609,52.689999999999955,60.709999999999994,0.0,1584.636,0.0,0.0,0.11,24.381997821468747,0,Normal / No Flood
2025,10,13,0.0,19.59,80.93,1.67,2025-10-13,0.0,29.559999999999956,60.24999999999999,0.0,1585.4187000000002,0.0,0.0,0.0,19.918126194132807,0,Normal / No Flood
2025,10,14,0.0,19.44,80.83,1.5,2025-10-14,0.0,18.859999999999957,60.05,0.0,1571.3352,0.0,0.0,0.0,10.627701420859372,0,Normal / No Flood
2025,10,15,0.0,20.1,84.31,1.33,2025-10-15,0.0,1.1399999999999575,59.96999999999999,0.0,1694.631,0.0,0.0,0.0,6.1178975898124985,0,Normal / No Flood
2025,10,16,0.0,20.96,85.01,1.36,2025-10-16,0.0,0.1099999999999573,57.2,0.0,1781.8096000000005,0.0,0.0,0.0,0.3716808476484374,0,Normal / No Flood
2025,10,17,0.0,20.82,81.68,1.37,2025-10-17,0.0,0.0,56.35999999999999,0.0,1700.5776,0.0,0.0,0.0,0.0352634797109374,0,Normal / No Flood
2025,10,18,0.0,21.01,77.76,1.25,2025-10-18,0.0,0.0,55.64999999999999,0.0,1633.7376000000002,0.0,0.0,0.0,0.0,0,Normal / No Flood
2025,10,19,0.0,20.95,74.02,1.31,2025-10-19,0.0,0.0,52.69,0.0,1550.7189999999998,0.0,0.0,0.0,0.0,0,Normal / No Flood
2025,10,20,0.0,20.96,74.04,1.11,2025-10-20,0.0,0.0,29.56,0.0,1551.8784000000005,0.0,0.0,0.0,0.0,0,Normal / No Flood
2025,10,21,0.14,20.88,69.52,1.13,2025-10-21,0.1399999999999609,0.1399999999999573,19.0,1.000000000000279,1451.5775999999998,0.1582,0.0,0.0,0.0,0,Normal / No Flood
2025,10,22,0.53,20.64,68.29,1.23,2025-10-22,0.669999999999961,0.6699999999999574,1.81,0.7910447761194491,1409.5056000000002,0.6519,0.14,0.0,0.119,0,Normal / No Flood
2025,10,23,4.39,20.79,65.05,1.06,2025-10-23,5.0599999999999605,5.059999999999957,5.17,0.8675889328063309,1352.3895,4.6533999999999995,0.53,0.14,0.55165,0,Normal / No Flood
2025,10,24,0.25,20.56,71.1,1.29,2025-10-24,5.169999999999961,5.309999999999957,5.31,0.0483558994197295,1461.8159999999998,0.3225,4.39,0.53,4.2004025,0,Normal / No Flood
2025,10,25,0.0,19.44,73.76,1.25,2025-10-25,4.639999999999961,5.309999999999957,5.31,0.0,1433.8944,0.0,0.25,4.39,3.7828421249999993,0,Normal / No Flood
2025,10,26,0.0,19.48,74.48,1.31,2025-10-26,0.2499999999999609,5.309999999999957,5.31,0.0,1450.8704,0.0,0.0,0.25,3.2154158062499993,0,Normal / No Flood
2025,10,27,0.0,20.27,71.34,1.12,2025-10-27,0.0,5.309999999999957,5.31,0.0,1446.0618,0.0,0.0,0.0,2.733103435312499,0,Normal / No Flood
2025,10,28,0.0,19.34,73.16,1.4,2025-10-28,0.0,5.169999999999957,5.31,0.0,1414.9144,0.0,0.0,0.0,2.3231379200156246,0,Normal / No Flood
2025,10,29,0.0,19.65,72.02,1.12,2025-10-29,0.0,4.639999999999957,5.31,0.0,1415.1929999999998,0.0,0.0,0.0,1.936518558507812,0,Normal / No Flood
2025,10,30,0.0,20.71,73.46,1.21,2025-10-30,0.0,0.2499999999999573,5.31,0.0,1521.3565999999998,0.0,0.0,0.0,1.501620796460937,0,Normal / No Flood
2025,10,31,0.0,19.6,83.75,1.56,2025-10-31,0.0,0.0,5.31,0.0,1641.5000000000002,0.0,0.0,0.0,0.0801442720703124,0,Normal / No Flood
2025,11,1,0.0,19.17,72.04,1.58,2025-11-01,0.0,0.0,5.31,0.0,1381.0068000000003,0.0,0.0,0.0,0.0,0,Normal / No Flood
2025,11,2,0.0,18.05,72.67,1.88,2025-11-02,0.0,0.0,5.31,0.0,1311.6935,0.0,0.0,0.0,0.0,0,Normal / No Flood
2025,11,3,0.0,17.56,69.82,1.74,2025-11-03,0.0,0.0,5.31,0.0,1226.0391999999997,0.0,0.0,0.0,0.0,0,Normal / No Flood
2025,11,4,0.3,17.53,61.86,1.59,2025-11-04,0.2999999999999609,0.2999999999999573,5.47,1.0000000000001303,1084.4058,0.477,0.0,0.0,0.0,0,Normal / No Flood
2025,11,5,0.44,16.89,68.94,1.61,2025-11-05,0.7399999999999609,0.7399999999999574,5.38,0.594594594594626,1164.3966,0.7084,0.3,0.0,0.255,0,Normal / No Flood
2025,11,6,0.0,16.14,63.06,1.4,2025-11-06,0.7399999999999609,0.7399999999999574,0.99,0.0,1017.7884,0.0,0.44,0.3,0.59075,0,Normal / No Flood
2025,11,7,0.0,16.23,51.52,1.26,2025-11-07,0.4399999999999609,0.7399999999999574,0.74,0.0,836.1696000000001,0.0,0.0,0.44,0.5021374999999999,0,Normal / No Flood
2025,11,8,0.0,16.26,53.42,1.3,2025-11-08,0.0,0.7399999999999574,0.74,0.0,868.6092000000001,0.0,0.0,0.0,0.426816875,0,Normal / No Flood
2025,11,9,0.0,15.47,58.84,1.32,2025-11-09,0.0,0.7399999999999574,0.74,0.0,910.2548,0.0,0.0,0.0,0.3627943437499999,0,Normal / No Flood
2025,11,10,0.0,16.06,55.39,1.27,2025-11-10,0.0,0.7399999999999574,0.74,0.0,889.5633999999999,0.0,0.0,0.0,0.3083751921875,0,Normal / No Flood
2025,11,11,0.0,15.22,58.57,1.42,2025-11-11,0.0,0.4399999999999573,0.74,0.0,891.4354000000001,0.0,0.0,0.0,0.2621189133593749,0,Normal / No Flood
2025,11,12,0.0,14.72,56.8,1.64,2025-11-12,0.0,0.0,0.74,0.0,836.096,0.0,0.0,0.0,0.1410539188437499,0,Normal / No Flood
2025,11,13,0.0,14.42,60.58,1.65,2025-11-13,0.0,0.0,0.74,0.0,873.5636,0.0,0.0,0.0,0.0,0,Normal / No Flood
2025,11,14,0.0,14.36,58.76,1.51,2025-11-14,0.0,0.0,0.74,0.0,843.7936,0.0,0.0,0.0,0.0,0,Normal / No Flood
2025,11,15,0.0,14.09,58.4,1.66,2025-11-15,0.0,0.0,0.74,0.0,822.856,0.0,0.0,0.0,0.0,0,Normal / No Flood
2025,11,16,0.0,13.93,60.34,1.74,2025-11-16,0.0,0.0,0.74,0.0,840.5362,0.0,0.0,0.0,0.0,0,Normal / No Flood
2025,11,17,0.0,14.34,60.01,1.36,2025-11-17,0.0,0.0,0.74,0.0,860.5434,0.0,0.0,0.0,0.0,0,Normal / No Flood
2025,11,18,0.0,15.05,59.01,1.29,2025-11-18,0.0,0.0,0.44,0.0,888.1005,0.0,0.0,0.0,0.0,0,Normal / No Flood
2025,11,19,0.0,15.8,60.42,1.28,2025-11-19,0.0,0.0,0.0,0.0,954.636,0.0,0.0,0.0,0.0,0,Normal / No Flood
2025,11,20,0.0,15.75,61.21,1.17,2025-11-20,0.0,0.0,0.0,0.0,964.0575,0.0,0.0,0.0,0.0,0,Normal / No Flood
2025,11,21,0.0,15.2,57.45,1.23,2025-11-21,0.0,0.0,0.0,0.0,873.24,0.0,0.0,0.0,0.0,0,Normal / No Flood
2025,11,22,0.0,14.0,64.93,1.37,2025-11-22,0.0,0.0,0.0,0.0,909.02,0.0,0.0,0.0,0.0,0,Normal / No Flood
2025,11,23,0.0,14.01,63.41,1.25,2025-11-23,0.0,0.0,0.0,0.0,888.3740999999999,0.0,0.0,0.0,0.0,0,Normal / No Flood
2025,11,24,0.0,13.6,59.67,1.43,2025-11-24,0.0,0.0,0.0,0.0,811.5120000000001,0.0,0.0,0.0,0.0,0,Normal / No Flood
2025,11,25,0.0,13.14,61.44,1.39,2025-11-25,0.0,0.0,0.0,0.0,807.3216,0.0,0.0,0.0,0.0,0,Normal / No Flood
2025,11,26,0.0,13.65,60.28,1.31,2025-11-26,0.0,0.0,0.0,0.0,822.822,0.0,0.0,0.0,0.0,0,Normal / No Flood
2025,11,27,0.0,13.96,57.84,1.29,2025-11-27,0.0,0.0,0.0,0.0,807.4464000000002,0.0,0.0,0.0,0.0,0,Normal / No Flood
2025,11,28,0.0,14.33,53.37,1.36,2025-11-28,0.0,0.0,0.0,0.0,764.7921,0.0,0.0,0.0,0.0,0,Normal / No Flood
2025,11,29,0.0,13.76,53.25,1.11,2025-11-29,0.0,0.0,0.0,0.0,732.72,0.0,0.0,0.0,0.0,0,Normal / No Flood
2025,11,30,0.0,13.43,51.38,1.26,2025-11-30,0.0,0.0,0.0,0.0,690.0334,0.0,0.0,0.0,0.0,0,Normal / No Flood
2025,12,1,0.0,13.29,56.03,1.25,2025-12-01,0.0,0.0,0.0,0.0,744.6387,0.0,0.0,0.0,0.0,0,Normal / No Flood
2025,12,2,0.0,11.75,57.39,1.34,2025-12-02,0.0,0.0,0.0,0.0,674.3325,0.0,0.0,0.0,0.0,0,Normal / No Flood
2025,12,3,0.0,11.47,55.16,1.34,2025-12-03,0.0,0.0,0.0,0.0,632.6852,0.0,0.0,0.0,0.0,0,Normal / No Flood
2025,12,4,0.0,12.14,49.89,1.14,2025-12-04,0.0,0.0,0.0,0.0,605.6646000000001,0.0,0.0,0.0,0.0,0,Normal / No Flood
2025,12,5,0.0,12.85,46.77,1.15,2025-12-05,0.0,0.0,0.0,0.0,600.9945,0.0,0.0,0.0,0.0,0,Normal / No Flood
2025,12,6,0.0,12.7,50.01,1.88,2025-12-06,0.0,0.0,0.0,0.0,635.127,0.0,0.0,0.0,0.0,0,Normal / No Flood
2025,12,7,0.0,12.77,50.12,1.63,2025-12-07,0.0,0.0,0.0,0.0,640.0323999999999,0.0,0.0,0.0,0.0,0,Normal / No Flood
2025,12,8,0.0,12.97,51.15,1.72,2025-12-08,0.0,0.0,0.0,0.0,663.4155000000001,0.0,0.0,0.0,0.0,0,Normal / No Flood
2025,12,9,0.0,12.73,48.4,1.75,2025-12-09,0.0,0.0,0.0,0.0,616.132,0.0,0.0,0.0,0.0,0,Normal / No Flood
2025,12,10,0.0,12.78,49.71,1.67,2025-12-10,0.0,0.0,0.0,0.0,635.2938,0.0,0.0,0.0,0.0,0,Normal / No Flood
2025,12,11,0.0,12.51,52.64,1.75,2025-12-11,0.0,0.0,0.0,0.0,658.5264,0.0,0.0,0.0,0.0,0,Normal / No Flood
2025,12,12,0.0,13.07,52.5,1.28,2025-12-12,0.0,0.0,0.0,0.0,686.1750000000001,0.0,0.0,0.0,0.0,0,Normal / No Flood
2025,12,13,0.0,12.39,56.07,0.89,2025-12-13,0.0,0.0,0.0,0.0,694.7073,0.0,0.0,0.0,0.0,0,Normal / No Flood
2025,12,14,0.0,14.31,53.26,1.06,2025-12-14,0.0,0.0,0.0,0.0,762.1506,0.0,0.0,0.0,0.0,0,Normal / No Flood
2025,12,15,0.0,14.43,50.74,1.51,2025-12-15,0.0,0.0,0.0,0.0,732.1782000000001,0.0,0.0,0.0,0.0,0,Normal / No Flood
2025,12,16,0.0,13.78,48.8,1.69,2025-12-16,0.0,0.0,0.0,0.0,672.4639999999999,0.0,0.0,0.0,0.0,0,Normal / No Flood
2025,12,17,0.0,13.42,54.85,1.72,2025-12-17,0.0,0.0,0.0,0.0,736.087,0.0,0.0,0.0,0.0,0,Normal / No Flood
2025,12,18,0.0,12.98,59.51,1.33,2025-12-18,0.0,0.0,0.0,0.0,772.4398,0.0,0.0,0.0,0.0,0,Normal / No Flood
2025,12,19,0.0,13.22,49.88,1.44,2025-12-19,0.0,0.0,0.0,0.0,659.4136000000001,0.0,0.0,0.0,0.0,0,Normal / No Flood
2025,12,20,0.0,12.71,52.83,1.14,2025-12-20,0.0,0.0,0.0,0.0,671.4693,0.0,0.0,0.0,0.0,0,Normal / No Flood
2025,12,21,0.0,14.65,58.17,0.91,2025-12-21,0.0,0.0,0.0,0.0,852.1905,0.0,0.0,0.0,0.0,0,Normal / No Flood
2025,12,22,0.0,15.04,60.29,1.15,2025-12-22,0.0,0.0,0.0,0.0,906.7616,0.0,0.0,0.0,0.0,0,Normal / No Flood
2025,12,23,0.0,13.1,60.37,1.67,2025-12-23,0.0,0.0,0.0,0.0,790.847,0.0,0.0,0.0,0.0,0,Normal / No Flood
2025,12,24,0.0,11.26,58.84,1.73,2025-12-24,0.0,0.0,0.0,0.0,662.5384,0.0,0.0,0.0,0.0,0,Normal / No Flood
2025,12,25,0.0,11.72,49.68,1.16,2025-12-25,0.0,0.0,0.0,0.0,582.2496,0.0,0.0,0.0,0.0,0,Normal / No Flood
2025,12,26,0.0,10.63,55.58,1.02,2025-12-26,0.0,0.0,0.0,0.0,590.8154000000001,0.0,0.0,0.0,0.0,0,Normal / No Flood
2025,12,27,0.0,11.11,49.57,1.47,2025-12-27,0.0,0.0,0.0,0.0,550.7227,0.0,0.0,0.0,0.0,0,Normal / No Flood
2025,12,28,0.0,11.95,46.3,1.25,2025-12-28,0.0,0.0,0.0,0.0,553.285,0.0,0.0,0.0,0.0,0,Normal / No Flood
2025,12,29,0.0,12.02,48.4,1.32,2025-12-29,0.0,0.0,0.0,0.0,581.7679999999999,0.0,0.0,0.0,0.0,0,Normal / No Flood
2025,12,30,0.0,12.47,47.09,1.37,2025-12-30,0.0,0.0,0.0,0.0,587.2123,0.0,0.0,0.0,0.0,0,Normal / No Flood
2025,12,31,0.0,11.0,53.97,1.45,2025-12-31,0.0,0.0,0.0,0.0,593.67,0.0,0.0,0.0,0.0,0,Normal / No Flood
